gene,base_mean,log2fc,pvalue,padj
ACTB1,693.214,0.0821,1.0,1.0
BRCA1,19.004,0.18586,1.0,1.0
CDK1,3.973,0.14052,1.0,1.0
EGFR1,63.464,-0.41434,0.7147564041805595,1.0
FOX1,14.408,0.03052,1.0,1.0
GATA1,1087.777,0.20887,0.5882406549797429,1.0
HIF1,13.218,-0.3789,0.46218511548981545,1.0
IL1,82.973,0.35638,0.5123991359154517,1.0
JAK1,40.157,-0.35824,0.46271255127104066,1.0
KRAS1,67.388,0.00771,0.8922788211583952,1.0
LDH1,30.687,0.23808,0.46590792578808043,1.0
MYC1,198.32,0.1456,0.44643382204772475,1.0
NFK1,119.666,2.62249,2.3882877653135653e-06,0.00043423413914792097
PTEN1,11.248,0.32256,0.3560255123204395,1.0
RAS1,1518.991,-0.27041,0.31039280356480564,1.0
STAT1,1824.344,-0.0847,1.0,1.0
TP1,416.848,0.00762,0.6601936360173049,1.0
VEGF1,26.32,0.03874,0.5413159079616617,1.0
WNT1,9.822,-0.72091,0.2024279631752938,1.0
ZEB1,86.874,0.07294,0.7215416088759637,1.0
ACTB2,24.121,-0.08944,1.0,1.0
BRCA2,0.978,0.06755,1.0,1.0
CDK2,1.858,0.17306,0.9048654059156116,1.0
EGFR2,25.376,-0.12644,0.865037955118017,1.0
FOX2,65.747,-0.51994,0.3212780004967374,1.0
GATA2,86.617,-0.17577,1.0,1.0
HIF2,136.34,0.39899,0.5699319970768427,1.0
IL2,530.128,0.89638,0.06279420649011586,1.0
JAK2,578.038,-0.04495,1.0,1.0
KRAS2,10.718,-0.27426,0.6554071287147651,1.0
LDH2,23.264,-0.19072,0.671721250338797,1.0
MYC2,5.84,0.20421,1.0,1.0
NFK2,24.593,-0.45264,0.4094331131348578,1.0
PTEN2,347.98,-0.43365,0.4907136711481992,1.0
RAS2,525.048,-0.26115,0.5786871652799448,1.0
STAT2,122.7,-0.36584,0.6869917613551877,1.0
TP2,698.737,-0.16979,0.4580196956248851,1.0
VEGF2,10.478,-0.04462,0.8413334440594127,1.0
WNT2,66.452,-0.15908,0.793709468134515,1.0
ZEB2,50.595,0.37798,0.25357055136519274,1.0
ACTB3,6.821,0.00297,0.4183102203052892,1.0
BRCA3,6.708,0.0401,1.0,1.0
CDK3,610.472,0.13975,0.7909359739213311,1.0
EGFR3,48.641,-0.20284,0.8962576548419994,1.0
FOX3,53.886,0.39216,0.5527747268768247,1.0
GATA3,67.584,-0.36322,0.39366801384642774,1.0
HIF3,69.087,-0.09839,0.7716703128260475,1.0
IL3,55.096,-0.17042,1.0,1.0
JAK3,154.393,-0.77939,0.07781318891907986,1.0
KRAS3,914.926,0.52391,0.20199858032407433,1.0
LDH3,205.914,-0.14396,0.9109248753139852,1.0
MYC3,18.29,-0.0971,0.8176922546599006,1.0
NFK3,17.878,0.10448,0.7742975485715433,1.0
PTEN3,22.715,0.42419,0.4688083358962046,1.0
RAS3,33.822,-0.03657,1.0,1.0
STAT3,125.535,0.38069,0.24471450051700547,1.0
TP3,121.567,1.76974,0.0004935397826804061,0.03948318261443249
VEGF3,21.606,0.08434,0.61048774632112,1.0
WNT3,11.456,0.22867,1.0,1.0
ZEB3,91.118,0.0062,0.9783827285046669,1.0
ACTB4,882.441,0.18012,0.6793671491940245,1.0
BRCA4,170.376,0.00602,0.5433730648138745,1.0
CDK4,47.469,0.38521,0.2972643520553178,1.0
EGFR4,3.284,0.32369,0.5028645405717135,1.0
FOX4,83.6,0.00284,0.7258799825327158,1.0
GATA4,688.993,0.05224,1.0,1.0
HIF4,804.711,1.94724,3.1517056902729595e-05,0.0033764821196037766
IL4,104.232,0.21349,0.3741194039244686,1.0
JAK4,6.883,0.04541,1.0,1.0
KRAS4,50.732,0.18591,0.5432435436407874,1.0
LDH4,1552.534,-0.14922,0.6748830786294807,1.0
MYC4,3.067,-0.74876,0.694228418182524,1.0
NFK4,18.454,0.04157,0.8569739239955063,1.0
PTEN4,71.0,-0.46568,0.5161652373789622,1.0
RAS4,27.601,-0.33446,0.9446868951306047,1.0
STAT4,159.375,0.14122,0.5363223938831866,1.0
TP4,236.779,-0.06273,1.0,1.0
VEGF4,99.585,-0.54396,0.2263764630581745,1.0
WNT4,18.471,0.3579,0.6221392454990017,1.0
ZEB4,502.441,0.63807,0.07644464347793307,1.0
ACTB5,180.938,0.06513,1.0,1.0
BRCA5,8.544,0.29709,0.7625131145876757,1.0
CDK5,1.551,-0.66574,0.8281180513911429,1.0
EGFR5,674.647,0.63849,0.09255356718426021,1.0
FOX5,34.856,-0.13956,0.3486154006708884,1.0
GATA5,56.825,0.0098,0.41769696563447545,1.0
HIF5,113.259,0.2367,0.91106983502198,1.0
IL5,5.058,0.00378,0.9922015153888225,1.0
JAK5,1.742,0.09583,0.85605251461301,1.0
KRAS5,11.73,0.23467,0.7981330787593813,1.0
LDH5,69.144,0.15284,0.5999029068838311,1.0
MYC5,5.053,-0.01437,1.0,1.0
NFK5,90.337,-0.13748,0.5973022600793098,1.0
PTEN5,246.577,-0.01533,1.0,1.0
RAS5,63.764,0.14864,0.3707127334219854,1.0
STAT5,15.797,-0.24896,0.7640853535031816,1.0
TP5,262.946,0.27437,0.9113750520248217,1.0
VEGF5,19.747,0.10533,0.5620568043533273,1.0
WNT5,17.204,-0.00368,0.7664828036349749,1.0
ZEB5,809.962,-0.09162,0.6014563856244248,1.0
ACTB6,7869.239,-0.92838,0.02148652043045575,1.0
BRCA6,12.054,0.17715,0.8690180209380971,1.0
CDK6,139.102,0.17698,1.0,1.0
EGFR6,156.227,0.20611,0.7674817326009263,1.0
FOX6,2540.733,-0.21293,0.7723683045853389,1.0
GATA6,2.308,0.05885,1.0,1.0
HIF6,70.535,0.0452,0.46737214069299016,1.0
IL6,66.79,-0.24689,0.9807641221371997,1.0
JAK6,220.631,-0.20549,1.0,1.0
KRAS6,653.219,-0.29076,0.6743839338554766,1.0
LDH6,1471.917,0.14622,0.4149764660373742,1.0
MYC6,119.792,0.18736,0.37628408003758557,1.0
NFK6,90.932,-0.09643,0.7621072219250339,1.0
PTEN6,15.897,-0.26211,0.6278203674294324,1.0
RAS6,9.353,0.09601,1.0,1.0
STAT6,735.638,-0.18099,0.37730295595548996,1.0
TP6,24.436,0.43177,0.41869427535858955,1.0
VEGF6,394.636,0.06366,0.3851625392474198,1.0
WNT6,56.364,0.22285,0.8462293337002902,1.0
ZEB6,206.683,0.62295,0.19590405479017628,1.0
ACTB7,121.998,0.40846,0.2543662635227858,1.0
BRCA7,46.651,-0.10854,0.8579596129522332,1.0
CDK7,1660.934,0.06773,1.0,1.0
EGFR7,771.692,0.29004,0.530288580207409,1.0
FOX7,66.849,-0.98051,0.12051604418213961,1.0
GATA7,5.952,0.24809,0.8276327781618683,1.0
HIF7,161.792,0.02996,0.7579819224185936,1.0
IL7,7.251,0.44807,0.853752397723037,1.0
JAK7,2299.824,0.25051,0.3937746196572736,1.0
KRAS7,819.541,0.31396,0.6150556947966068,1.0
LDH7,2999.442,0.31369,0.23435071906397492,1.0
MYC7,0.584,-0.10179,0.5186548444421994,1.0
NFK7,12.469,-0.38229,0.3786483001789997,1.0
PTEN7,86.452,-0.50384,0.4147789434134279,1.0
RAS7,8.07,0.10977,0.6804964476425168,1.0
STAT7,17.402,0.1506,0.7507823343605436,1.0
TP7,335.297,-0.08542,0.4897222673821278,1.0
VEGF7,55.237,-0.17492,0.6708662313212377,1.0
WNT7,45.344,0.23732,0.5865775037383238,1.0
ZEB7,26.353,-0.27447,0.5299430277008746,1.0
ACTB8,48.994,0.35074,0.80381296940947,1.0
BRCA8,4.456,-0.17365,0.9055498728808565,1.0
CDK8,45293.593,-0.33328,0.49917432956857727,1.0
EGFR8,7.336,0.22565,0.6700931042015478,1.0
FOX8,1155.071,-0.29771,0.742122731770609,1.0
GATA8,15.297,-0.05482,0.9910547092186321,1.0
HIF8,0.521,0.18467,0.607799821250581,1.0
IL8,1239.468,0.08182,1.0,1.0
JAK8,0.871,0.82333,0.26181897786238917,1.0
KRAS8,70.144,0.31829,0.4634625168984044,1.0
LDH8,126.917,-0.05656,0.8513357434784464,1.0
MYC8,8.192,0.27145,0.5263985811232663,1.0
NFK8,12.919,-0.14521,0.5638628104310422,1.0
PTEN8,113.883,-0.06975,0.5120113005018042,1.0
RAS8,79.335,0.22597,0.52298337839701,1.0
STAT8,8.435,0.019,1.0,1.0
TP8,1404.664,0.04585,1.0,1.0
VEGF8,34.738,0.11215,0.6479272943969955,1.0
WNT8,457.674,0.57255,0.15421663630661497,1.0
ZEB8,233.004,0.17986,0.9856471484680503,1.0
ACTB9,21.432,0.14614,0.8308469968950796,1.0
BRCA9,276.439,0.02283,0.860821350143286,1.0
CDK9,287.517,0.66953,0.11774529432614501,1.0
EGFR9,254.156,0.50267,0.37523014009940436,1.0
FOX9,86.502,-0.23861,1.0,1.0
GATA9,1.906,0.24305,0.7240075413002943,1.0
HIF9,876.885,-0.59799,0.14741875341944968,1.0
IL9,407.032,-0.19098,0.5006263666095486,1.0
JAK9,55.688,0.4057,0.20633234482683657,1.0
KRAS9,753.449,0.89891,0.030167873518010452,1.0
LDH9,1.277,-0.67326,0.3818610340625974,1.0
MYC9,16.884,0.13625,0.4073628368239861,1.0
NFK9,805.921,0.19848,0.28315663742104247,1.0
PTEN9,33.57,0.18818,1.0,1.0
RAS9,4726.709,-0.27878,0.24442763323770877,1.0
STAT9,294.052,0.158,1.0,1.0
TP9,227.936,-0.08302,1.0,1.0
VEGF9,120.42,-0.07322,0.9342831734205382,1.0
WNT9,833.05,-0.12607,0.6656713447182657,1.0
ZEB9,1679.409,-0.10894,0.7954511154202774,1.0
ACTB10,50.583,-0.05941,0.6005475394978552,1.0
BRCA10,679.745,-0.26227,0.44460838637711186,1.0
CDK10,8.901,0.41403,0.36111181447052954,1.0
EGFR10,190.148,0.58948,0.2981034565154473,1.0
FOX10,70.451,0.18651,0.49012593279496774,1.0
GATA10,39.459,0.19589,1.0,1.0
HIF10,131.979,0.25891,0.8459678548871522,1.0
IL10,14.298,-0.19777,0.9091567543963007,1.0
JAK10,11.008,0.40512,0.2523074979326828,1.0
KRAS10,317.128,0.40011,0.459396675334615,1.0
LDH10,7265.856,0.14197,1.0,1.0
MYC10,406.338,0.55957,0.3188586174300082,1.0
NFK10,20.649,0.38693,0.6447355687330667,1.0
PTEN10,182.648,0.41778,0.5595842673352118,1.0
RAS10,1576.347,0.46666,0.21468481419662402,1.0
STAT10,164.415,-0.13177,1.0,1.0
TP10,3.198,-0.14561,1.0,1.0
VEGF10,15.415,0.11661,0.449036076965408,1.0
WNT10,140.202,0.22421,0.6277937102414858,1.0
ZEB10,134.731,0.40922,0.5755141173105143,1.0
ACTB11,6.952,-0.06493,1.0,1.0
BRCA11,209.011,0.07695,0.3817342184337032,1.0
CDK11,54.203,-0.0673,0.5360726983639451,1.0
EGFR11,15.785,-0.42431,0.4131804183381746,1.0
FOX11,630.559,0.46027,0.12942654613172302,1.0
GATA11,129.353,0.02195,0.643887008696743,1.0
HIF11,544.447,-0.1412,0.5806085736967689,1.0
IL11,2.255,-0.04602,1.0,1.0
JAK11,12.872,0.14953,1.0,1.0
KRAS11,127.094,-1.1498,0.02080144502106696,1.0
LDH11,33.481,-0.0959,1.0,1.0
MYC11,2192.362,0.20392,0.5745534187713675,1.0
NFK11,1.455,-0.03273,1.0,1.0
PTEN11,1.427,0.25239,0.4170383353873471,1.0
RAS11,5.428,-0.41435,0.5247099686029398,1.0
STAT11,49.994,-0.0122,0.8579391036096059,1.0
TP11,5.216,-0.18119,0.6783102124993243,1.0
VEGF11,23.416,-2.35456,0.00022640792159264923,0.020582538326604474
WNT11,43.243,0.27221,0.7982857115701054,1.0
ZEB11,24.723,0.11298,0.5317770111503556,1.0
ACTB12,11.891,0.13267,0.5855559496529797,1.0
BRCA12,10.528,0.36575,0.9696670425998847,1.0
CDK12,62.703,0.31403,0.32423461802867243,1.0
EGFR12,7.18,0.3495,0.3033946599339077,1.0
FOX12,38.534,0.19802,1.0,1.0
GATA12,13.982,2.61386,0.00017534824792241884,0.016311464923015707
HIF12,243.953,0.41981,0.4744267777441006,1.0
IL12,4.954,0.14784,0.9718739072998434,1.0
JAK12,44.594,-0.17645,0.45603899204788634,1.0
KRAS12,270.211,-0.13216,0.9571256014573073,1.0
LDH12,2.12,-0.15819,0.7713649414174251,1.0
MYC12,57.15,0.09923,0.6880514934279635,1.0
NFK12,314.444,-0.13933,0.8035239694767388,1.0
PTEN12,812.628,-0.0837,0.9382736014054278,1.0
RAS12,137.964,0.14746,0.724635434402082,1.0
STAT12,133.264,0.0168,1.0,1.0
TP12,41.2,-0.2119,0.6909729033817619,1.0
VEGF12,62.816,0.05649,0.590999258362279,1.0
WNT12,3.828,-0.11278,0.8390323020331003,1.0
ZEB12,37.739,0.33379,0.4382462510308251,1.0
ACTB13,154.855,0.12441,1.0,1.0
BRCA13,65.796,0.47841,0.6211514250773186,1.0
CDK13,65.206,0.08562,0.7483821159097375,1.0
EGFR13,43.15,0.33167,0.24723875222662603,1.0
FOX13,19.67,0.02639,1.0,1.0
GATA13,207.518,-0.0116,0.8994956620945477,1.0
HIF13,2130.236,0.158,0.7050126691771715,1.0
IL13,472.646,-0.22537,0.827900524760609,1.0
JAK13,57.869,-0.17107,0.8722428385771074,1.0
KRAS13,722.711,0.06253,1.0,1.0
LDH13,152.836,0.04391,0.4506162457034822,1.0
MYC13,96.345,0.41578,0.5227972697935357,1.0
NFK13,57.344,-0.28835,0.25243330764457494,1.0
PTEN13,915.448,-0.39213,0.47570806785244935,1.0
RAS13,7.638,0.04442,0.6493358140997382,1.0
STAT13,63.43,0.1137,0.6113579062519608,1.0
TP13,29.37,-0.03657,0.4699842184650563,1.0
VEGF13,11.662,-0.19167,1.0,1.0
WNT13,97.801,0.0392,1.0,1.0
ZEB13,132095.55,0.46248,0.2179596539137436,1.0
ACTB14,457.808,-1.30971,0.004832776834373657,0.32218512229157714
BRCA14,31.807,-0.26296,0.997982484962578,1.0
CDK14,7.12,-0.11153,0.5871277067708567,1.0
EGFR14,853.949,0.16748,0.420156654722149,1.0
FOX14,76.324,0.57464,0.32883565636200174,1.0
GATA14,510.944,0.01727,0.43945101200926323,1.0
HIF14,62.831,-0.02456,0.9407163849395026,1.0
IL14,29.3,0.05522,0.9819487972787919,1.0
JAK14,19.819,-0.13189,1.0,1.0
KRAS14,332.862,-0.0836,0.5822507783054366,1.0
LDH14,104.222,-0.61643,0.39654571805370054,1.0
MYC14,4277.215,-0.23195,0.5790107219844824,1.0
NFK14,100.782,0.30301,0.3649690793852869,1.0
PTEN14,28.91,-0.68225,0.31484576506847256,1.0
RAS14,778.517,0.4432,0.354188946306365,1.0
STAT14,233.96,0.32699,0.7967843546745427,1.0
TP14,56.774,0.44018,0.41890647422092697,1.0
VEGF14,214.815,-0.08502,1.0,1.0
WNT14,3.659,0.04667,0.9851621646584395,1.0
ZEB14,10.671,0.03318,1.0,1.0
ACTB15,9.244,-1.37524,0.10066126254465102,1.0
BRCA15,38.704,-0.0151,0.44246782631844517,1.0
CDK15,30.548,-0.36383,0.3600958872166082,1.0
EGFR15,10.608,-0.09771,0.7968887591174374,1.0
FOX15,156.697,-0.10746,0.5544234504418335,1.0
GATA15,69.6,0.36645,0.7775550066225276,1.0
HIF15,95.234,-0.17851,0.38342749241838536,1.0
IL15,8.446,0.16382,0.5890482284316922,1.0
JAK15,87.195,0.20342,0.3589559274572554,1.0
KRAS15,31.789,-0.31311,0.4611062839668224,1.0
LDH15,178.167,-0.21822,0.7652042966763081,1.0
MYC15,66.716,-0.40112,0.32653985976326344,1.0
NFK15,34.141,0.29129,0.4946667347242575,1.0
PTEN15,12.513,-0.43273,0.660163179495583,1.0
RAS15,825.106,0.15533,0.6404554123021196,1.0
STAT15,222.878,0.39436,0.5464486055827278,1.0
TP15,566.243,-0.11502,0.65736598172134,1.0
VEGF15,68.828,0.02304,1.0,1.0
WNT15,914.283,0.06366,0.9212424820565668,1.0
ZEB15,438.87,0.66936,0.08352375499295991,1.0
ACTB16,124.856,-0.02454,0.6088261814312506,1.0
BRCA16,17.535,0.25406,1.0,1.0
CDK16,9.554,1.63314,0.04790787124786305,1.0
EGFR16,343.801,0.6474,0.18075735889053385,1.0
FOX16,581.516,0.20899,0.9621660203371273,1.0
GATA16,1.946,0.16762,1.0,1.0
HIF16,465.88,-0.05899,0.38191104118839264,1.0
IL16,31.025,0.48393,0.3618952668820708,1.0
JAK16,242.822,-0.20104,0.4626734396120675,1.0
KRAS16,216.356,0.57793,0.25100748919849675,1.0
LDH16,20.778,-0.18189,1.0,1.0
MYC16,26.518,-0.05071,1.0,1.0
NFK16,642.509,-0.04104,1.0,1.0
PTEN16,75.146,-0.0178,0.7440058311673298,1.0
RAS16,29220.72,0.15817,0.30377952305592154,1.0
STAT16,980.071,-0.17356,0.7144168746801968,1.0
TP16,74.973,-0.0841,1.0,1.0
VEGF16,82.494,0.14789,0.8467871162451779,1.0
WNT16,3.593,-0.0711,0.7062380717466363,1.0
ZEB16,82.244,0.14602,0.7938524207067044,1.0
ACTB17,10.561,0.19212,1.0,1.0
BRCA17,37.262,0.19723,0.8195092563937701,1.0
CDK17,33.843,0.24747,1.0,1.0
EGFR17,321.979,0.0603,0.7109999084350939,1.0
FOX17,4.187,-0.30976,1.0,1.0
GATA17,1.259,0.05194,0.7541121980990398,1.0
HIF17,8.006,0.47102,0.6900695974520675,1.0
IL17,16.008,0.22654,1.0,1.0
JAK17,355.33,-0.30369,0.41008044533960003,1.0
KRAS17,73.437,0.00994,1.0,1.0
LDH17,978.473,-0.09128,1.0,1.0
MYC17,15.444,-0.28659,0.9955544722722274,1.0
NFK17,66.776,-0.26953,0.4482452001604326,1.0
PTEN17,567.029,-1.09826,0.02248793073597206,1.0
RAS17,17.856,-0.10395,0.515568057329798,1.0
STAT17,161.534,-0.34275,0.7433822907823339,1.0
TP17,122.572,0.26333,0.4217660567307463,1.0
VEGF17,11.975,-0.242,0.8189244702852517,1.0
WNT17,166.832,-0.26675,0.5634906262748518,1.0
ZEB17,38.785,-0.20674,0.5178080239665255,1.0
ACTB18,90.326,0.15714,0.849972789084925,1.0
BRCA18,810.811,0.16366,0.8190593759298304,1.0
CDK18,10.015,0.31077,0.2936230341860033,1.0
EGFR18,21.989,-0.497,0.39452919594390184,1.0
FOX18,30.941,-0.19161,0.38076743988110945,1.0
GATA18,150.273,0.14809,0.6683674655495686,1.0
HIF18,470.934,0.04227,0.8780303483439683,1.0
IL18,4.083,-0.11517,1.0,1.0
JAK18,164.276,0.23237,0.3554083157563922,1.0
KRAS18,24.523,-0.3968,0.35183409256028375,1.0
LDH18,939.443,-0.16668,0.920508407002922,1.0
MYC18,142.983,1.13016,0.013237474578259805,0.8022711865612003
NFK18,136.2,0.09236,0.7104573283682643,1.0
PTEN18,339.143,0.00358,1.0,1.0
RAS18,256.806,-0.0438,1.0,1.0
STAT18,408.391,-0.27432,0.6499425404928904,1.0
TP18,136.434,0.08572,0.6914089046525308,1.0
VEGF18,42.511,-0.08408,0.4884706583154236,1.0
WNT18,17.694,0.51063,0.3374035534271103,1.0
ZEB18,117.44,0.27169,0.7277284269574509,1.0
ACTB19,1057.477,-0.09814,0.7547002428451965,1.0
BRCA19,26.887,-0.10069,0.8793351675716186,1.0
CDK19,360.736,0.14823,0.8856902826396249,1.0
EGFR19,115.477,-0.05508,0.9861373667571659,1.0
FOX19,7.331,-0.36138,0.3063308664912651,1.0
GATA19,24.371,-0.40046,0.4759273637248169,1.0
HIF19,11.795,-0.26108,0.31588709938049664,1.0
IL19,254.889,-0.01306,1.0,1.0
JAK19,2.053,0.11613,1.0,1.0
KRAS19,501.866,0.45903,0.3148251167420894,1.0
LDH19,98.684,0.14641,0.6148456215866552,1.0
MYC19,67.696,-0.40179,0.4382189419761218,1.0
NFK19,14.968,-0.29107,0.5553437150984074,1.0
PTEN19,551.888,-0.00453,1.0,1.0
RAS19,913.912,0.14289,0.7664977922619896,1.0
STAT19,1069.274,-0.17569,1.0,1.0
TP19,148.33,0.07886,1.0,1.0
VEGF19,4.959,0.07807,0.38396521275321766,1.0
WNT19,3.084,0.28161,0.833206130111535,1.0
ZEB19,346.456,-0.08056,1.0,1.0
ACTB20,3.842,0.30386,0.9180602430232349,1.0
BRCA20,795.528,-0.068,0.7210709759315518,1.0
CDK20,74.638,-0.15521,0.8382898126062939,1.0
EGFR20,8.619,-0.21005,0.645940533389887,1.0
FOX20,12.996,0.14163,0.930937720400178,1.0
GATA20,745.555,-0.30121,0.7429350327065272,1.0
HIF20,15.729,-0.03178,0.43361888613975047,1.0
IL20,8.554,0.1811,1.0,1.0
JAK20,797.671,-0.12389,0.6778960857263892,1.0
KRAS20,13.861,-0.31114,0.7716046197138976,1.0
LDH20,72.575,0.53787,0.41853192395816513,1.0
MYC20,3.165,-0.35226,0.9351410194491152,1.0
NFK20,1.597,0.38705,0.49521197571800013,1.0
PTEN20,47.572,-0.04984,1.0,1.0
RAS20,41.396,0.23333,0.6273695346748766,1.0
STAT20,194.358,0.37741,0.5431365824709409,1.0
TP20,48.453,0.37003,0.22204349971791723,1.0
VEGF20,21.124,0.03072,1.0,1.0
WNT20,31.735,0.04431,0.7439672754900208,1.0
ZEB20,4.005,0.21926,1.0,1.0
ACTB21,18.939,-0.29442,1.0,1.0
BRCA21,337.694,0.34669,0.625824704888368,1.0
CDK21,22.475,0.3812,0.7903845694195927,1.0
EGFR21,27.423,0.55627,0.5987090989488388,1.0
FOX21,908.585,0.22355,0.39325250070886114,1.0
GATA21,954.711,0.43631,0.2724536341142895,1.0
HIF21,1.557,0.02669,0.9781098044396483,1.0
IL21,0.721,0.34007,1.0,1.0
JAK21,10.321,0.08291,0.8415949633659845,1.0
KRAS21,344.644,0.29803,0.7411470105925719,1.0
LDH21,232.897,0.13523,0.682477363956017,1.0
MYC21,218.91,-0.13565,1.0,1.0
NFK21,305.389,0.13291,0.3429911314889615,1.0
PTEN21,6.235,0.0232,1.0,1.0
RAS21,1470.708,-0.39774,0.5388774932432874,1.0
STAT21,14.878,0.05475,1.0,1.0
TP21,468.463,0.02147,1.0,1.0
VEGF21,1.47,0.22264,1.0,1.0
WNT21,6.47,0.1089,1.0,1.0
ZEB21,15.737,0.19689,0.6639582269552918,1.0
ACTB22,27.917,-0.40097,0.22801247648965728,1.0
BRCA22,188.041,0.10485,0.9144236855210511,1.0
CDK22,42.539,0.29834,0.9280972602830743,1.0
EGFR22,133.915,-0.00788,0.8149471350338849,1.0
FOX22,1210.392,0.12449,0.45730548748971955,1.0
GATA22,212.444,-0.02505,1.0,1.0
HIF22,91.442,0.15307,1.0,1.0
IL22,158.565,0.45936,0.4274618999140721,1.0
JAK22,1232.053,0.44712,0.4430106240149789,1.0
KRAS22,89.843,-0.12457,1.0,1.0
LDH22,768.139,0.24308,0.33284760697592636,1.0
MYC22,8.807,-0.12818,1.0,1.0
NFK22,122.423,0.09797,0.46462365923420945,1.0
PTEN22,53.828,0.0028,1.0,1.0
RAS22,1.601,-0.32327,1.0,1.0
STAT22,12.865,0.35659,0.683137455372553,1.0
TP22,7.278,-0.08435,0.8304116898057037,1.0
VEGF22,43.053,0.04541,1.0,1.0
WNT22,15.682,0.1662,0.4285160442598288,1.0
ZEB22,5.44,0.59459,0.41927369293241246,1.0
ACTB23,7494.164,0.20618,0.48742852147391086,1.0
BRCA23,126.256,0.26796,0.318505153133775,1.0
CDK23,20.522,0.0778,1.0,1.0
EGFR23,288.956,0.22601,0.26844718121317884,1.0
FOX23,111.4,-0.25578,0.7291744855104033,1.0
GATA23,390.049,-0.22073,0.6739792053771748,1.0
HIF23,19.324,0.07286,1.0,1.0
IL23,30.555,0.03197,0.9607652965714188,1.0
JAK23,9.685,0.62811,0.37726939508102525,1.0
KRAS23,61.843,0.4654,0.26460357966041204,1.0
LDH23,204.699,0.18395,0.5330006237191866,1.0
MYC23,269.74,-0.12928,0.9725404953940933,1.0
NFK23,289.629,-0.04634,1.0,1.0
PTEN23,1.118,-0.39019,1.0,1.0
RAS23,71.476,-0.23698,0.9358771856121678,1.0
STAT23,211.478,-0.51999,0.42331402069692414,1.0
TP23,71.207,0.15141,1.0,1.0
VEGF23,95.17,-0.00865,0.7715603290892711,1.0
WNT23,465.967,-0.11431,0.7241229746387254,1.0
ZEB23,55.285,-0.49164,0.580451144623949,1.0
ACTB24,469.1,0.48134,0.2347993290857342,1.0
BRCA24,594.612,-0.26252,0.751027569723118,1.0
CDK24,182.238,0.12015,0.524006341956691,1.0
EGFR24,23.242,0.15453,1.0,1.0
FOX24,44.386,0.08424,1.0,1.0
GATA24,260.225,-0.10484,0.6409258548694123,1.0
HIF24,11.664,-0.60137,0.24660261630689537,1.0
IL24,348.721,0.3688,0.3384371663293658,1.0
JAK24,0.747,0.13487,1.0,1.0
KRAS24,914.321,0.40946,0.17174292059710083,1.0
LDH24,35.681,-0.21897,1.0,1.0
MYC24,2135.841,-0.04664,1.0,1.0
NFK24,5145.711,-0.24965,0.34992998170084305,1.0
PTEN24,5.291,0.26384,0.871419244802352,1.0
RAS24,5.284,0.09438,1.0,1.0
STAT24,3.425,-0.48738,0.44216641603537415,1.0
TP24,19.808,0.22739,0.4877487431130031,1.0
VEGF24,0.714,0.0712,0.936794518440687,1.0
WNT24,0.896,-0.0806,0.8727742306676253,1.0
ZEB24,75.203,-0.44977,0.6503919510158795,1.0
ACTB25,54.68,-0.3233,0.7400692083487385,1.0
BRCA25,64.575,0.3842,0.4251003564766229,1.0
CDK25,45.6,0.09882,0.9449217041035368,1.0
EGFR25,44.334,-0.2851,0.9243622100381186,1.0
FOX25,280.127,0.2057,0.8822153736915487,1.0
GATA25,80.392,-0.16977,0.8064262168067833,1.0
HIF25,97.552,-0.31902,0.35795426622502535,1.0
IL25,105.658,-0.29907,0.5962726848792193,1.0
JAK25,101.205,-0.02886,0.8421509237515252,1.0
KRAS25,82.169,0.37114,0.4462344797680134,1.0
LDH25,6.853,0.15531,0.6266137861627795,1.0
MYC25,5.958,-0.20254,0.5032827517697742,1.0
NFK25,4.647,0.19677,1.0,1.0
PTEN25,14.088,0.02986,0.6814234396965495,1.0
RAS25,97.651,0.19971,0.8030962440904288,1.0
STAT25,146.747,0.17412,0.710004143251072,1.0
TP25,63.445,0.24599,1.0,1.0
VEGF25,3.99,0.06999,1.0,1.0
WNT25,118.633,0.11628,0.40909563589812603,1.0
ZEB25,319.732,-0.159,0.9334704442224925,1.0
ACTB26,5.462,0.21385,0.889663401048714,1.0
BRCA26,4449.041,-0.13305,0.9712620669743134,1.0
CDK26,6.653,-0.01205,0.546872278087394,1.0
EGFR26,5.914,0.01449,0.5181824941409191,1.0
FOX26,93.883,-0.33448,0.565114687452034,1.0
GATA26,3.634,-0.14186,1.0,1.0
HIF26,295.667,-0.57851,0.323729481349363,1.0
IL26,20.964,0.02319,0.9220194603496864,1.0
JAK26,755.522,0.00072,0.46610889028979563,1.0
KRAS26,8.282,0.2518,1.0,1.0
LDH26,989.5,-0.20619,0.7839672097536248,1.0
MYC26,18.417,-0.0083,1.0,1.0
NFK26,102.757,1.66139,0.0024446450084492292,0.17461750060351638
PTEN26,942.301,-0.2015,0.3991936955323279,1.0
RAS26,45.737,0.33471,0.45187193997358344,1.0
STAT26,2.435,0.33424,0.7657999915905375,1.0
TP26,586.714,0.01232,0.441211986750123,1.0
VEGF26,2446.647,-0.16972,0.9543793282523416,1.0
WNT26,10.534,0.05663,1.0,1.0
ZEB26,7.888,-0.43037,0.34602077512212864,1.0
ACTB27,788.741,0.22564,0.5028569912131806,1.0
BRCA27,56.941,0.22155,0.8148350403291478,1.0
CDK27,15.72,-0.0213,0.6314550136182476,1.0
EGFR27,22.647,-0.36324,0.6256238400417864,1.0
FOX27,8.821,-0.70572,0.1827643537616195,1.0
GATA27,798.226,0.12974,0.35163433143673173,1.0
HIF27,450.66,0.22095,0.7993080092725395,1.0
IL27,3906.422,-0.23137,0.5730873332727988,1.0
JAK27,398.825,0.21026,0.8315512729571565,1.0
KRAS27,4.928,-0.07043,0.840146713408927,1.0
LDH27,369.287,-0.40709,0.4278705561306691,1.0
MYC27,8.999,-0.30274,0.5390468641875272,1.0
NFK27,1.84,0.05996,1.0,1.0
PTEN27,5.928,0.07281,1.0,1.0
RAS27,70.78,0.06055,0.5098800286249326,1.0
STAT27,29.307,-0.15068,1.0,1.0
TP27,34.447,0.03722,0.8493256244814402,1.0
VEGF27,7741.911,0.00293,0.9011868316010379,1.0
WNT27,11.01,0.13279,1.0,1.0
ZEB27,149.266,0.372,0.39758701460175955,1.0
ACTB28,117.354,0.23726,0.5238250965874214,1.0
BRCA28,54.749,-0.21456,0.5933446555930836,1.0
CDK28,74.906,0.0356,1.0,1.0
EGFR28,19.687,-0.13127,1.0,1.0
FOX28,32.272,-0.22794,0.9738957221988653,1.0
GATA28,703.328,0.24124,0.6882369009164646,1.0
HIF28,37.013,0.21247,0.8076624505782041,1.0
IL28,3099.106,-0.3366,0.21564800396913503,1.0
JAK28,1.964,-0.23398,0.6172466100984676,1.0
KRAS28,3.354,0.15872,1.0,1.0
LDH28,64.683,-0.12491,0.5758903449717976,1.0
MYC28,3.013,0.31049,0.658501831986379,1.0
NFK28,85.294,-0.36669,0.2766985591600062,1.0
PTEN28,132.942,-0.13771,0.4349682037232528,1.0
RAS28,13.64,-0.51985,0.48992983032728055,1.0
STAT28,2197.738,-0.17997,0.8782489749631921,1.0
TP28,5.495,-0.05031,1.0,1.0
VEGF28,0.577,-0.36856,0.44871802900942853,1.0
WNT28,12.451,-0.293,0.822954736569012,1.0
ZEB28,13.649,0.27559,1.0,1.0
ACTB29,69.332,0.52781,0.5266233488086571,1.0
BRCA29,166.497,0.11076,0.8787968016381434,1.0
CDK29,223.607,0.18435,0.7732047432407879,1.0
EGFR29,872.17,-0.16287,0.8626614432489594,1.0
FOX29,2.704,0.08015,1.0,1.0
GATA29,45.315,0.66322,0.30737017934935446,1.0
HIF29,80.247,-0.44743,0.5327171275305013,1.0
IL29,400.948,0.55634,0.2824141358953652,1.0
JAK29,1593.711,-0.43193,0.20071588212672048,1.0
KRAS29,14.978,0.30101,0.2808367223593752,1.0
LDH29,264.577,-0.10674,1.0,1.0
MYC29,25.02,-0.06387,0.6773341180109168,1.0
NFK29,180.848,-0.09314,0.7754418103643256,1.0
PTEN29,140.521,0.07655,1.0,1.0
RAS29,2991.192,-0.66067,0.09643598471437631,1.0
STAT29,203.086,-0.24333,0.47759521014708345,1.0
TP29,80.777,-0.30279,0.46308420513220744,1.0
VEGF29,84.507,0.1472,0.7576471691600193,1.0
WNT29,80.1,0.47813,0.4313408163841555,1.0
ZEB29,9.818,-0.14112,0.46546177827517815,1.0
ACTB30,178.229,0.23772,0.9483155389604766,1.0
BRCA30,26.466,-0.28219,0.5610561020549469,1.0
CDK30,12.596,3.36445,4.440053602152241e-06,0.0007400089336920401
EGFR30,71.971,-0.22412,1.0,1.0
FOX30,285.215,0.19059,1.0,1.0
GATA30,334.605,0.09045,0.8123299438195833,1.0
HIF30,75.701,0.27995,0.6026028485099002,1.0
IL30,4.131,0.2672,0.4021724866161802,1.0
JAK30,948.834,0.11785,0.3536387517642999,1.0
KRAS30,896.729,-0.06161,1.0,1.0
LDH30,137.997,-0.11683,0.6194913721443722,1.0
MYC30,32.668,0.44441,0.1912936780153659,1.0
NFK30,196.112,-0.33076,0.3074196914125816,1.0
PTEN30,486.647,-0.11853,0.3931014698399824,1.0
RAS30,50.622,0.15675,0.8708962301782219,1.0
STAT30,726.365,-0.1468,1.0,1.0
TP30,193.501,-0.24953,0.5168520770301401,1.0
VEGF30,51.79,0.33912,0.7298993974674054,1.0
WNT30,196.275,0.39812,0.41365245597699546,1.0
ZEB30,164.235,-0.15852,0.3605923277128232,1.0
ACTB31,223.327,0.04803,0.7309223162639941,1.0
BRCA31,138.459,-0.16767,1.0,1.0
CDK31,128.154,-0.16663,0.6822789320577644,1.0
EGFR31,6.726,0.28031,0.9372028286183165,1.0
FOX31,9.357,-0.09292,1.0,1.0
GATA31,142.51,-0.11525,1.0,1.0
HIF31,24.405,-0.31798,0.6546756929887274,1.0
IL31,595.3,-0.01626,1.0,1.0
JAK31,221.614,-0.26534,0.6843168716907702,1.0
KRAS31,511.111,0.06627,0.4299375326193717,1.0
LDH31,18.702,-0.26698,0.775479390672815,1.0
MYC31,627.997,-0.12301,0.6091399774049694,1.0
NFK31,211.917,0.20316,0.2761670844105368,1.0
PTEN31,682.467,0.18863,0.8428462160408964,1.0
RAS31,2036.043,-0.14952,0.6930884464068267,1.0
STAT31,13.371,-0.30856,0.32165179371383235,1.0
TP31,71.548,-0.44643,0.32402853699177037,1.0
VEGF31,46.887,-0.24971,0.756027574830909,1.0
WNT31,22.062,-0.14095,0.6518200080247871,1.0
ZEB31,69.559,-0.41698,0.3529129347594115,1.0
ACTB32,26.702,-0.27393,0.3791261459090836,1.0
BRCA32,143.867,-0.43718,0.3869973942063389,1.0
CDK32,665.401,-0.06059,1.0,1.0
EGFR32,186.039,0.12316,1.0,1.0
FOX32,155.019,0.18334,0.818149070587126,1.0
GATA32,3.926,0.02784,0.6511049878886443,1.0
HIF32,222.088,-0.26956,0.6333806505853393,1.0
IL32,1132.531,-0.19974,0.7529266021981919,1.0
JAK32,58.993,0.02262,0.9700149427979958,1.0
KRAS32,135.964,-0.63081,0.262679226784647,1.0
LDH32,26.129,-0.20236,1.0,1.0
MYC32,28.199,-0.13642,1.0,1.0
NFK32,6.879,0.0251,0.7268616184974457,1.0
PTEN32,4.222,0.14194,0.574320805967878,1.0
RAS32,699.359,-0.07123,0.44108863326744063,1.0
STAT32,0.843,-0.17752,1.0,1.0
TP32,51.809,0.33733,0.6157576653383837,1.0
VEGF32,2380.662,0.16437,1.0,1.0
WNT32,3.028,-0.02259,0.642993613022554,1.0
ZEB32,46.065,-0.44745,0.6544375960401275,1.0
ACTB33,72.489,-0.49388,0.4684401995799209,1.0
BRCA33,47.721,-0.03369,0.9854731252597877,1.0
CDK33,43.322,-0.29745,0.7335017313032783,1.0
EGFR33,136.211,0.45558,0.28088409269741677,1.0
FOX33,819.516,0.53757,0.2114869533048154,1.0
GATA33,15.859,-0.0452,1.0,1.0
HIF33,67.293,0.17144,0.8568206107719086,1.0
IL33,49.898,-0.38429,0.41323531440038835,1.0
JAK33,12.541,-0.43233,0.7392070419803967,1.0
KRAS33,6.463,-0.3131,0.9729690469743689,1.0
LDH33,9091.044,0.46018,0.16566119193759465,1.0
MYC33,89.976,-0.24064,0.9451978165656676,1.0
NFK33,206.649,-0.52252,0.228069751243534,1.0
PTEN33,187.234,0.76855,0.06662070684405479,1.0
RAS33,227.88,0.19151,0.7663848381838982,1.0
STAT33,183.98,-0.63001,0.2680630307442729,1.0
TP33,2062.499,-0.60209,0.22869294620914593,1.0
VEGF33,26.419,0.05106,1.0,1.0
WNT33,808.731,0.33901,0.5897251148976331,1.0
ZEB33,430.124,-0.00939,0.44038416917433904,1.0
ACTB34,89.446,0.21423,0.567547954792172,1.0
BRCA34,397.373,-0.71828,0.06804358063132006,1.0
CDK34,59.314,2.86439,1.2590347831622473e-06,0.0002650599543499468
EGFR34,12.215,-0.01085,1.0,1.0
FOX34,1.957,0.40408,0.8174359393879789,1.0
GATA34,137.321,0.34287,0.46428551858697553,1.0
HIF34,60.99,-0.11695,1.0,1.0
IL34,450.268,-0.56205,0.1785478669674177,1.0
JAK34,594.339,0.03876,1.0,1.0
KRAS34,8.759,-0.24248,0.6907200288315144,1.0
LDH34,36.609,-0.10086,1.0,1.0
MYC34,9.762,0.0523,0.5314025285895613,1.0
NFK34,67.129,-1.56695,0.004285373123913188,0.2905337711127585
PTEN34,18.369,-0.38177,0.5117747875776801,1.0
RAS34,62.104,-0.44615,0.4177321396655437,1.0
STAT34,14.567,0.12487,1.0,1.0
TP34,20232.536,-0.05302,1.0,1.0
VEGF34,27.373,-0.19799,0.9887099127356817,1.0
WNT34,3.965,-0.17908,0.5774820353214498,1.0
ZEB34,9.312,0.69324,0.300592763394434,1.0
ACTB35,29.041,-0.11537,0.9219755002631733,1.0
BRCA35,92.435,1.28244,0.02417604066401411,1.0
CDK35,333.814,0.06322,0.9743600931774076,1.0
EGFR35,6.266,0.12991,0.9725533593223796,1.0
FOX35,302.809,0.3726,0.6842463200036949,1.0
GATA35,0.743,-0.24182,1.0,1.0
HIF35,18.629,0.27076,0.6533583591501589,1.0
IL35,38.866,-0.03522,1.0,1.0
JAK35,407.057,-0.06399,0.42819055182346,1.0
KRAS35,7.098,-0.28437,0.6742138996346736,1.0
LDH35,27.175,-0.15262,1.0,1.0
MYC35,177.61,0.09008,1.0,1.0
NFK35,1082.385,0.22401,0.6880802832705584,1.0
PTEN35,30.33,-0.12497,0.7832341484194548,1.0
RAS35,8.116,-0.31214,0.9904674071507389,1.0
STAT35,8.46,-0.17727,0.8157727715531827,1.0
TP35,20.766,0.09716,1.0,1.0
VEGF35,16.773,-0.17109,1.0,1.0
WNT35,23.682,-0.08114,1.0,1.0
ZEB35,215.743,-0.15811,0.4201128463928866,1.0
ACTB36,4.666,-0.35078,1.0,1.0
BRCA36,368.338,0.1947,0.6719015278417841,1.0
CDK36,80.583,-0.23919,0.4253553400414505,1.0
EGFR36,126.017,-0.088,0.9346337693286358,1.0
FOX36,2.241,-0.04447,0.6723309081687908,1.0
GATA36,80.199,-0.06446,0.5617373125069913,1.0
HIF36,137.451,0.06766,0.6291721619604059,1.0
IL36,173.663,-0.06584,1.0,1.0
JAK36,329.51,-0.03075,1.0,1.0
KRAS36,22365.601,0.04112,0.537804553326959,1.0
LDH36,1222.548,-0.06373,0.6256764999724119,1.0
MYC36,373.475,0.38386,0.4555590988299483,1.0
NFK36,550.114,0.14599,0.8695169615639587,1.0
PTEN36,409.566,0.62488,0.24799960133342738,1.0
RAS36,0.59,0.07711,1.0,1.0
STAT36,56.904,-0.49145,0.17048127182129047,1.0
TP36,55.382,0.01451,0.6093702664738416,1.0
VEGF36,51.354,0.38509,0.6563947728390215,1.0
WNT36,39.92,0.56224,0.22293519003620788,1.0
ZEB36,54.33,-0.20951,0.31626050780994525,1.0
ACTB37,18.958,-0.18332,1.0,1.0
BRCA37,4.789,0.35826,0.45792979375784115,1.0
CDK37,1029.876,-0.11293,0.38567772866710126,1.0
EGFR37,213.326,-0.17996,0.9145824658184696,1.0
FOX37,8334.009,0.02479,0.45220034801661385,1.0
GATA37,23.029,-0.02053,1.0,1.0
HIF37,373.879,-0.1402,0.8123487029918661,1.0
IL37,189.696,0.20219,0.6189285719076058,1.0
JAK37,47.047,-0.23038,0.5156399723036067,1.0
KRAS37,183.976,0.084,1.0,1.0
LDH37,17.284,0.31058,0.896465674561188,1.0
MYC37,200.082,-0.04065,1.0,1.0
NFK37,7.783,-0.32773,0.8697430449145165,1.0
PTEN37,14.054,-0.33469,0.4297470782486344,1.0
RAS37,5.905,0.19528,0.5642607042914057,1.0
STAT37,1213.312,0.67681,0.1608280760858023,1.0
TP37,502.064,0.01758,0.6250705611879607,1.0
VEGF37,18616.225,-0.36043,0.17679386453300022,1.0
WNT37,99.283,-0.06319,1.0,1.0
ZEB37,37.867,-0.28456,0.8001138602261857,1.0
ACTB38,107.92,0.05181,0.44194213437047186,1.0
BRCA38,20.172,-0.12666,0.568978204483465,1.0
CDK38,30.162,-0.66363,0.2633771821410925,1.0
EGFR38,29.287,0.09548,1.0,1.0
FOX38,34.967,-0.26192,0.7651614979346855,1.0
GATA38,21966.539,-0.24062,0.6353476809949556,1.0
HIF38,430.969,0.4992,0.43017015538891973,1.0
IL38,6.985,0.22882,1.0,1.0
JAK38,126.095,0.14526,0.3325925458726514,1.0
KRAS38,831.843,-0.02882,0.6288352408817091,1.0
LDH38,2.564,-0.0735,0.8409177606885858,1.0
MYC38,6.86,0.22918,1.0,1.0
NFK38,21.826,-0.12519,0.4502664738167125,1.0
PTEN38,3.693,0.33995,0.5278182889559505,1.0
RAS38,306.864,0.35144,0.20104305368509395,1.0
STAT38,26.084,-0.34379,0.4769568876087066,1.0
TP38,21.181,-0.58397,0.32425342553624403,1.0
VEGF38,184.224,-0.4548,0.21137724974226213,1.0
WNT38,31.853,-0.11524,0.8984888887515542,1.0
ZEB38,476.045,-0.52405,0.14296732846285917,1.0
ACTB39,433.809,-0.02429,0.7131206917250036,1.0
BRCA39,157.051,-0.04496,0.5562215347989121,1.0
CDK39,1.608,0.07765,0.41302610380673394,1.0
EGFR39,185.26,-0.73197,0.22961353330812323,1.0
FOX39,6.836,0.14734,0.8930947194344891,1.0
GATA39,299.488,0.30741,0.4299069595449196,1.0
HIF39,257.144,-0.33847,0.5742251222662748,1.0
IL39,195.731,0.43395,0.33622661336888643,1.0
JAK39,195.104,-0.03988,1.0,1.0
KRAS39,0.471,2.0115,0.20785104752098343,1.0
LDH39,54.579,-0.33469,0.23077218668273639,1.0
MYC39,66.622,-0.21018,0.9404932128246097,1.0
NFK39,102.622,-0.11238,0.8840231210535473,1.0
PTEN39,13.971,-0.20516,1.0,1.0
RAS39,740.662,-0.47349,0.45144761276602313,1.0
STAT39,172.769,-0.11038,1.0,1.0
TP39,58.687,-0.23742,0.5306623349799515,1.0
VEGF39,11.398,0.41196,0.5878714667272694,1.0
WNT39,563.698,0.15568,0.3929615100526403,1.0
ZEB39,170.667,-0.1745,0.4683973191284933,1.0
ACTB40,187.173,0.45507,0.29771987031634445,1.0
BRCA40,76.126,-0.00447,1.0,1.0
CDK40,13.161,0.355,0.935538045190907,1.0
EGFR40,54.094,-2.44118,6.0850668426100726e-05,0.006241094197548792
FOX40,143.893,0.11743,1.0,1.0
GATA40,209.065,-0.10674,0.5370288238126112,1.0
HIF40,1085.772,-0.03042,1.0,1.0
IL40,54.346,0.04313,1.0,1.0
JAK40,369.873,0.17001,0.42607482671845176,1.0
KRAS40,1166.225,0.42583,0.4640068980743077,1.0
LDH40,13.853,-0.13804,0.758390367771865,1.0
MYC40,136.374,-0.18738,0.8825809840231157,1.0
NFK40,183.596,0.07473,0.6807520744702343,1.0
PTEN40,61.859,-0.49139,0.3554871115319226,1.0
RAS40,38.931,-0.19645,1.0,1.0
STAT40,11.706,0.43488,0.39195430125320085,1.0
TP40,75.53,-0.16564,1.0,1.0
VEGF40,5.866,-0.28824,1.0,1.0
WNT40,208.782,-0.16461,0.5322373547861059,1.0
ZEB40,5145.61,0.25667,0.5380265731679349,1.0
ACTB41,252.383,0.22314,0.5984504145789348,1.0
BRCA41,3090.746,-0.05029,1.0,1.0
CDK41,89.755,0.50144,0.27330742830565546,1.0
EGFR41,20.944,-0.08986,0.4788191679894949,1.0
FOX41,3986.611,-0.0534,1.0,1.0
GATA41,583.008,-0.1835,1.0,1.0
HIF41,23.733,0.14522,1.0,1.0
IL41,365.548,0.29501,0.6432970021480602,1.0
JAK41,32.512,-0.30017,0.7999322975535438,1.0
KRAS41,47.427,-0.21921,1.0,1.0
LDH41,888.401,0.29524,0.6971328944066016,1.0
MYC41,25.661,-2.52732,8.056354744898363e-05,0.00785985828770572
NFK41,143.738,0.00783,0.6589018590518729,1.0
PTEN41,48.331,0.01564,1.0,1.0
RAS41,49.936,0.28386,0.6758096558660527,1.0
STAT41,1634.788,-0.02601,1.0,1.0
TP41,2392.101,-0.52931,0.311745902379645,1.0
VEGF41,640.894,0.08675,0.6501030088061904,1.0
WNT41,187.746,0.19938,0.8317171516119669,1.0
ZEB41,82.267,0.34509,0.507265903684567,1.0
ACTB42,4161.221,-0.01292,1.0,1.0
BRCA42,64.934,-0.0165,1.0,1.0
CDK42,341.609,-0.06011,0.5820927621271293,1.0
EGFR42,4300.254,-0.04937,0.6902665551988025,1.0
FOX42,2553.64,0.24448,0.41044953649650495,1.0
GATA42,182.551,0.18557,0.3698658750612461,1.0
HIF42,68.472,-0.26674,0.3913917698263737,1.0
IL42,5.071,0.30718,1.0,1.0
JAK42,58.605,-0.23988,0.4186040164796597,1.0
KRAS42,46.85,0.39783,0.5256099035899089,1.0
LDH42,293.497,0.02331,0.8939293539117389,1.0
MYC42,24.422,0.18688,0.7294619325816147,1.0
NFK42,119.898,-0.28991,0.7345090684868966,1.0
PTEN42,143.669,-0.20569,1.0,1.0
RAS42,372.306,-0.20127,0.5878822045551093,1.0
STAT42,47.418,0.20649,0.9971397467647692,1.0
TP42,12.037,-0.11355,1.0,1.0
VEGF42,6518.046,-0.00915,1.0,1.0
WNT42,2545.456,0.03923,1.0,1.0
ZEB42,12.062,0.77947,0.28679816025756555,1.0
ACTB43,40.387,-7.2317,2.4514197983650432e-21,9.805679193460173e-18
BRCA43,136.089,0.37484,0.41619495677825286,1.0
CDK43,1351.825,-0.43878,0.48425658647331976,1.0
EGFR43,11.962,0.25014,0.721433508305318,1.0
FOX43,70.657,0.62798,0.20817545193957496,1.0
GATA43,54.458,-2.19323,0.0002916133475622352,0.024818157239339167
HIF43,345.74,-0.3272,0.6817205502668582,1.0
IL43,22.663,-0.4284,0.6070163824112785,1.0
JAK43,9.477,0.15304,0.7930871866516194,1.0
KRAS43,41.055,0.25241,0.8049624745145919,1.0
LDH43,77.091,0.66494,0.28635820333668677,1.0
MYC43,0.863,-0.01384,0.4108477358147476,1.0
NFK43,12.118,0.32645,0.4830523393739827,1.0
PTEN43,201.65,0.24995,0.7153492165072319,1.0
RAS43,1448.55,-0.09513,0.5914280737337498,1.0
STAT43,2.556,-0.35546,0.4718287141251258,1.0
TP43,12.143,0.15811,0.6129914807400976,1.0
VEGF43,710.79,-0.07745,0.3552044821178475,1.0
WNT43,217.051,0.37552,0.6531435781453995,1.0
ZEB43,8.957,0.38676,0.8530496119478971,1.0
ACTB44,606.672,0.2524,0.7295613691454591,1.0
BRCA44,9.011,0.06306,0.6668361979782017,1.0
CDK44,7.587,-0.10533,0.5888612097911778,1.0
EGFR44,10.911,0.33023,0.3106584934518684,1.0
FOX44,0.422,0.24284,1.0,1.0
GATA44,65.631,-0.17911,0.5535651101430074,1.0
HIF44,93.087,-0.32013,0.6766380470660323,1.0
IL44,154.778,0.12502,0.9054832075905885,1.0
JAK44,150.882,-0.08135,0.7199838173036431,1.0
KRAS44,0.771,0.19339,0.4553127955780057,1.0
LDH44,204.334,-0.1883,1.0,1.0
MYC44,187.709,0.01596,0.6886487551148343,1.0
NFK44,126.073,0.19729,0.6318669453766541,1.0
PTEN44,32.705,0.14631,1.0,1.0
RAS44,195.516,-0.29584,0.28293559990019906,1.0
STAT44,68.155,0.37488,0.5964338667412998,1.0
TP44,255.884,0.1736,0.6154779366981172,1.0
VEGF44,95.265,0.24103,0.7155106780547227,1.0
WNT44,5.277,-0.10622,1.0,1.0
ZEB44,5.896,-0.15411,1.0,1.0
ACTB45,16.265,1.24548,0.042170206905132325,1.0
BRCA45,589.414,0.39842,0.20671610972165977,1.0
CDK45,37.656,-0.7676,0.12318947990032983,1.0
EGFR45,193.46,-0.07108,0.6600007529236767,1.0
FOX45,164.318,-0.10573,0.3512858942040374,1.0
GATA45,170.661,0.34604,0.7143042771355854,1.0
HIF45,344.023,0.08724,0.6069914817569055,1.0
IL45,93.39,-0.27874,0.25425922824260194,1.0
JAK45,16.925,0.06916,1.0,1.0
KRAS45,14.226,-0.07601,1.0,1.0
LDH45,70.331,-0.02327,0.49081315690125316,1.0
MYC45,203.768,0.24026,0.5759231794826672,1.0
NFK45,24.458,-0.48623,0.5743922555797206,1.0
PTEN45,21.675,0.48382,0.4128711727842339,1.0
RAS45,193.442,0.32427,0.2476578163771779,1.0
STAT45,26.781,-0.16358,0.5293049239888202,1.0
TP45,1.727,0.03564,0.9830786502133299,1.0
VEGF45,1.419,-0.37163,1.0,1.0
WNT45,277.229,-0.22433,0.3160238653894696,1.0
ZEB45,39.018,0.05082,1.0,1.0
ACTB46,34.318,0.0024,0.7504960157292522,1.0
BRCA46,81.811,-0.50088,0.42166948945924065,1.0
CDK46,7.53,0.17109,1.0,1.0
EGFR46,20.045,0.16458,0.9017516390709948,1.0
FOX46,19.01,0.25859,0.679896016656766,1.0
GATA46,9866.564,0.38783,0.29329923588994644,1.0
HIF46,16.9,-0.40547,0.24934426359964443,1.0
IL46,1548.193,-0.24785,0.3675838370173001,1.0
JAK46,39.305,-0.15658,0.3322921683875613,1.0
KRAS46,1.096,0.37401,0.7635613816565641,1.0
LDH46,1.498,-0.05919,0.886564858684585,1.0
MYC46,434.82,0.11625,1.0,1.0
NFK46,50.753,-0.24511,0.6074709444502321,1.0
PTEN46,1535.309,0.28435,0.4730960218493432,1.0
RAS46,234.891,0.24953,0.5896530419457963,1.0
STAT46,7.454,0.38047,0.8568200978854705,1.0
TP46,47.164,-0.07184,1.0,1.0
VEGF46,14.729,0.44702,0.6395743061846464,1.0
WNT46,16.825,-0.40261,0.7985355879718437,1.0
ZEB46,787.469,-1.03866,0.008422431534941308,0.5347575577740512
ACTB47,40.376,0.01788,0.6043475490054376,1.0
BRCA47,1.197,0.4276,0.6449517446669935,1.0
CDK47,641.18,0.14831,1.0,1.0
EGFR47,14.073,-0.19582,0.7423006010645857,1.0
FOX47,74.112,0.06998,0.8185128507348975,1.0
GATA47,44.931,-0.07129,0.5972029039728164,1.0
HIF47,69.356,0.1625,0.8565475675128438,1.0
IL47,32.017,-0.39801,0.6299019684637459,1.0
JAK47,1371.771,-0.78533,0.05503543038875372,1.0
KRAS47,2.379,-0.24037,0.8919296387039598,1.0
LDH47,122.837,0.24936,0.575166012346123,1.0
MYC47,53.225,0.06171,0.7583665188590863,1.0
NFK47,16.425,0.16797,0.8634500729742935,1.0
PTEN47,343.883,0.41341,0.1848762668313593,1.0
RAS47,1288.289,-0.17078,1.0,1.0
STAT47,225.81,0.19878,1.0,1.0
TP47,52.157,-0.28773,0.6515258241649945,1.0
VEGF47,290.822,0.03944,1.0,1.0
WNT47,983.915,-0.14779,0.5040854757855718,1.0
ZEB47,114.098,0.22063,0.6244003802767649,1.0
ACTB48,3103.175,-0.45764,0.10553894962238916,1.0
BRCA48,166.888,-0.25072,0.5824008852528337,1.0
CDK48,1.62,-0.1817,0.7337587069019289,1.0
EGFR48,3259.123,-0.24341,0.7184085416297175,1.0
FOX48,12.137,0.31658,0.8726533726762269,1.0
GATA48,496.873,-0.15627,0.6462708195970431,1.0
HIF48,2.686,-0.34635,0.4833796008577581,1.0
IL48,2338.396,-0.06333,0.43065432174497575,1.0
JAK48,37.417,0.24232,0.34246039553252494,1.0
KRAS48,21.252,-0.38327,0.6944460705464525,1.0
LDH48,11.392,0.4041,0.808369365672728,1.0
MYC48,279.863,-0.3119,0.5330300960982317,1.0
NFK48,225.083,0.1479,1.0,1.0
PTEN48,469.95,-0.18363,0.9197344556279944,1.0
RAS48,52.6,0.86377,0.05953068293590689,1.0
STAT48,188.477,-4.05088,6.851721016076809e-13,6.851721016076808e-10
TP48,24.627,-0.43512,0.7831813709883523,1.0
VEGF48,48.307,-0.05381,0.7545068180558246,1.0
WNT48,53.76,-0.1398,0.5533294613609545,1.0
ZEB48,29.177,0.00913,0.6269432668949152,1.0
ACTB49,1.816,0.23637,1.0,1.0
BRCA49,0.652,-0.09319,0.4981805752840094,1.0
CDK49,14.052,0.07745,1.0,1.0
EGFR49,1.512,0.11039,1.0,1.0
FOX49,7992.225,0.48445,0.11147134687683626,1.0
GATA49,27.918,0.04705,0.9999041439911014,1.0
HIF49,65.132,0.08856,0.63482003888105,1.0
IL49,283.016,-0.30593,0.5903396827967455,1.0
JAK49,61.085,0.0665,1.0,1.0
KRAS49,122.173,-0.35341,0.27442225655737706,1.0
LDH49,48.914,-0.2289,0.5925928178055827,1.0
MYC49,524.455,-0.04155,1.0,1.0
NFK49,315.061,-0.21582,1.0,1.0
PTEN49,35.817,-0.19156,0.6633010453058811,1.0
RAS49,35.508,-0.17238,0.8731373265307599,1.0
STAT49,5.762,0.12317,0.43926415181517664,1.0
TP49,2698.751,0.33151,0.5845162018743184,1.0
VEGF49,12650.759,0.06307,0.8371565409671778,1.0
WNT49,421.918,-0.1477,0.47828190977161333,1.0
ZEB49,18.94,0.06723,0.930521627539721,1.0
ACTB50,307.352,-0.07715,1.0,1.0
BRCA50,24.996,-0.36969,0.3289700413064432,1.0
CDK50,19.724,0.45917,0.6998997706705739,1.0
EGFR50,1240.182,0.40929,0.5076475966225188,1.0
FOX50,223.35,-0.02185,0.7878509001450974,1.0
GATA50,143.616,-0.32536,0.5583643640119996,1.0
HIF50,9.997,0.0017,1.0,1.0
IL50,8.496,-0.10442,1.0,1.0
JAK50,30.732,0.54686,0.4419268175078238,1.0
KRAS50,82.579,-0.32581,0.3493630117993365,1.0
LDH50,12.175,0.67768,0.20947700486052587,1.0
MYC50,35.217,-0.09641,0.6129117239848451,1.0
NFK50,59.09,-0.41005,0.3347321593830343,1.0
PTEN50,4.572,-0.27565,1.0,1.0
RAS50,89.605,0.43097,0.6408358908568942,1.0
STAT50,61.059,-0.28149,0.7549141225524232,1.0
TP50,3.767,-0.24618,1.0,1.0
VEGF50,13.005,-0.03894,1.0,1.0
WNT50,242.059,-0.64936,0.13084025532238017,1.0
ZEB50,109.214,0.00265,1.0,1.0
ACTB51,26.926,0.0715,1.0,1.0
BRCA51,360.268,-0.05437,0.6751293956584598,1.0
CDK51,415.079,0.4093,0.21892551906067817,1.0
EGFR51,12.078,0.4269,0.35530239716820605,1.0
FOX51,100.178,-0.18139,0.32407611120436525,1.0
GATA51,75.827,0.24774,0.34360865627198006,1.0
HIF51,69.561,-0.14377,1.0,1.0
IL51,380.114,0.2552,0.5751475590371719,1.0
JAK51,2.868,-0.55207,0.3957235120473939,1.0
KRAS51,68.364,0.2108,0.41685385018698756,1.0
LDH51,42.193,0.10011,0.9144891820078674,1.0
MYC51,1.311,-0.18337,1.0,1.0
NFK51,624.003,-0.54604,0.210772576209506,1.0
PTEN51,17.954,0.4018,0.22289200493358163,1.0
RAS51,95.503,-0.27682,0.7066196959595239,1.0
STAT51,245.678,-0.14426,0.42398366642081486,1.0
TP51,19.381,-0.15753,1.0,1.0
VEGF51,106.921,-0.32525,0.5766675603680849,1.0
WNT51,145.61,-0.06231,1.0,1.0
ZEB51,84.573,-0.0761,1.0,1.0
ACTB52,111.306,0.30086,0.39977756454612723,1.0
BRCA52,987.871,-0.12678,0.7149910441103267,1.0
CDK52,1.112,0.12701,0.5203993717387585,1.0
EGFR52,71.321,-0.07474,1.0,1.0
FOX52,44.834,0.3335,0.3826262756664922,1.0
GATA52,36.984,0.39966,0.7951434865119623,1.0
HIF52,44.184,0.00186,0.8255540509905299,1.0
IL52,81.006,-0.22573,0.6699339968877541,1.0
JAK52,39.752,0.26138,0.9363438153372851,1.0
KRAS52,22.431,0.06887,0.9281125126695947,1.0
LDH52,2133.358,-0.55878,0.280276954784447,1.0
MYC52,201.736,0.45109,0.4153134944927146,1.0
NFK52,32.699,-0.09304,1.0,1.0
PTEN52,250.048,0.00143,0.9249931723550618,1.0
RAS52,220.854,0.17455,0.8874409520685629,1.0
STAT52,188.036,0.13859,0.3650523896152775,1.0
TP52,848.013,-0.05453,0.7986959465793936,1.0
VEGF52,21.626,-0.05725,0.5900994795397104,1.0
WNT52,98.081,0.14075,0.6655333256754506,1.0
ZEB52,0.434,-0.39789,1.0,1.0
ACTB53,57.221,0.47307,0.3056436172520425,1.0
BRCA53,25.919,0.06366,1.0,1.0
CDK53,2007.402,0.7086,0.1377448450674891,1.0
EGFR53,140.37,-0.18514,0.9760305023032764,1.0
FOX53,15.85,0.11144,1.0,1.0
GATA53,17.672,-0.30055,0.8884928295830951,1.0
HIF53,40.651,-0.50162,0.561559071908836,1.0
IL53,18.654,0.48452,0.4045310998342379,1.0
JAK53,90.214,0.15459,0.6208120231889853,1.0
KRAS53,169.974,-0.01516,1.0,1.0
LDH53,17.406,-0.1209,1.0,1.0
MYC53,700.596,0.27418,0.3690234668623167,1.0
NFK53,7.874,0.09846,0.6721335188791959,1.0
PTEN53,131.499,-0.4158,0.4678187713137868,1.0
RAS53,9.318,0.06618,0.5409194409973128,1.0
STAT53,15.952,0.25809,0.29312776911847244,1.0
TP53,547.361,0.04518,1.0,1.0
VEGF53,12.994,3.08561,1.136954521571894e-05,0.0016011501461299428
WNT53,54.549,0.25041,0.693923823022953,1.0
ZEB53,162.392,-0.28381,0.860577798105353,1.0
ACTB54,268.474,-0.12695,1.0,1.0
BRCA54,1985.961,0.16647,0.5595021805215972,1.0
CDK54,8.827,-0.02766,0.5897381640822826,1.0
EGFR54,442.798,0.08409,0.9302401896376468,1.0
FOX54,337.531,-0.07279,1.0,1.0
GATA54,131.421,0.04259,1.0,1.0
HIF54,35.135,0.26222,0.8008405860001518,1.0
IL54,4.239,-0.02197,1.0,1.0
JAK54,30.033,-0.47954,0.6861660735300212,1.0
KRAS54,133.097,-0.35451,0.4102182838760566,1.0
LDH54,30.596,-0.03049,0.9721819750430618,1.0
MYC54,39.863,-0.07613,1.0,1.0
NFK54,1694.462,0.07594,0.7620338653794425,1.0
PTEN54,67.012,0.60639,0.18906772388249865,1.0
RAS54,7.228,-0.29109,0.8451232921569333,1.0
STAT54,232.822,-0.13437,0.8815685536236475,1.0
TP54,0.159,0.1276,1.0,1.0
VEGF54,61.445,-0.04295,0.9469982376029968,1.0
WNT54,235.797,0.33253,0.5800669732672379,1.0
ZEB54,279.409,-0.30679,0.6672187714702648,1.0
ACTB55,8.157,-0.53229,0.6951997192455832,1.0
BRCA55,13.587,-0.73319,0.3243063128072772,1.0
CDK55,81.604,-0.69717,0.2606067271776423,1.0
EGFR55,21.218,-0.02214,1.0,1.0
FOX55,97.523,0.02225,0.44442784838815697,1.0
GATA55,84.876,0.01909,0.6442737539730761,1.0
HIF55,33.682,-0.51922,0.5703307386232596,1.0
IL55,15.143,-0.18967,0.6901763178585407,1.0
JAK55,31.276,0.12666,0.6642251182114832,1.0
KRAS55,14372.141,0.22633,0.24037017037486066,1.0
LDH55,2195.326,-0.1756,1.0,1.0
MYC55,37.816,0.24693,0.3990465346434673,1.0
NFK55,148.198,-0.50046,0.2365559047299996,1.0
PTEN55,11.695,0.54941,0.5758275057898252,1.0
RAS55,0.749,0.22948,0.5702007962913126,1.0
STAT55,96.024,0.19439,0.8196633497513364,1.0
TP55,73.271,-0.04686,1.0,1.0
VEGF55,78.724,0.23426,0.8622285451716525,1.0
WNT55,727.841,-0.03397,1.0,1.0
ZEB55,1208.928,0.02883,0.9506356223241185,1.0
ACTB56,175.362,0.07039,1.0,1.0
BRCA56,11.808,1.69588,0.029161358688524385,1.0
CDK56,29.209,0.0719,0.7459238660922604,1.0
EGFR56,41.235,-0.43181,0.3259668838799869,1.0
FOX56,2.85,0.3465,0.615179760754486,1.0
GATA56,6.212,-0.03824,0.40451869054196166,1.0
HIF56,8.241,-0.3241,1.0,1.0
IL56,0.989,0.32943,0.3495404910996941,1.0
JAK56,506.601,0.43955,0.23707544282994794,1.0
KRAS56,159.445,0.69099,0.14844510877662354,1.0
LDH56,16.614,-0.30648,0.46059815423379497,1.0
MYC56,286.596,0.24972,0.6642193058133076,1.0
NFK56,12.312,0.12357,1.0,1.0
PTEN56,61.162,0.13297,1.0,1.0
RAS56,12.853,0.43385,0.7964375048569047,1.0
STAT56,144.963,-0.11928,0.5661209407336023,1.0
TP56,1588.127,0.20431,0.6538973917719123,1.0
VEGF56,63.476,-0.51555,0.5543446602192087,1.0
WNT56,180.045,0.11801,0.9190933468469735,1.0
ZEB56,15.589,-0.14486,0.7853024905075922,1.0
ACTB57,110.058,-0.28196,0.5398529075185549,1.0
BRCA57,138.005,-0.46466,0.49572438600188207,1.0
CDK57,178.312,-0.26563,0.6522410423102746,1.0
EGFR57,131.748,-0.09526,1.0,1.0
FOX57,62.959,0.11898,1.0,1.0
GATA57,54.586,-0.4441,0.2893815621165945,1.0
HIF57,30.045,-0.47119,0.48510891940543627,1.0
IL57,97.345,-0.22746,0.3836144074481443,1.0
JAK57,11.119,0.35976,0.6510937719714762,1.0
KRAS57,10.55,1.52751,0.01783286897360031,1.0
LDH57,7.068,-0.31326,0.9078312566042616,1.0
MYC57,16.478,-0.02739,1.0,1.0
NFK57,2240.942,-0.55882,0.2681828636732633,1.0
PTEN57,34.426,0.0738,1.0,1.0
RAS57,125.106,-0.18613,0.5609582572044786,1.0
STAT57,4524.539,0.12582,1.0,1.0
TP57,104.3,-0.04643,0.40186182443211127,1.0
VEGF57,22.236,-0.40446,0.41598794717653803,1.0
WNT57,452.59,-0.37209,0.6546318810472275,1.0
ZEB57,2783.097,0.09496,0.3650797978678088,1.0
ACTB58,115.531,-0.43138,0.22511134758291562,1.0
BRCA58,42.66,-0.79793,0.12778105229166814,1.0
CDK58,22.837,-0.01504,0.4783344333665658,1.0
EGFR58,756.391,-0.04968,1.0,1.0
FOX58,145.541,-0.11334,0.9207738852784914,1.0
GATA58,18.59,0.33874,0.6424045440666133,1.0
HIF58,76.785,-0.0983,1.0,1.0
IL58,3.705,-0.43941,0.43718111884607885,1.0
JAK58,255.903,0.15181,1.0,1.0
KRAS58,97.421,0.35283,0.34391358261985727,1.0
LDH58,18.063,0.17166,0.3485159219474257,1.0
MYC58,8.532,0.02412,0.9365610957148475,1.0
NFK58,23.18,0.77102,0.16590419423373745,1.0
PTEN58,58.371,0.11999,1.0,1.0
RAS58,92.76,0.09735,1.0,1.0
STAT58,7.087,-0.15491,0.7686966354590123,1.0
TP58,47.361,0.03536,0.42706754958098325,1.0
VEGF58,30.734,0.46276,0.398730111840691,1.0
WNT58,71.046,-0.17791,0.9088412574964033,1.0
ZEB58,27.359,-0.40182,0.3227421132785175,1.0
ACTB59,0.773,0.19701,0.8644299562196537,1.0
BRCA59,2.015,0.1873,1.0,1.0
CDK59,27.155,0.19521,0.8329987443562192,1.0
EGFR59,102.037,0.01029,0.7234117110157496,1.0
FOX59,50.758,-0.29063,0.7671998817204734,1.0
GATA59,79.646,0.46746,0.49904828675031615,1.0
HIF59,740.406,-0.02296,0.6830342991279965,1.0
IL59,107.432,-0.12045,0.7935835822895764,1.0
JAK59,1207.255,0.09233,1.0,1.0
KRAS59,27.804,-0.13691,1.0,1.0
LDH59,61.221,-0.24782,1.0,1.0
MYC59,5.09,-0.19945,0.3833997759206097,1.0
NFK59,1818.969,-0.59488,0.06476156056454017,1.0
PTEN59,176.823,0.06945,1.0,1.0
RAS59,300.012,-0.10653,0.9106616034964805,1.0
STAT59,125.444,-0.19808,0.7322090983386317,1.0
TP59,183.502,-0.10904,0.4093470185866774,1.0
VEGF59,2.317,0.00669,0.4175033442574767,1.0
WNT59,34.8,-0.03027,0.6291447530608867,1.0
ZEB59,210.973,0.1864,0.5060841148192831,1.0
ACTB60,55.537,-0.25978,0.27224785053192835,1.0
BRCA60,148.757,-0.18976,0.5303631321491,1.0
CDK60,1072.007,-0.28803,0.506080102374673,1.0
EGFR60,280.543,-0.40352,0.5960505966565631,1.0
FOX60,196.72,-0.08876,1.0,1.0
GATA60,3.59,0.01573,0.8613365644881761,1.0
HIF60,8.745,0.03654,1.0,1.0
IL60,2214.129,0.00935,1.0,1.0
JAK60,21.816,0.30087,0.977404345948078,1.0
KRAS60,49.021,-1.24748,0.019538349021000607,1.0
LDH60,480.996,0.04088,0.9128561288039905,1.0
MYC60,201.019,0.23836,0.9278479443311622,1.0
NFK60,62.861,0.10574,0.9829571399306578,1.0
PTEN60,47.455,0.01113,0.47876038159189255,1.0
RAS60,141.142,0.0086,0.8706629868519441,1.0
STAT60,6741.008,-0.04872,0.8805734999413687,1.0
TP60,74.863,-0.00467,1.0,1.0
VEGF60,126.326,0.13418,0.5241052507797576,1.0
WNT60,154.856,0.06058,1.0,1.0
ZEB60,2959.919,-0.32683,0.452209685244642,1.0
ACTB61,47.449,-0.05993,1.0,1.0
BRCA61,39.135,0.605,0.3667494822175438,1.0
CDK61,6.447,0.28717,0.5645659747537276,1.0
EGFR61,2373.787,-0.04813,1.0,1.0
FOX61,2222.523,0.00844,1.0,1.0
GATA61,34.974,-0.28301,0.5610602632162622,1.0
HIF61,32.046,0.23933,0.9958624228559471,1.0
IL61,265.318,0.05715,0.45945077567085785,1.0
JAK61,2256.029,0.02962,0.6056202944998537,1.0
KRAS61,128.131,-0.20556,0.6858924450450808,1.0
LDH61,451.643,-0.12245,0.8847858431966719,1.0
MYC61,4.404,-0.24209,1.0,1.0
NFK61,965.878,0.32504,0.25254282485314716,1.0
PTEN61,238.152,-0.16762,0.5690500908685908,1.0
RAS61,520.075,-0.08196,0.7903715695431475,1.0
STAT61,2.491,-0.34605,0.4703278708027025,1.0
TP61,1117.802,-0.24636,0.9008571375540204,1.0
VEGF61,7.973,0.03438,0.8902410883789533,1.0
WNT61,5.554,0.52251,0.32031792777370216,1.0
ZEB61,27.496,-0.28452,0.45923885476731435,1.0
ACTB62,310.912,0.30802,0.40026720144966277,1.0
BRCA62,986.728,0.00316,0.6362361720031208,1.0
CDK62,5.875,0.27224,0.3208784633979417,1.0
EGFR62,40.8,0.33078,0.7015051712556845,1.0
FOX62,200.027,0.05623,0.8152402484615091,1.0
GATA62,2815.314,-0.16608,0.9300732341870226,1.0
HIF62,13.627,-0.02311,1.0,1.0
IL62,839.349,-0.14174,0.5442809441290033,1.0
JAK62,14.626,-0.21414,0.8864248666422722,1.0
KRAS62,132.355,0.02962,0.48684192195271686,1.0
LDH62,35.303,-0.37737,0.4893899492265851,1.0
MYC62,46.362,-0.42162,0.5382642360173132,1.0
NFK62,100.407,-0.10551,0.58058873579254,1.0
PTEN62,375.321,-0.10581,1.0,1.0
RAS62,38.799,0.04658,0.739934141381815,1.0
STAT62,75.604,0.07886,0.5126048711420765,1.0
TP62,48.975,-0.07072,1.0,1.0
VEGF62,51.379,0.34999,0.5311489365761204,1.0
WNT62,126.795,0.28814,0.44739154788222374,1.0
ZEB62,89.833,0.3784,0.7163851212352284,1.0
ACTB63,77.829,-0.05301,0.46515569108441335,1.0
BRCA63,4058.522,-0.22662,0.3752392067954231,1.0
CDK63,770.626,-0.18389,0.8462452244628561,1.0
EGFR63,264.989,-0.26708,0.34661958977280866,1.0
FOX63,23.506,-0.21404,1.0,1.0
GATA63,6.576,-0.07308,0.6078506483860535,1.0
HIF63,294.371,-0.1567,0.8828588018873572,1.0
IL63,25.749,0.38184,0.4632591329748125,1.0
JAK63,1.719,0.19441,1.0,1.0
KRAS63,49.639,-0.14833,1.0,1.0
LDH63,300.596,-0.07908,1.0,1.0
MYC63,2298.669,-0.24989,0.6284095227196117,1.0
NFK63,24.809,0.0532,0.6091040210591041,1.0
PTEN63,16.733,-0.0082,1.0,1.0
RAS63,12.3,-0.00813,0.7496673165145976,1.0
STAT63,52.529,-0.06666,0.9771775651405169,1.0
TP63,2.458,0.14677,1.0,1.0
VEGF63,26.037,-0.04731,1.0,1.0
WNT63,5.144,0.22696,0.9593596854610495,1.0
ZEB63,1.532,0.44181,0.44292632971270096,1.0
ACTB64,58.255,-0.15272,0.5318815169510929,1.0
BRCA64,29.844,-0.00448,1.0,1.0
CDK64,8.447,-0.04381,0.5438801141294568,1.0
EGFR64,3.412,0.34584,0.5441300665944611,1.0
FOX64,1478.753,-0.67153,0.16272570641403042,1.0
GATA64,110.333,0.00843,0.8532217443358231,1.0
HIF64,191.232,0.26456,0.4379566157791474,1.0
IL64,674.288,0.30894,0.7290720814732389,1.0
JAK64,10976.765,0.23491,0.7328272114710619,1.0
KRAS64,51.075,-0.34104,0.7155101546192844,1.0
LDH64,2931.545,0.23503,0.749273134410696,1.0
MYC64,6.89,0.25573,0.6836892957166351,1.0
NFK64,16.865,-0.08644,1.0,1.0
PTEN64,994.003,-0.02353,0.4903830000265049,1.0
RAS64,30.295,-0.85579,0.13341635976640723,1.0
STAT64,175.409,0.38348,0.2514313994124422,1.0
TP64,641.707,0.19882,0.31691930399874996,1.0
VEGF64,100.151,-0.32661,0.6613724746427702,1.0
WNT64,67.41,0.2843,0.4826598380373901,1.0
ZEB64,4.533,0.45931,0.2720564499435398,1.0
ACTB65,45.154,-0.26093,0.6395352930349288,1.0
BRCA65,170.917,-0.00318,1.0,1.0
CDK65,52.082,-0.19906,1.0,1.0
EGFR65,9.499,-0.29418,1.0,1.0
FOX65,158.973,-0.03525,1.0,1.0
GATA65,90.87,0.13587,0.9864652543198632,1.0
HIF65,501.03,0.25032,0.6648761128248837,1.0
IL65,233.051,-0.01249,1.0,1.0
JAK65,64.045,-0.1039,0.5864371383092293,1.0
KRAS65,4.569,0.4006,0.26134018078847043,1.0
LDH65,12.82,0.17727,0.6224711365795805,1.0
MYC65,216.128,2.02085,3.207658013623588e-05,0.0033764821196037766
NFK65,18.07,-0.39309,0.8599095576470288,1.0
PTEN65,8.338,-0.24536,1.0,1.0
RAS65,108.626,-0.14011,1.0,1.0
STAT65,1534.777,0.24528,0.6220943349652531,1.0
TP65,8.648,-0.3049,0.47807193239260243,1.0
VEGF65,25.062,-0.1067,0.3817567943560151,1.0
WNT65,7.053,-0.02491,1.0,1.0
ZEB65,284.181,-0.28793,0.49755545638841053,1.0
ACTB66,249.772,-0.04461,0.7103569050397931,1.0
BRCA66,30.191,0.71925,0.11740227332066662,1.0
CDK66,16.451,0.11363,1.0,1.0
EGFR66,29.219,-0.20671,1.0,1.0
FOX66,382.388,0.39157,0.48267591698991746,1.0
GATA66,43.82,-0.04464,1.0,1.0
HIF66,136.557,0.30629,0.3518840385540196,1.0
IL66,59.44,0.16417,0.9933823987883673,1.0
JAK66,179.89,-0.04677,1.0,1.0
KRAS66,189.947,-0.01867,1.0,1.0
LDH66,0.845,0.08267,0.8946508300669094,1.0
MYC66,360.681,-0.57956,0.3011862941945952,1.0
NFK66,3932.885,0.28305,0.43922241947999197,1.0
PTEN66,3562.719,0.39972,0.24911851410467592,1.0
RAS66,826.8,-0.20232,0.8305817763536327,1.0
STAT66,106.515,-0.27264,0.9014604158298148,1.0
TP66,16.321,-0.02088,0.8494972647104518,1.0
VEGF66,85.814,0.26843,0.265360131783227,1.0
WNT66,14.041,0.6043,0.5463993888054066,1.0
ZEB66,7.929,0.27592,0.4352107630143533,1.0
ACTB67,17.802,-0.20342,1.0,1.0
BRCA67,371.938,-0.77575,0.04647506480154398,1.0
CDK67,393.087,0.20104,1.0,1.0
EGFR67,24.997,0.00296,1.0,1.0
FOX67,5.254,-0.28595,1.0,1.0
GATA67,5.822,-0.25443,0.5187741273094271,1.0
HIF67,31.267,-0.48581,0.5699109262491798,1.0
IL67,49.738,-0.20653,1.0,1.0
JAK67,301.021,0.16554,1.0,1.0
KRAS67,23.139,-0.1268,1.0,1.0
LDH67,11.943,0.00351,0.7635418461249996,1.0
MYC67,126.276,-0.26088,0.2906550604854594,1.0
NFK67,375.518,-0.33541,0.5697951906064791,1.0
PTEN67,210.225,0.6019,0.3412842431722633,1.0
RAS67,4.889,0.07438,1.0,1.0
STAT67,336.267,-0.06497,1.0,1.0
TP67,50.337,0.295,0.7678854111429727,1.0
VEGF67,34.027,-0.00627,0.9064516500330283,1.0
WNT67,21.533,-0.11234,1.0,1.0
ZEB67,14.148,-0.09926,1.0,1.0
ACTB68,131.158,-0.03322,1.0,1.0
BRCA68,188.996,0.26994,0.42745461676601104,1.0
CDK68,76.727,0.30819,0.3568492710617433,1.0
EGFR68,65.953,0.15848,1.0,1.0
FOX68,117.375,-0.14067,0.8218530465153691,1.0
GATA68,69.344,-0.07611,0.5299068594841252,1.0
HIF68,14.807,-0.24074,0.5076383391400394,1.0
IL68,12963.275,-0.07063,0.39255173024699874,1.0
JAK68,15.647,1.70556,0.01045122043483579,0.6431520267591255
KRAS68,2203.216,0.248,0.6460214662460027,1.0
LDH68,28.55,-0.08066,0.45484870871138483,1.0
MYC68,27.299,0.0806,0.7676344380867164,1.0
NFK68,65.657,-0.64426,0.3925795366956932,1.0
PTEN68,42.668,0.32187,0.6252540499628512,1.0
RAS68,219.977,-0.02791,1.0,1.0
STAT68,6.116,0.06336,1.0,1.0
TP68,10.475,-0.21461,0.8733914444868655,1.0
VEGF68,61.414,0.17259,0.38647755458768285,1.0
WNT68,45.429,-0.225,0.9192931037997175,1.0
ZEB68,24.717,0.05872,1.0,1.0
ACTB69,19.604,0.17995,1.0,1.0
BRCA69,594.045,0.05082,0.9504266720030105,1.0
CDK69,1205.892,-0.19587,0.7120212245577555,1.0
EGFR69,231.021,0.05081,1.0,1.0
FOX69,157.455,0.52742,0.3345973754486826,1.0
GATA69,318.007,-0.1668,0.7446757060481887,1.0
HIF69,61.461,0.88848,0.0684307116735536,1.0
IL69,73.979,0.6378,0.26943477997300996,1.0
JAK69,254.149,-0.0539,1.0,1.0
KRAS69,475.88,-0.27969,0.5056728667420266,1.0
LDH69,52.245,0.13766,1.0,1.0
MYC69,3.183,0.6691,0.6929235385811888,1.0
NFK69,1892.637,0.30349,0.46869375960447934,1.0
PTEN69,85.162,0.00409,0.4557043635790045,1.0
RAS69,71.193,-0.34293,0.2648238330934957,1.0
STAT69,699.896,0.51427,0.2427226893724898,1.0
TP69,611.52,-0.04475,1.0,1.0
VEGF69,702.903,0.14135,0.5464748827770088,1.0
WNT69,116.411,-0.00649,1.0,1.0
ZEB69,13.827,-0.06104,1.0,1.0
ACTB70,10.781,-0.17921,1.0,1.0
BRCA70,136.856,0.30019,0.3217623793699518,1.0
CDK70,15.918,-0.01432,0.7066414930564143,1.0
EGFR70,67.12,0.37204,0.33511641303579437,1.0
FOX70,91.223,-0.11452,0.3800090253481897,1.0
GATA70,6.055,0.02381,0.8437110188614527,1.0
HIF70,77.597,-0.08822,1.0,1.0
IL70,85.506,0.01451,1.0,1.0
JAK70,108.605,-0.14395,0.33432438653411006,1.0
KRAS70,640.799,0.1173,1.0,1.0
LDH70,1481.219,0.48005,0.11153702492751644,1.0
MYC70,45.184,0.13049,0.4080939032269936,1.0
NFK70,28.551,0.05494,0.5408659694383122,1.0
PTEN70,116.646,-0.59805,0.2950651206167217,1.0
RAS70,109.931,0.05981,0.45616180290966996,1.0
STAT70,15.76,0.03047,1.0,1.0
TP70,42.053,0.00217,0.47830991902483383,1.0
VEGF70,6.436,0.23492,0.9914937444151083,1.0
WNT70,38.053,0.09188,0.43897744007769357,1.0
ZEB70,85.889,-0.32244,0.8255358938829574,1.0
ACTB71,1386.134,-0.53342,0.22650204419705952,1.0
BRCA71,218.324,0.06543,1.0,1.0
CDK71,15.443,-0.30419,0.5894417145812549,1.0
EGFR71,524.164,0.04146,1.0,1.0
FOX71,235.458,-0.33138,0.7248707391357441,1.0
GATA71,78.001,-0.17486,0.3058982391725753,1.0
HIF71,37.511,-0.22402,0.7339100982413415,1.0
IL71,8.97,-0.08039,0.4413318015330089,1.0
JAK71,70.846,-0.31571,0.6303028852837256,1.0
KRAS71,89.02,0.25596,0.8910070635261543,1.0
LDH71,133.899,0.118,1.0,1.0
MYC71,106.443,0.20346,0.3095399232039489,1.0
NFK71,592.219,0.05864,0.3880958152047197,1.0
PTEN71,302.465,-0.22665,0.6994545164017039,1.0
RAS71,26.415,-0.21309,0.5828832276899627,1.0
STAT71,390.772,0.03502,0.4187456392265929,1.0
TP71,21.794,0.24231,0.3456903579135233,1.0
VEGF71,780.104,-0.24673,0.8295027378008368,1.0
WNT71,57.026,0.0086,0.8212765846741862,1.0
ZEB71,28.206,0.18439,0.9441593705019256,1.0
ACTB72,33.385,0.08274,1.0,1.0
BRCA72,22.507,0.29456,0.9336433035326098,1.0
CDK72,10.574,-0.21813,0.3482136835568032,1.0
EGFR72,14.903,0.31612,0.9709214774994281,1.0
FOX72,4400.205,-0.43214,0.3369677967073831,1.0
GATA72,1080.996,0.44446,0.15126679617860073,1.0
HIF72,134.353,-0.17105,0.4862176813853901,1.0
IL72,14.24,0.04357,0.5734328340112563,1.0
JAK72,17.33,0.37691,0.725927341346438,1.0
KRAS72,84.22,-0.39775,0.5862185623080622,1.0
LDH72,4.178,-0.38694,0.3055170687328741,1.0
MYC72,27.476,-0.03125,1.0,1.0
NFK72,971.242,0.09498,0.3866526875294221,1.0
PTEN72,412.296,-0.68377,0.1643079240511556,1.0
RAS72,86.402,0.26241,0.8576781006322679,1.0
STAT72,77.064,-0.16142,1.0,1.0
TP72,217.169,-0.02194,1.0,1.0
VEGF72,243.338,-0.28549,0.8893716374638881,1.0
WNT72,101.267,-0.00037,1.0,1.0
ZEB72,7.535,-0.1679,1.0,1.0
ACTB73,231.319,0.11654,0.6268509821465323,1.0
BRCA73,897.385,-0.11373,0.6350775535269463,1.0
CDK73,39.068,0.39814,0.7592070347493335,1.0
EGFR73,392.985,-0.01362,1.0,1.0
FOX73,701.913,-0.53875,0.22578925367085828,1.0
GATA73,106.087,0.0851,0.42340736846170035,1.0
HIF73,7.658,0.13462,1.0,1.0
IL73,348.535,-0.02155,0.45826190596095834,1.0
JAK73,77.4,0.39415,0.5132871628332679,1.0
KRAS73,1820.769,-0.07531,0.4723949245635875,1.0
LDH73,374.786,-0.18086,0.6700906557360351,1.0
MYC73,205.678,0.28356,0.49572231469735567,1.0
NFK73,457.367,0.02093,0.5015947259886172,1.0
PTEN73,58.804,-0.42376,0.3591115639575158,1.0
RAS73,518.213,-0.41334,0.22830464302590564,1.0
STAT73,15.069,0.28179,0.7619864916005433,1.0
TP73,39.944,-0.00465,0.9469021352919121,1.0
VEGF73,59.333,0.18326,0.49526303347945216,1.0
WNT73,6.352,-0.58612,0.5998559584694518,1.0
ZEB73,15.83,-0.11074,1.0,1.0
ACTB74,61.407,-0.22998,0.519954464141328,1.0
BRCA74,34.292,0.1733,0.44095060776411166,1.0
CDK74,14.334,0.18736,0.6071529206926831,1.0
EGFR74,17.441,-0.56619,0.48939038649818445,1.0
FOX74,335.637,-0.08019,1.0,1.0
GATA74,1274.906,0.11901,0.874324903464524,1.0
HIF74,143.582,0.0911,0.353959240432874,1.0
IL74,76.518,0.07223,1.0,1.0
JAK74,17.636,0.30537,0.3766547006384624,1.0
KRAS74,10.781,-0.12873,0.6448321289060304,1.0
LDH74,258.348,-0.01,0.9085709713460395,1.0
MYC74,24.179,-0.07909,1.0,1.0
NFK74,74.479,-0.32987,0.7874996982434002,1.0
PTEN74,79.468,-0.15151,0.4183718972772165,1.0
RAS74,107.296,0.03952,1.0,1.0
STAT74,1492.578,-0.04094,1.0,1.0
TP74,12.609,0.07967,0.6262700280419782,1.0
VEGF74,53.835,0.00134,0.6543847280535748,1.0
WNT74,144.075,0.15659,1.0,1.0
ZEB74,3.724,-0.28394,0.9164425634141237,1.0
ACTB75,42.376,-0.06817,0.7667951288739564,1.0
BRCA75,460.941,-0.23146,0.3930708850889911,1.0
CDK75,472.653,0.10439,0.6369874082067002,1.0
EGFR75,90.237,0.29731,0.42459954498463914,1.0
FOX75,394.853,-0.03126,1.0,1.0
GATA75,60.402,-0.24642,0.3042814307655774,1.0
HIF75,45.569,0.2181,0.31279444325081496,1.0
IL75,16.923,0.49495,0.3983188020732877,1.0
JAK75,48.629,0.13874,0.9624134672129382,1.0
KRAS75,40.199,-0.2943,0.8668842512930967,1.0
LDH75,90.179,0.06343,1.0,1.0
MYC75,275.979,-0.1707,0.4573852494936228,1.0
NFK75,813.974,0.41483,0.47028252175237634,1.0
PTEN75,498.569,0.43919,0.4116357041190142,1.0
RAS75,175.869,-0.15476,0.9654671808025214,1.0
STAT75,56.249,-0.28783,0.3436299136174555,1.0
TP75,132.272,0.27492,0.9052643829487199,1.0
VEGF75,8.65,-0.16407,0.4111507042046555,1.0
WNT75,253.067,-0.11162,1.0,1.0
ZEB75,9.041,-0.22347,0.5767450887494131,1.0
ACTB76,257.535,-0.20068,0.4078033834385575,1.0
BRCA76,302.639,-0.12295,0.8423676780241384,1.0
CDK76,11.49,-0.27639,0.7645437810996346,1.0
EGFR76,30.722,-0.30779,0.5390993961819156,1.0
FOX76,5284.086,-0.23366,0.7077834307692579,1.0
GATA76,51.003,-0.15119,0.5452714047935818,1.0
HIF76,12.853,-0.30676,0.5366739102444721,1.0
IL76,35.499,0.1256,0.7621878946381734,1.0
JAK76,262.738,0.28325,0.8888450086675835,1.0
KRAS76,283.153,-0.24867,0.25539308629730484,1.0
LDH76,1012.276,0.39835,0.3354902241965928,1.0
MYC76,58.022,-0.09872,0.47542205662803483,1.0
NFK76,107.354,-0.24032,0.8096644830215987,1.0
PTEN76,497.366,-0.01444,1.0,1.0
RAS76,186.883,0.13115,0.41264633967695385,1.0
STAT76,470.484,-0.09692,0.9789026034545606,1.0
TP76,11.286,0.1787,1.0,1.0
VEGF76,40.622,0.38756,0.32949721757568895,1.0
WNT76,171.66,0.22807,0.7388910935873861,1.0
ZEB76,126.405,0.16735,1.0,1.0
ACTB77,50.722,-0.11426,1.0,1.0
BRCA77,260.823,-0.31487,0.2561884852074036,1.0
CDK77,101.951,-0.39685,0.7245266256598707,1.0
EGFR77,73.932,0.47767,0.22228793462954655,1.0
FOX77,27.911,0.39488,0.25679055445389193,1.0
GATA77,6.475,0.21723,0.7194216669264966,1.0
HIF77,443.995,-0.1034,0.6289229331871367,1.0
IL77,11.462,0.36008,0.660625238271909,1.0
JAK77,65.001,-0.04462,0.7460385292895975,1.0
KRAS77,3.078,0.20863,0.4718712792947374,1.0
LDH77,394.414,-0.13872,0.6015334054106198,1.0
MYC77,815.728,-0.15841,0.35318971293701906,1.0
NFK77,1.552,-0.13587,1.0,1.0
PTEN77,225.277,-0.17615,0.4021637627767541,1.0
RAS77,64.423,0.4785,0.5230315637204759,1.0
STAT77,108.013,0.41818,0.421100642667164,1.0
TP77,7.23,0.07171,0.9815456587050111,1.0
VEGF77,91.36,-0.12796,0.7120494597131144,1.0
WNT77,604.399,-0.42595,0.5467689892559846,1.0
ZEB77,11.569,-0.0552,1.0,1.0
ACTB78,42.26,-0.28615,0.8045122239872432,1.0
BRCA78,56.782,0.01455,1.0,1.0
CDK78,68.19,0.14812,0.7316058962381291,1.0
EGFR78,295.775,0.63923,0.22866362697943146,1.0
FOX78,137.814,-0.09325,0.8906717220660184,1.0
GATA78,10.708,-0.401,0.7858280579080705,1.0
HIF78,156.054,-0.28589,0.7119005461737583,1.0
IL78,21.098,0.1512,0.6243587321148831,1.0
JAK78,5.672,-0.00941,0.7918915705147769,1.0
KRAS78,34.172,0.12977,0.3892682996064913,1.0
LDH78,5.744,0.12814,0.7317170656724274,1.0
MYC78,19257.456,0.29584,0.34712180969979184,1.0
NFK78,73.059,0.21269,0.4084489822834891,1.0
PTEN78,250.427,0.32327,0.4045564412061951,1.0
RAS78,2.579,-0.73368,0.5942167941160033,1.0
STAT78,2.474,-0.32178,0.5703812264628931,1.0
TP78,1385.303,0.33901,0.33047810879703393,1.0
VEGF78,1145.95,0.09019,0.9200567671108394,1.0
WNT78,6.01,0.21788,0.3368988787495852,1.0
ZEB78,9.869,-0.36201,0.9163540186937464,1.0
ACTB79,37.938,0.02433,1.0,1.0
BRCA79,271.875,0.00881,0.5104073718288806,1.0
CDK79,21.147,-0.2536,0.32224573368522796,1.0
EGFR79,75.791,-0.18464,0.6355692141119327,1.0
FOX79,105.739,-0.15554,0.33532538476627455,1.0
GATA79,1765.414,0.05946,1.0,1.0
HIF79,313.719,-0.42676,0.5676842124996426,1.0
IL79,172.818,0.20358,0.2792924289269533,1.0
JAK79,76.124,-0.09123,0.9439298417999047,1.0
KRAS79,25.262,0.12398,0.5978184400030683,1.0
LDH79,25.832,-0.08623,1.0,1.0
MYC79,522.236,-0.11895,1.0,1.0
NFK79,205.433,-0.24362,0.9972441549729464,1.0
PTEN79,9.14,-0.04141,1.0,1.0
RAS79,3046.099,0.02083,1.0,1.0
STAT79,5.576,0.00297,0.5418364499278674,1.0
TP79,75.577,0.5551,0.16526773700852554,1.0
VEGF79,287.986,-0.13769,0.6697509953792006,1.0
WNT79,31.462,0.62945,0.2734692675353121,1.0
ZEB79,98.63,-0.41129,0.35964737197807284,1.0
ACTB80,132.764,-0.01873,1.0,1.0
BRCA80,810.984,-0.13173,1.0,1.0
CDK80,217.919,-0.05228,0.7840146108273661,1.0
EGFR80,76.859,-0.30367,0.2571643553997426,1.0
FOX80,18.9,-0.01402,1.0,1.0
GATA80,25.504,0.17763,0.7438498850780928,1.0
HIF80,5.39,2.94709,0.00035098746914091197,0.029154318066136328
IL80,3706.073,0.30394,0.6522510073631168,1.0
JAK80,1.097,0.1449,0.6969526633340702,1.0
KRAS80,115.215,-0.52047,0.3327475859107033,1.0
LDH80,294.779,0.05319,0.37359169105783546,1.0
MYC80,391.037,-0.2709,0.640877347904288,1.0
NFK80,19.505,0.15244,0.9853001234922335,1.0
PTEN80,9.426,0.3292,0.4498745740763906,1.0
RAS80,1461.847,0.2531,0.5227676371820854,1.0
STAT80,24.391,0.13138,1.0,1.0
TP80,7.011,-0.17299,1.0,1.0
VEGF80,11.078,2.06156,0.007664311709297432,0.4944717231804795
WNT80,131.681,-0.27009,0.4473238372823147,1.0
ZEB80,3739.937,0.21064,0.769484238930698,1.0
ACTB81,283.017,0.35651,0.3509550069620052,1.0
BRCA81,5.994,-0.01424,1.0,1.0
CDK81,143.791,-0.18384,0.9150280324444218,1.0
EGFR81,1.912,-0.10258,1.0,1.0
FOX81,668.432,-1.84253,6.424999733492443e-05,0.006424999733492444
GATA81,17.431,0.07458,1.0,1.0
HIF81,10.886,-0.13194,0.7025777356623705,1.0
IL81,323.516,-0.06422,0.9151436842520133,1.0
JAK81,355.156,0.10945,0.6082207793016239,1.0
KRAS81,8.446,0.23039,0.7909150670420967,1.0
LDH81,135.871,-0.05505,0.8332326875913691,1.0
MYC81,21.294,0.18035,0.7103729182182492,1.0
NFK81,12.267,0.32777,0.90047547204563,1.0
PTEN81,16.994,0.38056,0.7494828655396677,1.0
RAS81,350.382,-0.0947,0.7136571270565186,1.0
STAT81,225.173,0.01909,0.7232436652103603,1.0
TP81,199.264,0.34194,0.21946199094617233,1.0
VEGF81,4613.82,0.24259,0.4476272170748571,1.0
WNT81,2240.702,0.12273,1.0,1.0
ZEB81,2.165,0.377,0.5296037584946337,1.0
ACTB82,4854.773,0.3256,0.21286122449341738,1.0
BRCA82,412.344,-0.25694,0.7005342242223461,1.0
CDK82,135.482,-0.10733,1.0,1.0
EGFR82,473.126,-0.35757,0.28832662487639454,1.0
FOX82,133.101,0.18547,1.0,1.0
GATA82,141.636,-0.40772,0.1866705124620667,1.0
HIF82,48.079,0.16561,0.7088903821285559,1.0
IL82,452.994,0.30594,0.5474075399080262,1.0
JAK82,73.54,0.10317,1.0,1.0
KRAS82,0.901,-0.03289,1.0,1.0
LDH82,40.076,0.13883,0.6263732248025573,1.0
MYC82,101.106,0.11428,0.8642161695954838,1.0
NFK82,260.524,0.14761,0.44468641688440386,1.0
PTEN82,1627.442,0.40722,0.46230976183069755,1.0
RAS82,55.136,0.40864,0.19866753135399723,1.0
STAT82,2034.507,0.08577,0.9689310970185527,1.0
TP82,23.422,0.2732,0.9579483183872215,1.0
VEGF82,19.616,0.1029,1.0,1.0
WNT82,10.652,-0.15124,1.0,1.0
ZEB82,391.527,0.39386,0.4834747474645551,1.0
ACTB83,53.157,-0.23751,0.734653002787565,1.0
BRCA83,84.561,-0.01782,1.0,1.0
CDK83,139.883,0.09417,0.7398850985618254,1.0
EGFR83,270.017,-0.12603,1.0,1.0
FOX83,2.814,4.4903,6.42116127212091e-06,0.0010273858035393455
GATA83,42.532,-0.11781,1.0,1.0
HIF83,225.388,-0.00981,1.0,1.0
IL83,25.414,0.07266,1.0,1.0
JAK83,106.563,-0.1449,0.9714408776244073,1.0
KRAS83,146.968,0.39607,0.28417454077553306,1.0
LDH83,7.387,0.43957,0.3118020603691437,1.0
MYC83,4.613,-0.01793,0.4274978676472316,1.0
NFK83,51.343,0.17087,0.7632664811241194,1.0
PTEN83,90.373,-0.3121,0.34649170441343735,1.0
RAS83,615.882,-0.04037,0.7131200505248053,1.0
STAT83,5133.971,-0.22713,0.4794079745330789,1.0
TP83,20.0,0.04666,0.9817993698139021,1.0
VEGF83,50.014,-0.17865,0.6774086738087512,1.0
WNT83,275.407,0.75033,0.13970292202509316,1.0
ZEB83,16.173,-0.14531,0.9189981803995723,1.0
ACTB84,281.675,0.01283,1.0,1.0
BRCA84,556.697,0.14676,0.518885078110982,1.0
CDK84,205.376,-0.59739,0.10646202592055552,1.0
EGFR84,6194.609,0.32548,0.18307282481682224,1.0
FOX84,0.883,-0.15123,0.6164601006705551,1.0
GATA84,3.715,-0.09531,1.0,1.0
HIF84,7.866,0.14807,1.0,1.0
IL84,117.733,-0.14408,0.8771140900859298,1.0
JAK84,60.852,-0.0708,0.49594482219830394,1.0
KRAS84,14.926,-0.1482,0.5765904454032367,1.0
LDH84,283.823,0.07376,1.0,1.0
MYC84,19.265,-0.27018,0.571706959898888,1.0
NFK84,128.21,-0.12985,0.6098756786036112,1.0
PTEN84,48.355,0.11548,1.0,1.0
RAS84,0.785,0.6428,0.7896844609096143,1.0
STAT84,647.263,0.02051,0.8156981050883003,1.0
TP84,6.552,0.37703,0.8882687328195531,1.0
VEGF84,91.743,0.48215,0.19746448272131836,1.0
WNT84,14.363,-0.5632,0.2596787032309767,1.0
ZEB84,7.863,0.04499,0.38175404146217795,1.0
ACTB85,23.758,0.09326,1.0,1.0
BRCA85,11.02,-0.25997,0.4371143190699525,1.0
CDK85,1022.563,0.0736,0.6732172290963386,1.0
EGFR85,1304.187,0.03368,0.5721774866006432,1.0
FOX85,7.625,0.2432,0.9329619664928593,1.0
GATA85,78.104,-0.03522,1.0,1.0
HIF85,7.045,0.34124,0.3026291573335018,1.0
IL85,84.794,-0.21283,0.949771267075694,1.0
JAK85,4.514,-0.40121,0.407365962948587,1.0
KRAS85,75.515,0.09798,0.49073747945964175,1.0
LDH85,111.199,-0.10524,0.33956874087409383,1.0
MYC85,23.463,-0.15354,1.0,1.0
NFK85,91.481,0.3414,0.4155075313198768,1.0
PTEN85,217.926,0.32789,0.6403691884869895,1.0
RAS85,44.181,0.50254,0.20002897259690997,1.0
STAT85,47.864,0.13735,0.9076540372962675,1.0
TP85,21.061,0.19255,0.8657346400735185,1.0
VEGF85,20.132,-0.27606,0.9833177364253902,1.0
WNT85,112.884,-0.00109,0.47942769832764004,1.0
ZEB85,623.489,-0.12267,0.8642450311431571,1.0
ACTB86,26.042,-0.15063,0.3572850305526782,1.0
BRCA86,18.617,-0.06387,0.8963480771981677,1.0
CDK86,336.87,-0.02094,1.0,1.0
EGFR86,8.426,-0.31834,0.46874373171133793,1.0
FOX86,5.005,-1.1349,0.10657182788154099,1.0
GATA86,19.977,0.13338,1.0,1.0
HIF86,709.751,-0.05547,1.0,1.0
IL86,9.874,-0.14735,0.6394570579973418,1.0
JAK86,414.925,-0.23644,0.24798025965173473,1.0
KRAS86,59.171,0.4253,0.6095937025561097,1.0
LDH86,86.922,-0.0093,0.8938330302702258,1.0
MYC86,11.1,0.32156,0.3957392627985966,1.0
NFK86,4.871,-0.32769,0.5110666924438235,1.0
PTEN86,13354.245,0.13676,1.0,1.0
RAS86,102.566,-0.03691,1.0,1.0
STAT86,4.462,0.14512,1.0,1.0
TP86,445.011,0.12351,0.7123992438941383,1.0
VEGF86,121.558,-0.20666,0.6800457008276347,1.0
WNT86,279.293,-0.22041,0.30163574567436785,1.0
ZEB86,6.849,0.43449,0.43962136899913346,1.0
ACTB87,314.516,-0.33414,0.5673334345884808,1.0
BRCA87,6.573,0.09793,1.0,1.0
CDK87,7.367,-0.3035,0.9194456638941692,1.0
EGFR87,3407.784,0.05366,1.0,1.0
FOX87,4.41,0.31963,0.5106005577629004,1.0
GATA87,1676.899,0.01064,0.3953013316705103,1.0
HIF87,125.597,0.26221,0.37857694740037906,1.0
IL87,284.82,0.03634,1.0,1.0
JAK87,13.256,0.03193,0.5011411877602187,1.0
KRAS87,78.564,-0.59964,0.33208902109852073,1.0
LDH87,15.481,-0.3153,0.799770291773459,1.0
MYC87,482.782,0.22246,0.7811478594249389,1.0
NFK87,98.782,0.38014,0.5821543983051153,1.0
PTEN87,81.384,0.2788,0.5292272273373525,1.0
RAS87,15.655,-0.20494,1.0,1.0
STAT87,112.333,0.60196,0.1832590381711045,1.0
TP87,33.092,-0.25797,0.8905776237956265,1.0
VEGF87,1780.47,-0.04995,0.6241238976384106,1.0
WNT87,533.724,0.10266,0.9091702975672614,1.0
ZEB87,386.816,0.29153,0.6343514549949953,1.0
ACTB88,454.359,-0.09207,0.5881241608666025,1.0
BRCA88,120.939,-0.16716,1.0,1.0
CDK88,75.189,-0.4327,0.4729995800322323,1.0
EGFR88,120.207,0.19388,0.703899632721608,1.0
FOX88,362.201,0.30308,0.3549388597319478,1.0
GATA88,129.844,0.14958,0.7587268336954842,1.0
HIF88,173.351,0.15818,0.8340055787411226,1.0
IL88,21.452,-0.33492,0.35004536974932726,1.0
JAK88,9.682,-0.01969,1.0,1.0
KRAS88,173.019,0.23089,0.4540173996816673,1.0
LDH88,384.351,-0.06019,1.0,1.0
MYC88,255.726,-0.01377,0.8341049622252392,1.0
NFK88,104.827,0.33155,0.29060140378160065,1.0
PTEN88,287.679,-2.85608,4.12888752428683e-08,1.5014136451952108e-05
RAS88,75.35,-0.32592,0.2248055486506086,1.0
STAT88,0.665,-0.48355,0.46332656483621426,1.0
TP88,1235.984,0.2376,0.5793682713284533,1.0
VEGF88,25.974,-0.41691,0.42762576818030756,1.0
WNT88,49.867,0.09451,0.3941749222221667,1.0
ZEB88,483.941,-0.15536,0.5673709040938526,1.0
ACTB89,58.868,0.48516,0.27124996324599343,1.0
BRCA89,41.961,0.11518,1.0,1.0
CDK89,717.255,0.41979,0.22244851060131682,1.0
EGFR89,5.253,0.08633,0.4872769900809177,1.0
FOX89,1.446,2.6038,0.016354516295069732,0.9763890325414766
GATA89,14.918,0.29637,0.7654707906215258,1.0
HIF89,1114.072,0.4787,0.3001756949416,1.0
IL89,402.096,-0.02594,0.8148677684056511,1.0
JAK89,2.261,0.29424,0.4874135608150003,1.0
KRAS89,19127.253,-0.40169,0.15378943707296883,1.0
LDH89,848.236,-0.17463,0.5174973581752013,1.0
MYC89,88.497,0.54561,0.2683695457675105,1.0
NFK89,740.513,0.01335,0.7029433938320466,1.0
PTEN89,270.962,0.08504,0.8852858360470814,1.0
RAS89,55.108,0.11442,1.0,1.0
STAT89,49.508,-0.49424,0.4405394603268246,1.0
TP89,29.733,0.17966,0.5698269540027678,1.0
VEGF89,128.453,-0.54469,0.14335847233271917,1.0
WNT89,15.748,-0.0969,0.4475267433030705,1.0
ZEB89,53.028,0.33758,0.8358064751973698,1.0
ACTB90,27.092,0.19271,1.0,1.0
BRCA90,28.31,-0.36451,0.6065566703837582,1.0
CDK90,39.85,0.23457,1.0,1.0
EGFR90,54.947,0.6388,0.3703163619648427,1.0
FOX90,1.796,0.26024,0.5499683570141668,1.0
GATA90,506.809,0.35582,0.2094379036780765,1.0
HIF90,19.282,-0.3879,0.8070488002526425,1.0
IL90,7154.375,0.18872,0.9673555264976004,1.0
JAK90,7.834,0.33206,0.6638987261325485,1.0
KRAS90,103.824,0.23549,0.29300142925184386,1.0
LDH90,242.711,-0.62648,0.27055418147657573,1.0
MYC90,5.633,0.24557,0.9650262493066405,1.0
NFK90,44.458,-0.82494,0.10205239001730679,1.0
PTEN90,1389.702,-0.09619,1.0,1.0
RAS90,8.502,0.31466,0.7016278776283741,1.0
STAT90,16.331,0.36592,0.7985822640137217,1.0
TP90,87.214,0.14499,0.3995353402252491,1.0
VEGF90,377.215,-0.08573,1.0,1.0
WNT90,18.116,-0.02534,0.9657973675577282,1.0
ZEB90,4.114,-0.50996,0.3537369923470884,1.0
ACTB91,4.044,-0.16382,0.5539502104038949,1.0
BRCA91,863.464,-0.09986,0.6531499572403918,1.0
CDK91,10.436,0.4424,0.6152679356859333,1.0
EGFR91,97.921,0.45551,0.30854925884903167,1.0
FOX91,17.955,-0.27644,0.4210980068987994,1.0
GATA91,0.655,0.26941,0.9680692835610514,1.0
HIF91,2.159,-0.04377,0.6408578158855937,1.0
IL91,2109.978,0.04361,1.0,1.0
JAK91,158.843,-0.06329,1.0,1.0
KRAS91,5.473,-0.37173,0.9994985618585623,1.0
LDH91,294.032,-0.05486,1.0,1.0
MYC91,10.04,0.28621,0.3542309726327488,1.0
NFK91,74.067,0.06654,0.5694687623244375,1.0
PTEN91,212.132,-0.01261,1.0,1.0
RAS91,132.691,0.26657,0.42662201909682024,1.0
STAT91,1.522,0.3265,1.0,1.0
TP91,964.649,0.24285,0.7072794188052755,1.0
VEGF91,37.221,-0.51033,0.6059482042102409,1.0
WNT91,198.445,-0.06776,0.7212125511892744,1.0
ZEB91,38.545,3.10389,8.674368649932334e-07,0.00021685921624830837
ACTB92,26.056,0.38342,0.2742281269596856,1.0
BRCA92,1282.625,-0.4071,0.1583025155547101,1.0
CDK92,450.998,0.12431,0.8999153000674935,1.0
EGFR92,13.567,0.15264,1.0,1.0
FOX92,48.189,-0.43186,0.6195291338026081,1.0
GATA92,33.088,-0.18311,0.3927055033921371,1.0
HIF92,34.977,-0.47735,0.31612401626040226,1.0
IL92,32.199,-0.07947,0.4460842909926431,1.0
JAK92,23.317,-0.09998,0.8268536053045222,1.0
KRAS92,237.402,0.00533,0.9595475968014355,1.0
LDH92,37.19,0.43383,0.40767543432331027,1.0
MYC92,9.239,-0.04175,0.44377215074070764,1.0
NFK92,49.191,0.42298,0.20610510399679713,1.0
PTEN92,497.259,-0.38535,0.4249652902085875,1.0
RAS92,164.897,0.31204,0.6892442972618231,1.0
STAT92,13.711,-0.12609,1.0,1.0
TP92,119.586,0.04916,0.41232772495314823,1.0
VEGF92,5.438,0.03462,1.0,1.0
WNT92,4766.125,0.00787,1.0,1.0
ZEB92,153.002,-0.05649,1.0,1.0
ACTB93,1125.87,-0.29796,0.7106174753377172,1.0
BRCA93,18.617,-0.42481,0.7331165149876272,1.0
CDK93,14.766,-3.59912,5.672453776385416e-07,0.00016319163366376773
EGFR93,2.135,-0.19907,1.0,1.0
FOX93,952.287,-0.21355,0.9912005755586943,1.0
GATA93,57.987,-0.06985,0.44502118713581934,1.0
HIF93,108.109,-0.20616,0.4324596680291009,1.0
IL93,32.468,0.28782,0.30735530919695053,1.0
JAK93,377.969,-0.201,0.34726726827281074,1.0
KRAS93,7.851,-0.39587,0.7289218263000964,1.0
LDH93,446.952,-0.35815,0.31222607680452696,1.0
MYC93,178.129,-0.21812,0.8566251353693571,1.0
NFK93,497.194,0.31432,0.34777749530081664,1.0
PTEN93,84.369,0.39079,0.4784879578359921,1.0
RAS93,470.144,-0.5129,0.1485307136098594,1.0
STAT93,13.49,-0.21194,1.0,1.0
TP93,85.269,-0.2353,0.8602540004946174,1.0
VEGF93,267.172,0.30438,0.4209630073183012,1.0
WNT93,46.529,0.19655,1.0,1.0
ZEB93,343.822,-0.22407,0.3782883961229219,1.0
ACTB94,80.415,-0.27726,0.7362776191048082,1.0
BRCA94,1399.219,0.07817,0.3816418527869621,1.0
CDK94,34.265,0.2088,0.7230630324211054,1.0
EGFR94,34.531,0.07907,1.0,1.0
FOX94,40.112,-0.0796,1.0,1.0
GATA94,587.022,-0.02247,0.5044097624865144,1.0
HIF94,76.932,-0.02429,0.7068339891703488,1.0
IL94,1.219,0.26081,1.0,1.0
JAK94,1.003,-0.10024,1.0,1.0
KRAS94,5.702,-0.1496,1.0,1.0
LDH94,36.78,-0.6737,0.32534225294051605,1.0
MYC94,221.505,0.30091,0.7865570935626254,1.0
NFK94,740.537,0.07068,0.7577828464147417,1.0
PTEN94,49.555,0.12956,1.0,1.0
RAS94,115.194,0.08309,0.8467023924925662,1.0
STAT94,812.174,0.28025,0.7615264174758202,1.0
TP94,58.015,-0.22175,0.39198696842787767,1.0
VEGF94,67.605,-0.14307,0.4082919735325349,1.0
WNT94,98.285,-0.0277,1.0,1.0
ZEB94,491.288,-0.09778,0.622439497840864,1.0
ACTB95,141.974,-0.12615,0.730362698830439,1.0
BRCA95,24.315,-0.27406,1.0,1.0
CDK95,264.165,-0.19749,0.40217793544042996,1.0
EGFR95,2438.609,-0.47083,0.24588932280306577,1.0
FOX95,326.738,0.07883,0.49594165945792723,1.0
GATA95,47.637,0.5933,0.28681352103329943,1.0
HIF95,404.466,-0.41577,0.47130895370856407,1.0
IL95,267.888,0.05106,0.8867252334459058,1.0
JAK95,0.662,0.01893,1.0,1.0
KRAS95,18.271,-0.47199,0.3697496419813163,1.0
LDH95,20.438,0.11221,0.9302824182946885,1.0
MYC95,44.329,0.02554,1.0,1.0
NFK95,1.812,0.15677,1.0,1.0
PTEN95,374.774,-0.13573,0.3231622799004461,1.0
RAS95,330.758,-0.0503,1.0,1.0
STAT95,25.881,-0.47108,0.5117813569421827,1.0
TP95,153.929,0.04883,0.9918281188611265,1.0
VEGF95,37.249,-0.35861,0.5169752352645414,1.0
WNT95,168.603,-0.50532,0.4428260736701249,1.0
ZEB95,135.3,-0.03484,0.638412748368485,1.0
ACTB96,21.332,-0.19937,0.8467676946498397,1.0
BRCA96,196.783,0.43641,0.2300530301811287,1.0
CDK96,110.117,-0.01662,1.0,1.0
EGFR96,164.292,0.25137,0.8596492602315576,1.0
FOX96,32.054,0.2618,0.9101819481132625,1.0
GATA96,83.88,0.02655,0.5108301525512725,1.0
HIF96,96.706,-0.12904,1.0,1.0
IL96,14.511,-0.22616,0.562019046296129,1.0
JAK96,19.897,0.34994,0.37675607213118023,1.0
KRAS96,459.685,0.89668,0.047337781096951616,1.0
LDH96,355.419,-0.11553,0.4954236267967696,1.0
MYC96,51.941,0.15458,0.5242853757766464,1.0
NFK96,8.829,-0.4901,0.408920936828258,1.0
PTEN96,305.271,-0.36046,0.7215711669723553,1.0
RAS96,192.4,-0.19281,0.6229130461782584,1.0
STAT96,24.92,-0.29304,0.9781690409609597,1.0
TP96,139.971,-0.23636,0.49619861896739914,1.0
VEGF96,62.749,-0.06964,0.7758092818374664,1.0
WNT96,8.12,0.03177,0.5811730441231989,1.0
ZEB96,94.172,0.14729,1.0,1.0
ACTB97,13.943,0.61605,0.4107635722921483,1.0
BRCA97,734.974,-0.35225,0.30147775809866484,1.0
CDK97,38.194,-0.14205,1.0,1.0
EGFR97,51.332,-0.16169,0.6147750050144514,1.0
FOX97,24.669,-0.16805,0.8168807874562,1.0
GATA97,353.128,0.06409,1.0,1.0
HIF97,0.333,0.2613,0.9900589499728606,1.0
IL97,15.821,0.17911,0.653464661063173,1.0
JAK97,7.816,0.22465,0.8152960779820123,1.0
KRAS97,2.891,0.24332,0.3880104767347827,1.0
LDH97,5.032,0.16481,0.6542685927600861,1.0
MYC97,4.592,-0.00783,0.665051204996672,1.0
NFK97,796.591,0.12287,0.6120849905574333,1.0
PTEN97,36.525,0.15076,0.9304810076503873,1.0
RAS97,95.435,-0.21716,0.3152429683188359,1.0
STAT97,39.429,-0.33455,0.7753942545540574,1.0
TP97,334.991,0.02699,1.0,1.0
VEGF97,1396.881,-0.14345,1.0,1.0
WNT97,100.123,-0.23053,0.7189205286048592,1.0
ZEB97,33.614,-0.35427,0.749785102747988,1.0
ACTB98,43.059,0.30534,0.48883567071418477,1.0
BRCA98,91.657,0.31543,0.5477469416293683,1.0
CDK98,17.109,-0.13174,0.71683815112184,1.0
EGFR98,25.305,0.2331,0.3367357978328921,1.0
FOX98,63.113,0.08089,1.0,1.0
GATA98,96.268,0.01862,0.6985573130423803,1.0
HIF98,10.461,-0.21081,1.0,1.0
IL98,15.075,0.4239,0.5142710591567958,1.0
JAK98,1234.871,0.68242,0.18338163025562815,1.0
KRAS98,119.232,-0.11559,0.6996939345036816,1.0
LDH98,19.364,0.1097,0.7773354915262183,1.0
MYC98,167.191,0.32404,0.5158899070491891,1.0
NFK98,8208.415,0.25532,0.35476998692368145,1.0
PTEN98,15.06,0.04336,1.0,1.0
RAS98,61.685,-0.06182,1.0,1.0
STAT98,102.252,0.20876,0.9898146071821633,1.0
TP98,89.517,0.07799,1.0,1.0
VEGF98,27.055,-0.09297,0.8713455175996733,1.0
WNT98,6.586,-0.18331,0.45788051557769194,1.0
ZEB98,48.124,0.20277,0.3987550340636058,1.0
ACTB99,11.883,0.42901,0.25703523480905976,1.0
BRCA99,61.735,0.08575,0.8893383515028295,1.0
CDK99,31.293,0.25866,0.8253117818498092,1.0
EGFR99,23.846,0.38794,0.7253006107958423,1.0
FOX99,86.7,-0.37985,0.46970617970972967,1.0
GATA99,4.844,0.0076,1.0,1.0
HIF99,172.431,0.51526,0.33569646648713364,1.0
IL99,119.266,0.58795,0.3246703297085704,1.0
JAK99,0.763,-0.66492,0.543594156376826,1.0
KRAS99,13.224,0.37032,0.2859169563904623,1.0
LDH99,43.561,0.0406,0.8889985410064212,1.0
MYC99,32.606,0.37873,0.4118174399274258,1.0
NFK99,13.651,-0.21707,0.7517548458801249,1.0
PTEN99,114.268,-0.09891,1.0,1.0
RAS99,51.545,0.02491,0.5210171527180625,1.0
STAT99,187.755,0.11027,0.3733490261528314,1.0
TP99,1402.66,0.09388,1.0,1.0
VEGF99,3.762,0.00121,1.0,1.0
WNT99,4462.443,-0.1023,0.6150553037768388,1.0
ZEB99,113.224,-0.58013,0.17780668945605085,1.0
ACTB100,436.185,0.19189,0.5690146804162687,1.0
BRCA100,147.217,0.22061,0.7875293216514756,1.0
CDK100,5.226,0.3973,0.9187067906672187,1.0
EGFR100,274.382,-0.26226,0.2883022759393579,1.0
FOX100,154.798,0.50268,0.46181518764414126,1.0
GATA100,11.073,-0.17898,0.6919682044712346,1.0
HIF100,917.372,-0.1752,0.7956917168251023,1.0
IL100,6.413,-0.19998,0.7102881619120571,1.0
JAK100,0.217,-0.43623,0.873078803622242,1.0
KRAS100,581.1,0.26509,0.35190481970289306,1.0
LDH100,57.758,-0.14631,0.6729970052869214,1.0
MYC100,59.605,0.0747,0.8587323733971196,1.0
NFK100,17.889,-0.16405,1.0,1.0
PTEN100,226.925,-0.45846,0.22298164515071986,1.0
RAS100,1521.83,-0.40776,0.17638943288850656,1.0
STAT100,37.22,-0.41453,0.5617207140517628,1.0
TP100,12.118,0.09315,0.7180343927868974,1.0
VEGF100,5864.768,-0.18452,0.31651694741218134,1.0
WNT100,278.844,0.15496,0.8244270646292443,1.0
ZEB100,3205.827,-0.13267,0.8492252154506217,1.0
ACTB101,196.542,-0.97197,0.07222017358753878,1.0
BRCA101,25.641,-0.13374,0.8136926749424775,1.0
CDK101,1077.409,-0.15872,0.5739823654282401,1.0
EGFR101,14.316,-0.27685,0.44401600105335254,1.0
FOX101,66.127,-0.31292,0.5481583329815605,1.0
GATA101,3.88,0.23877,0.7227344664570184,1.0
HIF101,11.96,0.27017,1.0,1.0
IL101,22.485,-0.04052,0.7657272109379463,1.0
JAK101,85.923,-0.11959,0.5898660296830764,1.0
KRAS101,1.624,-0.07576,0.3971598957229632,1.0
LDH101,4.955,0.04382,0.9797862067359822,1.0
MYC101,3.836,0.09085,0.8646303995419645,1.0
NFK101,226.551,-0.37478,0.34895462493560714,1.0
PTEN101,45.273,-0.43904,0.7192052620161717,1.0
RAS101,388.468,0.69856,0.2200126402454289,1.0
STAT101,317.814,0.32013,0.6172031075110365,1.0
TP101,295.461,-2.13344,1.2531919435652944e-05,0.0016709225914203927
VEGF101,196.65,0.27327,0.30636057919731763,1.0
WNT101,29.847,0.46286,0.3978586699880496,1.0
ZEB101,8.34,-0.17681,1.0,1.0
ACTB102,255.522,-0.19223,0.9158776710850958,1.0
BRCA102,51.106,-0.41156,0.21056981514912218,1.0
CDK102,61.633,0.25813,0.4215130667314674,1.0
EGFR102,10.673,-0.09604,0.48290858673832054,1.0
FOX102,5.506,-0.27498,0.43162881887248,1.0
GATA102,921.511,0.13949,0.4104488938231694,1.0
HIF102,68.105,-0.24964,0.5001895827020401,1.0
IL102,207.945,-0.22633,0.5688336255296188,1.0
JAK102,1257.376,-0.12095,0.9756955224688132,1.0
KRAS102,49.715,0.02261,0.6649572833759964,1.0
LDH102,282.959,-0.14936,0.4477261679065391,1.0
MYC102,6.372,0.02719,0.8119677055074929,1.0
NFK102,20.823,-0.01924,0.5312277897078999,1.0
PTEN102,127.699,-0.61136,0.36991379699930205,1.0
RAS102,99.032,0.00745,1.0,1.0
STAT102,62.913,0.0449,0.5449720161097042,1.0
TP102,609.946,-0.63102,0.13372524698779922,1.0
VEGF102,98.327,-0.17665,1.0,1.0
WNT102,23.384,0.26822,0.6593285380872016,1.0
ZEB102,34.607,-0.38601,0.5775527291537896,1.0
ACTB103,47.752,0.15791,1.0,1.0
BRCA103,7.092,-0.02994,1.0,1.0
CDK103,934.215,-0.2854,0.22557364336159746,1.0
EGFR103,49.303,-1.52556,0.004101320733235435,0.2828497057403748
FOX103,19.803,0.80499,0.1465434229294425,1.0
GATA103,25448.309,0.13523,1.0,1.0
HIF103,158.658,-0.10231,1.0,1.0
IL103,1.581,-0.23924,0.9355122014867324,1.0
JAK103,1.936,-0.02205,0.929850622762525,1.0
KRAS103,52.974,-0.03897,0.6616772078402728,1.0
LDH103,2035.292,-0.02677,0.5572890118406867,1.0
MYC103,308.197,0.00737,0.7030198683136669,1.0
NFK103,215.372,-0.20873,0.5655961387037609,1.0
PTEN103,1.279,-0.02796,0.41066784472731593,1.0
RAS103,5765.759,-0.28776,0.6447820533231006,1.0
STAT103,25.327,-0.41031,0.2897316406629155,1.0
TP103,120.088,-0.12514,0.9460132522838225,1.0
VEGF103,38.377,-0.37098,0.3354451177913767,1.0
WNT103,1383.348,-0.03808,0.5707434679182847,1.0
ZEB103,110.295,-0.29025,0.6721615150277823,1.0
ACTB104,120.634,0.05875,0.43581980215496824,1.0
BRCA104,342.788,-0.54516,0.34707607308490357,1.0
CDK104,66.959,0.11257,0.37100932119941826,1.0
EGFR104,97.286,0.35578,0.2539560247470885,1.0
FOX104,89.185,0.5565,0.1593743794614638,1.0
GATA104,34.91,-0.02729,1.0,1.0
HIF104,12.326,0.44979,0.24241891025513482,1.0
IL104,16.883,-0.12953,0.3849093667110839,1.0
JAK104,284.705,0.26894,0.6701829073819638,1.0
KRAS104,1153.096,-0.22863,0.57741434039987,1.0
LDH104,7.785,-0.40214,0.6578762359649253,1.0
MYC104,207.875,-0.04551,0.4729725318571572,1.0
NFK104,4781.844,0.04263,1.0,1.0
PTEN104,3.942,-0.06285,0.5165843773181128,1.0
RAS104,88.502,-0.27285,0.7466173685041164,1.0
STAT104,208.17,0.59402,0.2877221015949832,1.0
TP104,6.531,0.17247,1.0,1.0
VEGF104,210.72,-0.92841,0.09219369600316744,1.0
WNT104,157.295,-0.01821,1.0,1.0
ZEB104,410.615,0.0258,0.562958954727877,1.0
ACTB105,33.842,0.19878,0.7201125350534219,1.0
BRCA105,128.724,0.97053,0.040750914909287166,1.0
CDK105,2.425,-0.28434,1.0,1.0
EGFR105,62.005,0.16811,0.9147167946915661,1.0
FOX105,27.54,-0.16404,0.6525059175214377,1.0
GATA105,8.434,0.12628,0.7057460550799635,1.0
HIF105,59.623,0.11558,1.0,1.0
IL105,311.928,-0.08266,0.46428833148783705,1.0
JAK105,22.256,0.03235,1.0,1.0
KRAS105,64.281,0.48467,0.4826315797330053,1.0
LDH105,251.629,-0.31995,0.5245727361429638,1.0
MYC105,73.193,0.4223,0.34826945713891605,1.0
NFK105,151.017,0.22871,0.9581601180994604,1.0
PTEN105,466.039,0.21614,0.8004609064069195,1.0
RAS105,141.85,0.16116,0.641835605525165,1.0
STAT105,19.675,0.45413,0.5574951849858483,1.0
TP105,5.626,-0.09386,1.0,1.0
VEGF105,5.583,0.40335,0.876320770476803,1.0
WNT105,95.526,-0.09512,0.6882259658001717,1.0
ZEB105,65.766,0.0742,0.45453495988313825,1.0
ACTB106,535.307,0.7303,0.149352606970542,1.0
BRCA106,7.334,-0.11697,1.0,1.0
CDK106,12.903,-0.15796,1.0,1.0
EGFR106,683.045,0.25738,0.8805106087383605,1.0
FOX106,47.064,0.05151,1.0,1.0
GATA106,234.782,-0.42556,0.5577114123601403,1.0
HIF106,10.0,-0.06367,0.9370942777396253,1.0
IL106,126.375,0.43709,0.4096433855838246,1.0
JAK106,37.993,-0.20682,1.0,1.0
KRAS106,335.623,0.22659,0.3917132199604819,1.0
LDH106,10.079,-0.34189,1.0,1.0
MYC106,6.953,0.48107,0.5243272436156025,1.0
NFK106,40.965,0.48358,0.3013772333676565,1.0
PTEN106,723.196,-0.14303,1.0,1.0
RAS106,77.211,0.8683,0.1476624122540125,1.0
STAT106,32.429,-0.08771,0.867992131581861,1.0
TP106,12.929,-0.16168,0.7769058359195969,1.0
VEGF106,232.442,0.06992,0.4015000651021071,1.0
WNT106,109.287,-0.45186,0.26680553007624763,1.0
ZEB106,14.54,-0.22487,0.6929145188519651,1.0
ACTB107,16.307,0.29568,0.7911310920964215,1.0
BRCA107,358.162,-0.24562,0.7950831182691204,1.0
CDK107,186.789,0.00853,0.5852389553196156,1.0
EGFR107,72.37,0.05751,0.4925784900076327,1.0
FOX107,1.18,0.14377,1.0,1.0
GATA107,712.019,0.21662,0.3489737285529288,1.0
HIF107,292.51,-0.57375,0.3526891802826187,1.0
IL107,85.688,-0.1189,1.0,1.0
JAK107,506.172,-0.39331,0.22635169778926595,1.0
KRAS107,24.572,0.20097,0.5856298509857139,1.0
LDH107,35.33,0.61753,0.3207759357565167,1.0
MYC107,429.202,-0.20883,0.5741581352419058,1.0
NFK107,79.433,-0.54478,0.2516144400891552,1.0
PTEN107,12.368,-0.15161,0.5952375907964299,1.0
RAS107,107.758,0.35634,0.4381792907662922,1.0
STAT107,3.022,0.23369,0.7382325329726998,1.0
TP107,0.787,0.03211,0.8969173666665201,1.0
VEGF107,443.354,0.37077,0.2435615917580736,1.0
WNT107,713.05,0.25674,0.5313697482160202,1.0
ZEB107,133.539,0.51686,0.14472844008469246,1.0
ACTB108,24.443,2.9626,1.1335489618901347e-05,0.0016011501461299428
BRCA108,92.837,0.11289,0.8795231432620264,1.0
CDK108,935.851,-0.28477,0.7567723846364401,1.0
EGFR108,876.552,-0.04576,0.5024876579880745,1.0
FOX108,7.682,0.07601,1.0,1.0
GATA108,6.01,-0.18096,0.4202576746634965,1.0
HIF108,24.212,0.51922,0.16847943057874024,1.0
IL108,168.097,0.04875,0.5445803062561917,1.0
JAK108,143.706,-0.01544,1.0,1.0
KRAS108,122.56,0.03661,1.0,1.0
LDH108,571.066,0.2595,0.28761063660990543,1.0
MYC108,101.683,0.32115,0.7625801847941559,1.0
NFK108,18.293,-0.53923,0.3115271618462032,1.0
PTEN108,4.424,-0.005,1.0,1.0
RAS108,376.235,0.09476,1.0,1.0
STAT108,192.091,0.02014,0.4763662425628204,1.0
TP108,85.541,-0.31376,0.35942091911053675,1.0
VEGF108,1.981,-0.46883,0.515935605124453,1.0
WNT108,8.664,-0.17567,0.7327656848027587,1.0
ZEB108,2190.584,0.11832,0.6599798912135983,1.0
ACTB109,5907.982,-0.33861,0.5598884947033639,1.0
BRCA109,343.894,0.04997,1.0,1.0
CDK109,69.969,-0.58031,0.46841640397032547,1.0
EGFR109,817.053,0.10204,1.0,1.0
FOX109,35.848,0.0502,0.5119954134052516,1.0
GATA109,44.619,-0.00395,0.7181485948103663,1.0
HIF109,413.601,-0.26292,0.3037566604219184,1.0
IL109,24.171,0.18918,0.3093326972721567,1.0
JAK109,65.67,0.2386,0.5437194016386921,1.0
KRAS109,3.024,-0.06476,0.9689536969980357,1.0
LDH109,3.221,-0.33739,0.4484981204542544,1.0
MYC109,24.536,0.26122,0.8361533133592038,1.0
NFK109,634.761,0.04708,0.6223727892940973,1.0
PTEN109,17.178,0.30867,0.6960686253247897,1.0
RAS109,1236.161,0.48834,0.30617638797237307,1.0
STAT109,182.597,-0.18823,1.0,1.0
TP109,19.043,-0.12331,0.7512544893864815,1.0
VEGF109,19.619,-0.40651,0.811603851824474,1.0
WNT109,749.245,0.07288,0.7506910607697983,1.0
ZEB109,12.084,-0.02671,0.6060267686389263,1.0
ACTB110,16.025,-0.46151,0.6739651994245706,1.0
BRCA110,4.872,0.00613,1.0,1.0
CDK110,122.05,0.36263,0.6361388016309284,1.0
EGFR110,128.3,-0.48067,0.34961310380242566,1.0
FOX110,5464.321,-0.11765,0.5561958941300139,1.0
GATA110,89.718,-0.29495,0.58837924818537,1.0
HIF110,22.588,0.09182,0.885279213082052,1.0
IL110,85.211,0.41793,0.5975802384809072,1.0
JAK110,6.206,0.11137,1.0,1.0
KRAS110,3478.513,0.17483,1.0,1.0
LDH110,224.151,0.3769,0.47546406385429546,1.0
MYC110,0.587,0.45162,0.54029003503905,1.0
NFK110,797.423,0.41978,0.22358450992078469,1.0
PTEN110,85.112,0.15585,1.0,1.0
RAS110,27.299,0.33972,0.44581985919063055,1.0
STAT110,7.032,-0.38431,0.8318177525752136,1.0
TP110,182.311,-0.13326,0.6291032590510676,1.0
VEGF110,2.843,-1.33354,0.27182796101720264,1.0
WNT110,37.799,0.24871,0.7464153106911455,1.0
ZEB110,12626.001,-0.4632,0.27729553598726303,1.0
ACTB111,218.725,0.28439,0.38958854754219313,1.0
BRCA111,82.408,0.31811,0.7337574071667562,1.0
CDK111,24.353,0.20179,1.0,1.0
EGFR111,268.346,-0.56224,0.1689896967110121,1.0
FOX111,558.839,-0.26647,0.7350512491399303,1.0
GATA111,53.256,0.13596,0.433384582665004,1.0
HIF111,30.786,0.44579,0.4039732550326767,1.0
IL111,138.935,0.06681,1.0,1.0
JAK111,1005.716,-0.04034,0.9435195789113433,1.0
KRAS111,48.131,0.22583,1.0,1.0
LDH111,6.433,-0.16584,0.46265736402468743,1.0
MYC111,47.287,0.07952,1.0,1.0
NFK111,23.631,-0.0165,1.0,1.0
PTEN111,359.427,0.00039,1.0,1.0
RAS111,1.606,-0.01626,1.0,1.0
STAT111,51.536,-2.85775,1.2160354271493933e-06,0.0002650599543499468
TP111,3.519,0.33027,0.7193150122074562,1.0
VEGF111,165.527,-0.19405,0.43445499247976405,1.0
WNT111,1211.879,0.00255,1.0,1.0
ZEB111,7.148,-0.12053,0.7999528704791591,1.0
ACTB112,52.353,-0.29174,0.5264663434718315,1.0
BRCA112,520.478,0.06955,0.9018555594642118,1.0
CDK112,199.829,0.12548,0.45151567744017695,1.0
EGFR112,4781.139,0.04989,0.651685689947315,1.0
FOX112,44.099,-0.02997,0.9997782300365496,1.0
GATA112,10.063,-0.18564,1.0,1.0
HIF112,9.764,0.09102,1.0,1.0
IL112,828.273,-0.2474,0.5362882383919163,1.0
JAK112,5.552,0.25885,0.8546748658319142,1.0
KRAS112,358.02,0.19044,0.913486500884049,1.0
LDH112,6.133,-0.16416,0.6560214019845123,1.0
MYC112,66.84,-0.1311,1.0,1.0
NFK112,140.476,-0.02125,0.3884959154637148,1.0
PTEN112,271.258,0.16058,0.967401665287097,1.0
RAS112,158.649,0.24211,0.5046293756975412,1.0
STAT112,95.633,-0.21981,0.7523024538448657,1.0
TP112,1774.736,-0.27403,0.3708254566700438,1.0
VEGF112,234.304,0.57651,0.38726503366689513,1.0
WNT112,32.402,-0.00835,1.0,1.0
ZEB112,18.534,-0.1986,1.0,1.0
ACTB113,57.145,-0.04529,0.3877574522372809,1.0
BRCA113,249.14,-0.1567,0.6491891433925886,1.0
CDK113,100.256,-0.3383,0.5179062845496905,1.0
EGFR113,389.901,0.12229,0.3477046572427046,1.0
FOX113,4.302,0.3942,0.3445420488182178,1.0
GATA113,548.662,-0.20973,0.6072453047916699,1.0
HIF113,24.501,0.05997,1.0,1.0
IL113,22.404,0.14695,1.0,1.0
JAK113,4.301,0.27422,0.9634381184013635,1.0
KRAS113,174.648,-0.22154,0.5512068047301268,1.0
LDH113,1279.268,-0.11385,0.8440890559602819,1.0
MYC113,303.37,0.12529,0.8081405316329915,1.0
NFK113,1.555,-0.21021,0.5660950841469252,1.0
PTEN113,72.343,-0.32131,0.2636275558137597,1.0
RAS113,10958.451,0.06277,1.0,1.0
STAT113,88.698,-0.16514,0.3882998556793523,1.0
TP113,120.703,-0.01863,0.7188307589061707,1.0
VEGF113,34.631,0.01107,0.8984134422294875,1.0
WNT113,1415.45,0.46776,0.31414651954794015,1.0
ZEB113,254.37,0.25167,0.7446317718269583,1.0
ACTB114,212.279,-0.04955,0.8280777172747875,1.0
BRCA114,15.718,-0.34982,0.3689456501947037,1.0
CDK114,6.323,0.20056,1.0,1.0
EGFR114,6.02,0.60139,0.26295104562173005,1.0
FOX114,39.01,0.34916,0.5269941384744707,1.0
GATA114,13.844,-0.17706,1.0,1.0
HIF114,427.241,-0.00731,1.0,1.0
IL114,1363.843,0.55593,0.2577610523886732,1.0
JAK114,221.425,0.02581,0.6529916861774885,1.0
KRAS114,51.535,-0.18667,1.0,1.0
LDH114,21.683,-0.31569,0.5561933902645585,1.0
MYC114,6.764,-0.05992,1.0,1.0
NFK114,30.817,0.33462,0.6798066467473899,1.0
PTEN114,6.333,0.29803,0.7217794337228486,1.0
RAS114,126.579,0.42971,0.19298112432881134,1.0
STAT114,118.313,-0.0867,1.0,1.0
TP114,769.026,0.25129,0.700656949647015,1.0
VEGF114,92.622,0.06134,0.9181833304152075,1.0
WNT114,4.749,0.40232,0.9415746016226825,1.0
ZEB114,58.275,-0.08845,0.6182883883135362,1.0
ACTB115,200.596,-0.02551,1.0,1.0
BRCA115,394.579,0.09612,0.35220730210603235,1.0
CDK115,12.736,0.74458,0.4513813951576203,1.0
EGFR115,217.629,-0.00282,0.8689870500733498,1.0
FOX115,555.729,-0.25542,0.2371136780864148,1.0
GATA115,78.126,0.9468,0.07047861230191214,1.0
HIF115,187.913,0.34126,0.5941320156819175,1.0
IL115,438.748,-0.12865,1.0,1.0
JAK115,10.757,0.32861,0.6215623696793163,1.0
KRAS115,772.1,-0.23924,0.8291151597648271,1.0
LDH115,28.85,-0.12622,0.5053301643052031,1.0
MYC115,59.919,-0.4413,0.299981859471836,1.0
NFK115,8.258,0.31584,0.8400221674412288,1.0
PTEN115,486.19,0.11817,0.8015288685244027,1.0
RAS115,259.881,0.20628,0.3162088525539227,1.0
STAT115,186.732,-0.2476,0.32294879609492,1.0
TP115,34.044,-0.34862,0.3106318664567847,1.0
VEGF115,279.625,-2.76345,6.511043850286158e-08,2.1703479500953858e-05
WNT115,11.851,-0.06565,1.0,1.0
ZEB115,252.091,0.08978,0.9826711965685587,1.0
ACTB116,91.057,-0.03663,1.0,1.0
BRCA116,1750.786,-0.11037,0.4614035336258263,1.0
CDK116,2390.396,-0.19173,0.8879879387665672,1.0
EGFR116,279.957,0.01219,1.0,1.0
FOX116,23.868,1.43465,0.03402104137547185,1.0
GATA116,72.446,-0.10571,0.5983844247320941,1.0
HIF116,42.522,0.41413,0.23093102939266352,1.0
IL116,15.689,-0.53402,0.34669179353104435,1.0
JAK116,6.405,-0.27058,0.5321108349905092,1.0
KRAS116,18.727,0.04155,0.7580055646255544,1.0
LDH116,390.633,0.18346,0.3679529268295085,1.0
MYC116,62.639,0.0117,1.0,1.0
NFK116,304.772,-0.4354,0.3982702374906081,1.0
PTEN116,22.404,-0.44925,0.29246634472989846,1.0
RAS116,55.747,0.40302,0.6605289040944239,1.0
STAT116,9.68,-0.68399,0.2060999626763536,1.0
TP116,37.782,0.00142,0.524343980103629,1.0
VEGF116,6.403,0.16613,0.7580761944966852,1.0
WNT116,225.896,0.20967,0.5211614023208915,1.0
ZEB116,7.155,0.25804,0.41628155872171035,1.0
ACTB117,75.922,0.04854,0.6594594474583632,1.0
BRCA117,23.581,-2.97614,1.1214998452507687e-05,0.0016011501461299428
CDK117,23.569,-0.2617,0.31310965931541956,1.0
EGFR117,48.91,-0.21381,1.0,1.0
FOX117,21.374,-0.45966,0.6439418713657117,1.0
GATA117,201.124,-0.21273,0.31445969193839857,1.0
HIF117,55.28,0.41655,0.26603179766977453,1.0
IL117,94.918,-0.20889,0.43948904826915025,1.0
JAK117,2333.276,-0.1588,0.6129222168013746,1.0
KRAS117,47.505,-0.49076,0.505952591908844,1.0
LDH117,2649.513,0.33498,0.29445971914198577,1.0
MYC117,23.585,0.2084,0.7880242567048977,1.0
NFK117,163.016,0.09573,0.8427042104178569,1.0
PTEN117,664.996,-0.4511,0.4498302689385889,1.0
RAS117,233.674,-0.24412,0.3314532433994514,1.0
STAT117,9.144,0.26404,0.3383141595444202,1.0
TP117,69.542,0.24421,0.5958758485845532,1.0
VEGF117,1751.864,0.10257,0.6645468062256723,1.0
WNT117,541.079,-0.22624,0.9918762645213864,1.0
ZEB117,4.173,0.26963,0.886597958396054,1.0
ACTB118,372.058,0.57389,0.3006535214935917,1.0
BRCA118,2282.533,1.85195,1.8814326803745892e-05,0.002280524461060108
CDK118,38.76,-0.03621,0.689535072586099,1.0
EGFR118,2941.026,0.11524,0.44919176400535,1.0
FOX118,3.661,-0.0501,0.5467088617567971,1.0
GATA118,18.091,-0.25325,0.3948369316701227,1.0
HIF118,22.218,-0.14641,0.8816083601546346,1.0
IL118,89.292,0.2708,0.7026657949899213,1.0
JAK118,28.219,0.05388,1.0,1.0
KRAS118,27.883,-0.19539,0.4509570496604685,1.0
LDH118,307.448,-0.09019,1.0,1.0
MYC118,371.103,0.05039,0.6446796029556263,1.0
NFK118,67.922,0.16808,0.741594758408361,1.0
PTEN118,220.484,-0.06267,0.8896275652065249,1.0
RAS118,186.021,0.52438,0.3069046883248873,1.0
STAT118,370.614,0.16122,1.0,1.0
TP118,1.153,0.10124,1.0,1.0
VEGF118,1121.781,-0.40937,0.5107585298384627,1.0
WNT118,5.517,0.04593,0.764150526643452,1.0
ZEB118,11.918,-0.48142,0.40507796958267506,1.0
ACTB119,8.528,0.028,1.0,1.0
BRCA119,41.523,0.2619,0.7990475578518251,1.0
CDK119,46.227,0.24239,0.5775531652560362,1.0
EGFR119,52.867,0.16223,0.45483923215632116,1.0
FOX119,389.654,0.06134,0.5496294738356542,1.0
GATA119,12.589,-0.02665,0.4548092180678368,1.0
HIF119,24.168,0.15202,0.5482758801945177,1.0
IL119,12.29,0.06969,0.9356288681719372,1.0
JAK119,11.569,0.31792,0.7494815534766965,1.0
KRAS119,61.373,0.05331,0.8197814975068347,1.0
LDH119,101.181,0.71848,0.12338331533894455,1.0
MYC119,11.852,0.3521,0.47235351502966477,1.0
NFK119,0.803,0.12559,0.6428774329191617,1.0
PTEN119,90.528,-0.56965,0.36989800548342583,1.0
RAS119,4.882,-0.05242,0.7086779779014583,1.0
STAT119,421.322,-0.3009,0.4521757318707369,1.0
TP119,77.327,-0.16708,0.5074567325548207,1.0
VEGF119,11.21,-0.47208,0.36354851689892387,1.0
WNT119,78.028,-0.39489,0.3202191101918274,1.0
ZEB119,41.703,-0.36235,0.5119186137861879,1.0
ACTB120,253.896,0.32883,0.5557642056742891,1.0
BRCA120,15.389,0.31084,0.6190540425847348,1.0
CDK120,51.169,-0.25387,0.5518833222297169,1.0
EGFR120,39.148,-0.06418,1.0,1.0
FOX120,1139.862,-0.32738,0.5004098593172793,1.0
GATA120,14.033,0.10968,0.3708023264844428,1.0
HIF120,15.555,1.25077,0.043002919529323884,1.0
IL120,39.684,-0.38834,0.2374260137672854,1.0
JAK120,579.89,-0.19263,0.7810251436299807,1.0
KRAS120,54.587,-0.10435,0.9400995337550896,1.0
LDH120,1.013,-0.25263,1.0,1.0
MYC120,912.03,0.25888,0.3005983692347393,1.0
NFK120,5.168,-0.18492,0.6635742329476081,1.0
PTEN120,50.273,-0.07973,0.8791181088728609,1.0
RAS120,34.798,-0.23963,0.550900064991967,1.0
STAT120,7.981,0.07309,0.7641279195428627,1.0
TP120,86.811,0.04897,0.5849443996573261,1.0
VEGF120,1331.567,-0.14279,0.5656887290915786,1.0
WNT120,40.715,-0.03809,1.0,1.0
ZEB120,18.195,0.24478,0.8814025206101985,1.0
ACTB121,119.721,0.13087,0.5556761699747582,1.0
BRCA121,19.193,0.18346,0.8025824034928217,1.0
CDK121,3.001,-0.14906,1.0,1.0
EGFR121,8.232,0.22272,0.8322659744712556,1.0
FOX121,12079.782,-0.19013,0.9042718611091602,1.0
GATA121,1078.461,-0.22974,0.7019731211190919,1.0
HIF121,64.655,0.08988,0.6721876276580679,1.0
IL121,808.749,0.16205,0.36712919060840926,1.0
JAK121,4.573,-0.24138,0.5154721559222969,1.0
KRAS121,467.028,-0.55155,0.11847077028534524,1.0
LDH121,55.622,-0.00468,1.0,1.0
MYC121,17.626,0.20095,0.9117883913814778,1.0
NFK121,1.245,-0.01364,0.46524365495984676,1.0
PTEN121,128.42,-0.28944,0.8694453338491385,1.0
RAS121,17.475,-0.12332,0.5105336609252925,1.0
STAT121,29.058,0.08707,1.0,1.0
TP121,836.349,-0.64055,0.061110693369329526,1.0
VEGF121,14.736,0.23338,0.5934913423307892,1.0
WNT121,392.18,0.25445,0.46903793246089437,1.0
ZEB121,24.11,-0.12704,0.8362896998710277,1.0
ACTB122,0.462,-0.68266,0.5076142602485336,1.0
BRCA122,197.218,-0.20444,0.36249716103301804,1.0
CDK122,1.018,0.08112,0.7952086214700046,1.0
EGFR122,31.869,0.28286,0.8979520639887688,1.0
FOX122,611.841,0.38957,0.3874458388684881,1.0
GATA122,250.409,-0.45069,0.15862151765025462,1.0
HIF122,4.025,0.21867,0.6359587367575905,1.0
IL122,91.341,-0.43798,0.4136128637224379,1.0
JAK122,49.355,-0.41794,0.5310469901096114,1.0
KRAS122,23.247,0.07367,0.49575644663146134,1.0
LDH122,794.879,-0.19008,0.7846999268233108,1.0
MYC122,36.091,-0.18405,1.0,1.0
NFK122,27.627,-0.23253,0.9674056068161507,1.0
PTEN122,56.487,-0.06902,1.0,1.0
RAS122,65.2,-0.00035,0.6162174228698825,1.0
STAT122,6.358,-0.14919,0.6024208047734106,1.0
TP122,5.742,0.35279,0.5492315103006985,1.0
VEGF122,17.575,0.1153,0.6080725132232725,1.0
WNT122,7.379,0.13758,1.0,1.0
ZEB122,212.966,-0.0263,0.7350914005881029,1.0
ACTB123,125.284,0.26629,0.626364937266616,1.0
BRCA123,157.139,-0.11967,0.4187844342149981,1.0
CDK123,166.374,0.05147,0.960043804572973,1.0
EGFR123,120.336,-0.33838,0.6987913556410444,1.0
FOX123,953.27,-0.34132,0.6847009252096381,1.0
GATA123,1896.477,0.19303,0.8196104387686518,1.0
HIF123,2.458,0.11424,1.0,1.0
IL123,70.781,0.32697,0.800320727029039,1.0
JAK123,629.954,-0.37217,0.3873376070766234,1.0
KRAS123,38.986,-0.3301,0.41064052387370953,1.0
LDH123,53.221,0.09767,0.9942277507374158,1.0
MYC123,51.028,0.50565,0.4164686733511476,1.0
NFK123,74.883,0.29004,0.34826401924007055,1.0
PTEN123,127.245,0.50026,0.45894061443301004,1.0
RAS123,67.733,-0.01401,1.0,1.0
STAT123,177.552,0.34094,0.285936711086092,1.0
TP123,34.901,0.27062,0.38225446627326487,1.0
VEGF123,31.852,-0.2069,0.6315894209065345,1.0
WNT123,54.005,-0.31673,0.3242524582817642,1.0
ZEB123,17.495,-0.1717,0.8597449801986103,1.0
ACTB124,11.436,0.56989,0.3727496189048311,1.0
BRCA124,182.44,-0.3098,0.4260656793128699,1.0
CDK124,129.203,-0.05073,0.5224197790902692,1.0
EGFR124,199.074,-0.10455,0.7834785304068956,1.0
FOX124,9.783,-0.05142,0.562050794514102,1.0
GATA124,18.612,0.12789,0.79314057558265,1.0
HIF124,280.952,-0.05956,0.4325566767393062,1.0
IL124,53.986,0.16316,0.6351347324870642,1.0
JAK124,94.2,0.25204,0.27351620428577283,1.0
KRAS124,29.24,0.00087,1.0,1.0
LDH124,39.349,0.21555,0.4356371265049568,1.0
MYC124,62.164,-0.34767,0.2213955374160199,1.0
NFK124,304.532,-0.1446,0.6755690511806548,1.0
PTEN124,10.169,-0.17123,1.0,1.0
RAS124,142.092,-0.25476,0.6059977709586427,1.0
STAT124,60.195,-0.49647,0.4624312989320849,1.0
TP124,7.676,0.17305,0.9469260697440077,1.0
VEGF124,179.664,0.327,0.4410239641612521,1.0
WNT124,59.338,0.41383,0.627671846116715,1.0
ZEB124,47.31,0.30279,0.5870830748421404,1.0
ACTB125,186.911,-0.16038,1.0,1.0
BRCA125,45.778,-0.55494,0.3175114571959201,1.0
CDK125,87.96,0.13362,0.5053877564257178,1.0
EGFR125,16.117,0.14805,1.0,1.0
FOX125,58.921,-0.1444,0.5681454683965672,1.0
GATA125,12.313,-0.25543,1.0,1.0
HIF125,27.373,-0.05179,0.5349271603001303,1.0
IL125,131.482,-0.00521,0.674833560942866,1.0
JAK125,265.032,0.3471,0.31846617220174295,1.0
KRAS125,99.442,-0.19507,0.8164021416635726,1.0
LDH125,9.876,0.4142,0.4547454761143829,1.0
MYC125,0.72,-0.01606,1.0,1.0
NFK125,533.698,-0.14701,0.6593557177794679,1.0
PTEN125,242.479,0.18225,0.3710426783533799,1.0
RAS125,110.419,-0.11658,1.0,1.0
STAT125,275.981,-0.23584,0.6545694767133439,1.0
TP125,95.311,0.04174,0.9560091341313074,1.0
VEGF125,1.933,0.4063,0.4814599125097009,1.0
WNT125,44.544,0.18332,0.5626643699793186,1.0
ZEB125,183.179,0.18534,1.0,1.0
ACTB126,154.823,-0.05387,1.0,1.0
BRCA126,17.211,0.33325,0.9196533278746553,1.0
CDK126,19.312,0.30256,0.5511646489835657,1.0
EGFR126,38.78,0.10116,0.46611961006615993,1.0
FOX126,31.632,-0.49579,0.26750454933915324,1.0
GATA126,49.113,0.55076,0.2914516983378653,1.0
HIF126,15.037,0.20006,0.7849481542130596,1.0
IL126,53.449,0.0165,0.8515023886379123,1.0
JAK126,24.295,-0.02332,0.4292861460724461,1.0
KRAS126,1.868,0.02929,1.0,1.0
LDH126,74.847,-0.54933,0.30741978781159596,1.0
MYC126,32.963,0.11129,1.0,1.0
NFK126,345.342,-0.0565,1.0,1.0
PTEN126,1015.694,0.32702,0.1994244402820005,1.0
RAS126,2228.972,-0.14948,0.673263854990746,1.0
STAT126,279.228,-0.10779,0.8911540427069643,1.0
TP126,413.7,0.07521,0.5012588830676316,1.0
VEGF126,77.521,0.10451,0.4599076947382533,1.0
WNT126,36.366,-0.03341,1.0,1.0
ZEB126,3.572,0.18756,1.0,1.0
ACTB127,9.287,-0.35869,0.9423931751077277,1.0
BRCA127,8.243,0.00271,1.0,1.0
CDK127,1073.898,-0.17627,0.6129334587605667,1.0
EGFR127,132.88,-0.62262,0.36527328955678945,1.0
FOX127,164.72,-0.14144,0.803008790745588,1.0
GATA127,411.94,-0.20042,1.0,1.0
HIF127,37.146,-3.11306,8.335845530498536e-07,0.00021685921624830837
IL127,382.034,0.3557,0.5698816209810162,1.0
JAK127,55.31,-0.05939,0.580088730479661,1.0
KRAS127,0.276,-0.09846,0.7508940906805173,1.0
LDH127,3.478,0.27102,1.0,1.0
MYC127,974.935,-0.17736,0.3575016234632984,1.0
NFK127,67.467,-0.57826,0.19116014408569498,1.0
PTEN127,15.254,0.51058,0.24115675820031063,1.0
RAS127,33.962,0.36719,0.5998515520214819,1.0
STAT127,407.147,-0.34754,0.4886746239328669,1.0
TP127,538.221,-0.15088,1.0,1.0
VEGF127,72.577,-0.31933,0.3872347613892642,1.0
WNT127,9.669,-0.39316,0.6991614980478283,1.0
ZEB127,26.862,-0.22794,0.3347059707306896,1.0
ACTB128,38.166,0.63198,0.20180978176575082,1.0
BRCA128,313.253,-0.1484,0.563990429043236,1.0
CDK128,138.934,0.05057,1.0,1.0
EGFR128,168.122,0.0479,1.0,1.0
FOX128,89.81,0.06565,1.0,1.0
GATA128,4.11,-1.39648,0.09541752278450077,1.0
HIF128,807.194,0.33574,0.44823588898312333,1.0
IL128,40.2,-0.20945,0.7858813138122858,1.0
JAK128,164.379,0.13525,0.7035520689147384,1.0
KRAS128,267.392,0.15238,0.5243144985411671,1.0
LDH128,302.642,-0.24385,0.2526136082757463,1.0
MYC128,32.978,0.22074,0.3602886387416219,1.0
NFK128,121.34,0.20165,0.5965897275630879,1.0
PTEN128,33.748,0.15759,0.7297786846764317,1.0
RAS128,106.647,0.49827,0.27565638892436034,1.0
STAT128,18.078,-0.01559,0.47068934891813585,1.0
TP128,5.124,-0.16732,0.6372119720129509,1.0
VEGF128,10.996,0.11003,1.0,1.0
WNT128,63.173,-0.35104,0.4351751094156813,1.0
ZEB128,232.208,-0.08195,0.3789472289650802,1.0
ACTB129,386.305,-0.0738,0.6944759897861629,1.0
BRCA129,631.06,0.2039,0.6779803669355349,1.0
CDK129,1.194,-0.51088,0.2805544541928155,1.0
EGFR129,3.739,0.3289,0.44383327719016735,1.0
FOX129,92.195,0.40601,0.4590544428242544,1.0
GATA129,9.056,3.85104,1.9033283752863117e-06,0.00038066567505726234
HIF129,60.527,-0.03333,1.0,1.0
IL129,324.159,0.6226,0.28067132882209206,1.0
JAK129,610.769,0.42438,0.5537361279543855,1.0
KRAS129,81.395,0.58669,0.1745778504835206,1.0
LDH129,243.128,-0.12991,0.7136143588850231,1.0
MYC129,4505.613,-0.02177,1.0,1.0
NFK129,137.587,-0.19051,1.0,1.0
PTEN129,63.665,0.10302,0.4885084093724093,1.0
RAS129,777.395,0.39048,0.23368906823488722,1.0
STAT129,22.39,-0.01442,0.9582789063532365,1.0
TP129,36.481,-0.17695,0.49960447435202693,1.0
VEGF129,340.554,-0.1838,0.5117784782904414,1.0
WNT129,250.221,0.0414,0.8976839227577251,1.0
ZEB129,3237.865,-0.15857,0.8689747208707574,1.0
ACTB130,22.221,-0.39045,0.5307409433881064,1.0
BRCA130,20.54,-0.0788,1.0,1.0
CDK130,337.715,-0.331,0.6405571228568488,1.0
EGFR130,15.562,0.33981,0.7015239971987279,1.0
FOX130,2.979,-0.27337,0.34453018745855873,1.0
GATA130,8.291,-0.14862,1.0,1.0
HIF130,464.843,-0.57133,0.2271091888352903,1.0
IL130,8.746,-3.38579,2.5069677542261543e-05,0.002949373828501358
JAK130,25.845,0.24823,0.7215584245483506,1.0
KRAS130,27.403,0.3919,0.4475640420585573,1.0
LDH130,12.479,-0.27364,0.5082488078777628,1.0
MYC130,1931.277,0.36048,0.5746053048509412,1.0
NFK130,70.07,-0.18252,0.7273609563947464,1.0
PTEN130,23.408,-0.25771,1.0,1.0
RAS130,12.944,0.05316,1.0,1.0
STAT130,18.089,-0.10388,1.0,1.0
TP130,68.515,-0.28341,0.5668145424751956,1.0
VEGF130,18.785,0.1648,0.756592103546833,1.0
WNT130,21.375,-0.58398,0.4180479779736195,1.0
ZEB130,1211.418,-0.55744,0.23762945844592195,1.0
ACTB131,1031.926,-0.23093,0.5348285931205954,1.0
BRCA131,29.752,-2.00445,0.0008741478058316871,0.06724213891012978
CDK131,206.058,0.05392,0.4230456160529591,1.0
EGFR131,3.878,-0.03073,1.0,1.0
FOX131,172.134,0.04316,1.0,1.0
GATA131,4.851,0.15567,0.6589606494076512,1.0
HIF131,31.954,-0.0989,0.9753917030852102,1.0
IL131,122.558,0.16516,0.7332094887594331,1.0
JAK131,3368.789,0.12158,0.822551394503609,1.0
KRAS131,66.467,-0.59863,0.4346754702054569,1.0
LDH131,370.488,-0.17286,0.6742864824383324,1.0
MYC131,38.68,-0.04476,0.6469953093228569,1.0
NFK131,114.857,-0.06411,1.0,1.0
PTEN131,9.872,0.50644,0.502013552962076,1.0
RAS131,508.419,0.08675,1.0,1.0
STAT131,86.221,-0.25626,0.4595107886316137,1.0
TP131,31.542,2.07689,0.0005046740298168699,0.039582276848381955
VEGF131,7.829,0.17197,0.6814043778592941,1.0
WNT131,15.277,0.50225,0.6564167970035151,1.0
ZEB131,696.308,0.32506,0.5658781631282289,1.0
ACTB132,363.907,-3.60052,8.131123465150494e-12,5.420748976766996e-09
BRCA132,26.268,0.13093,1.0,1.0
CDK132,164.007,0.15105,0.7313278424743025,1.0
EGFR132,14.867,-0.1493,0.3890160716745345,1.0
FOX132,1169.053,-0.41754,0.3943950428157081,1.0
GATA132,12.749,0.90175,0.2854592497285405,1.0
HIF132,135.677,-0.07671,1.0,1.0
IL132,7.78,0.09886,1.0,1.0
JAK132,3.835,-0.05045,0.5377493766844592,1.0
KRAS132,770.832,0.20631,0.8868664206259117,1.0
LDH132,223.537,-0.13789,0.9302792716156408,1.0
MYC132,2.967,1.89449,0.08273304436455252,1.0
NFK132,120.727,-0.34058,0.3010092753036079,1.0
PTEN132,55.337,0.55374,0.39202176898951974,1.0
RAS132,4.983,-0.00823,0.7424762462727273,1.0
STAT132,34.38,-0.16754,0.6038701957924443,1.0
TP132,1.41,0.11938,1.0,1.0
VEGF132,20.901,-0.33169,0.4594902288722157,1.0
WNT132,70.544,0.39168,0.560378074716853,1.0
ZEB132,56.036,0.00489,0.6257037233564109,1.0
ACTB133,99.977,0.19852,0.5238433596979986,1.0
BRCA133,1400.551,0.00608,1.0,1.0
CDK133,7.175,0.14327,0.5709350399737936,1.0
EGFR133,28.703,-0.06648,0.7202200181570151,1.0
FOX133,4.775,-0.05349,0.6596915377086269,1.0
GATA133,504.706,-0.12286,0.5946612838638717,1.0
HIF133,666.346,-0.49818,0.19912129607924697,1.0
IL133,22.206,0.11613,1.0,1.0
JAK133,157.878,0.14929,0.3319405236288958,1.0
KRAS133,164.086,0.57754,0.33034343142188016,1.0
LDH133,68.247,-0.25675,0.7368613152303126,1.0
MYC133,241.075,0.51452,0.4374164932898776,1.0
NFK133,2.431,-0.08959,1.0,1.0
PTEN133,71.14,0.33139,0.3091198420428291,1.0
RAS133,23.657,-0.03449,1.0,1.0
STAT133,52.774,-0.49822,0.23513271236914654,1.0
TP133,2.313,-0.12526,1.0,1.0
VEGF133,12.858,0.39071,0.7893741143494335,1.0
WNT133,10.575,-0.21022,0.3807033944358722,1.0
ZEB133,34.682,-0.42063,0.6144817582719065,1.0
ACTB134,924.939,-0.67104,0.20102056296696108,1.0
BRCA134,81.04,-0.34868,0.8376236008885366,1.0
CDK134,86.542,-0.26971,0.9816251966814891,1.0
EGFR134,657.901,-0.0798,1.0,1.0
FOX134,9.801,0.15616,0.8513283099196557,1.0
GATA134,102.624,0.46247,0.36198691342081185,1.0
HIF134,79.713,-0.18106,0.3688442043121836,1.0
IL134,23.809,-0.39768,0.2861352083270773,1.0
JAK134,130.317,1.04218,0.020180482282400734,1.0
KRAS134,10.044,-0.11996,0.9988258942916712,1.0
LDH134,66.587,0.19551,0.3612611955226242,1.0
MYC134,18.422,-0.38915,0.6773481268061504,1.0
NFK134,69.923,0.41509,0.225702394799418,1.0
PTEN134,1049.591,0.16218,0.28942828750726834,1.0
RAS134,1.98,0.1453,0.7353788440466966,1.0
STAT134,497.573,0.82066,0.09265721958215199,1.0
TP134,37.398,0.13338,0.5092418005196839,1.0
VEGF134,200.54,-0.1214,0.40803594625157785,1.0
WNT134,105.06,0.14449,0.6079061428625177,1.0
ZEB134,125.641,-0.03156,0.5970822623453023,1.0
ACTB135,388.765,-0.1917,0.9609091249242185,1.0
BRCA135,68.833,0.0614,0.585071705398191,1.0
CDK135,62.112,0.3901,0.7693071543170791,1.0
EGFR135,22.393,-0.34071,0.43894616896075,1.0
FOX135,8.774,-0.16391,1.0,1.0
GATA135,239.739,-0.46527,0.1959982953349689,1.0
HIF135,3.653,-0.06588,1.0,1.0
IL135,662.7,0.36592,0.47838016103294817,1.0
JAK135,11.59,0.09711,0.8704081447172596,1.0
KRAS135,179.917,-0.1522,0.3710233389821777,1.0
LDH135,510.524,-0.05482,0.39823939881454345,1.0
MYC135,3.077,0.40896,0.6167934665643483,1.0
NFK135,3.176,-0.01848,1.0,1.0
PTEN135,219.506,-0.00701,0.5392583475278191,1.0
RAS135,6.235,0.73184,0.3266324728332423,1.0
STAT135,25.516,-0.30799,0.8584908107662924,1.0
TP135,7.794,0.00627,0.5635695362163418,1.0
VEGF135,15.456,0.30707,0.9588976159093627,1.0
WNT135,24.856,-0.00163,0.4182742287657363,1.0
ZEB135,20.906,-0.29589,0.7563572995641142,1.0
ACTB136,138.091,-0.23556,0.7059143124467838,1.0
BRCA136,12.381,0.11311,0.7853303073923683,1.0
CDK136,11.609,0.05221,0.6327167904197126,1.0
EGFR136,55.309,-0.06295,0.8855751571804239,1.0
FOX136,7.294,0.09704,1.0,1.0
GATA136,31.431,-0.10532,1.0,1.0
HIF136,32.25,0.25131,0.402653649122931,1.0
IL136,770.561,0.05244,0.564517103781273,1.0
JAK136,145.993,-0.13438,0.9044136741211065,1.0
KRAS136,1439.259,0.07083,0.5319669393890439,1.0
LDH136,655.106,0.05022,0.3986229126913317,1.0
MYC136,275.802,-0.05167,0.4566653593601685,1.0
NFK136,6.923,-0.28698,0.5343591520694808,1.0
PTEN136,5.752,-0.03993,0.469069486951601,1.0
RAS136,0.915,-0.16157,0.4792715051477493,1.0
STAT136,9.128,0.09725,0.5550197668209362,1.0
TP136,20.691,-0.19022,1.0,1.0
VEGF136,23.003,0.30728,0.8291767191458835,1.0
WNT136,180.648,-0.25484,0.9595115678685395,1.0
ZEB136,31.745,-0.25176,0.30254184119504857,1.0
ACTB137,371.996,-0.48351,0.274433989996427,1.0
BRCA137,457.799,0.28006,0.3208946349575198,1.0
CDK137,7.572,0.42633,0.30201128421914863,1.0
EGFR137,25.408,0.02416,0.9684293623544197,1.0
FOX137,7.276,0.03104,1.0,1.0
GATA137,4.87,0.02067,0.9453773534053398,1.0
HIF137,226.544,0.09959,0.6797826895261547,1.0
IL137,5368.502,-0.07901,0.7270877895385194,1.0
JAK137,18.991,-3.99595,1.855397115269431e-08,8.246209401197471e-06
KRAS137,14.303,-0.18506,0.8099117189350926,1.0
LDH137,847.933,-0.29406,0.3295996293063377,1.0
MYC137,10.778,0.3513,0.4695803922512068,1.0
NFK137,12.088,-0.89941,0.11400161111313444,1.0
PTEN137,78.582,-0.08431,0.38910068582010376,1.0
RAS137,15.424,0.14906,0.5303505823895005,1.0
STAT137,149.269,0.27325,0.5078537925444339,1.0
TP137,22.434,-0.13163,1.0,1.0
VEGF137,37.635,-0.16065,0.6657084512296109,1.0
WNT137,32.592,0.01098,0.7362941181377856,1.0
ZEB137,109.466,-0.48899,0.3906201316730116,1.0
ACTB138,23.6,0.31339,0.46984051265527843,1.0
BRCA138,658.991,0.25036,0.42638569126647624,1.0
CDK138,100.307,0.14234,0.9256361127249877,1.0
EGFR138,2.544,-0.09042,0.5723316864974324,1.0
FOX138,260.208,0.15485,0.42942155201670046,1.0
GATA138,73.074,4.90966,1.4866927198143086e-14,1.9822569597524115e-11
HIF138,1719.568,0.1425,0.8437783849417869,1.0
IL138,74.066,0.06216,1.0,1.0
JAK138,0.106,0.08938,1.0,1.0
KRAS138,228.887,-0.27451,0.27266481377416885,1.0
LDH138,325.218,0.05003,0.41900050420738355,1.0
MYC138,41.85,-0.01389,1.0,1.0
NFK138,3.903,-0.09646,1.0,1.0
PTEN138,3146.797,-0.1519,0.5999975689895518,1.0
RAS138,11.182,0.10588,0.6147398167263137,1.0
STAT138,149.736,-0.25521,0.5892651963059747,1.0
TP138,31.396,-0.5404,0.19601176193371783,1.0
VEGF138,417.826,0.09944,1.0,1.0
WNT138,9.422,-0.26647,0.3262563130468081,1.0
ZEB138,23.656,-0.3375,0.7935762013729847,1.0
ACTB139,122.336,-0.26281,0.930768787478457,1.0
BRCA139,796.522,0.22837,0.5028499378342548,1.0
CDK139,109.745,-0.26399,0.5801638274857149,1.0
EGFR139,139.277,-0.13694,0.5237867099036201,1.0
FOX139,149.882,-0.16482,0.6505534458057078,1.0
GATA139,116.816,-0.19731,0.4183405065524488,1.0
HIF139,7.564,0.13909,1.0,1.0
IL139,144.863,0.10167,0.5302867076059398,1.0
JAK139,516.85,0.40941,0.4086678752023491,1.0
KRAS139,59.791,0.27106,0.9480876221096098,1.0
LDH139,6.535,0.02601,1.0,1.0
MYC139,28.229,-0.32295,0.5058798328746157,1.0
NFK139,27.949,0.09607,0.4731120857718353,1.0
PTEN139,7.236,0.19993,0.43537083960686335,1.0
RAS139,54.034,0.1334,0.9619892661795343,1.0
STAT139,321.78,-0.06613,0.7835271522995161,1.0
TP139,18.797,-0.22315,0.2957812328267328,1.0
VEGF139,227.942,0.41314,0.5160373268902533,1.0
WNT139,4.883,0.17359,0.5482265753362767,1.0
ZEB139,52.936,-0.11086,0.45720027511417066,1.0
ACTB140,4.588,0.08063,1.0,1.0
BRCA140,18.44,0.27577,0.3487327247437117,1.0
CDK140,57.938,-0.01197,0.7293792576412399,1.0
EGFR140,102.409,-0.08377,1.0,1.0
FOX140,10.034,-0.24331,0.4308077391368295,1.0
GATA140,1.461,-0.10877,0.7431384398539068,1.0
HIF140,103.964,-0.06169,0.9179158315207231,1.0
IL140,3046.492,-0.3685,0.45001893575471624,1.0
JAK140,50.518,0.02859,1.0,1.0
KRAS140,222.518,-0.21182,0.2950221734434754,1.0
LDH140,198.918,0.23125,0.5479307956194226,1.0
MYC140,228.366,-0.00452,0.6689551478993703,1.0
NFK140,5.782,0.06208,1.0,1.0
PTEN140,5.911,0.39819,0.7592498006954383,1.0
RAS140,17.92,-0.17018,0.36748658416776064,1.0
STAT140,329.022,0.04991,0.7948856100865751,1.0
TP140,25.041,-0.49973,0.2771815400889319,1.0
VEGF140,178.426,0.07923,0.8161306868045107,1.0
WNT140,26.734,-0.20384,0.4871399957786585,1.0
ZEB140,54.801,0.45904,0.6594991581220817,1.0
ACTB141,5.162,0.2386,0.529119690660709,1.0
BRCA141,29.931,-0.36295,0.460501263835134,1.0
CDK141,54.13,-0.18246,0.6811951142293382,1.0
EGFR141,2.044,0.1185,1.0,1.0
FOX141,76.001,0.31483,0.23336430159527757,1.0
GATA141,888.889,-0.31708,0.5294191484015585,1.0
HIF141,2.791,-0.2152,0.960503483631202,1.0
IL141,1221.464,0.06266,1.0,1.0
JAK141,377.791,0.27021,0.33477283253809836,1.0
KRAS141,5.358,0.03307,1.0,1.0
LDH141,151.774,-0.32689,0.5786433211378634,1.0
MYC141,9.816,0.02099,0.5982640858686583,1.0
NFK141,267.795,0.15421,0.7277181056998321,1.0
PTEN141,38.45,0.64162,0.22680636454082484,1.0
RAS141,515.135,0.01536,1.0,1.0
STAT141,28.199,0.07784,0.5798286232026794,1.0
TP141,6.227,-0.45731,0.6552746181000606,1.0
VEGF141,24.494,-0.07167,1.0,1.0
WNT141,1825.697,-1.91189,1.553173595775354e-05,0.0019414669947191926
ZEB141,23.302,-0.1897,0.6632922253072636,1.0
ACTB142,29.742,-0.22459,1.0,1.0
BRCA142,78.989,0.5446,0.1297674316485682,1.0
CDK142,203.877,-0.04568,1.0,1.0
EGFR142,8.205,-0.20534,0.3591393401422674,1.0
FOX142,0.919,-0.13725,0.9180291294964076,1.0
GATA142,26.357,0.42503,0.6364020305098446,1.0
HIF142,13.92,0.16568,1.0,1.0
IL142,35.36,0.01869,1.0,1.0
JAK142,239.476,-0.23275,0.8705052637954639,1.0
KRAS142,420.496,0.03982,0.4041603312636517,1.0
LDH142,15.149,0.27881,0.9277352126893597,1.0
MYC142,7.403,-0.31383,1.0,1.0
NFK142,32.665,0.07697,0.930728144233712,1.0
PTEN142,5306.362,0.48158,0.2965850803530905,1.0
RAS142,16.003,0.24577,0.7823374869573398,1.0
STAT142,488.442,-0.2908,0.3578477788114869,1.0
TP142,125.362,-0.14342,0.8521583486531533,1.0
VEGF142,685.582,-0.42879,0.2999558861507322,1.0
WNT142,34.77,0.0194,0.5933139239242323,1.0
ZEB142,4.978,-0.21922,1.0,1.0
ACTB143,189.718,0.08473,0.730332641299208,1.0
BRCA143,49.042,0.42367,0.5466423047072942,1.0
CDK143,58.317,0.24095,0.9613178138635675,1.0
EGFR143,16.007,0.18355,0.3384681193406158,1.0
FOX143,7.646,-0.02479,1.0,1.0
GATA143,0.259,-0.13609,0.9617138032977492,1.0
HIF143,210.682,-0.52138,0.18664289774772774,1.0
IL143,12.687,0.24797,0.6857519318233697,1.0
JAK143,171.475,-0.11472,0.9547778399081385,1.0
KRAS143,9.281,-0.1183,0.9178690748075762,1.0
LDH143,31.078,-0.53138,0.5410892566073436,1.0
MYC143,7.648,0.37749,0.28394589535016235,1.0
NFK143,10.013,0.16156,0.3820722039518582,1.0
PTEN143,95.416,0.12229,0.8128623919623517,1.0
RAS143,189.372,0.34135,0.4311870707418471,1.0
STAT143,433.734,-0.70097,0.11984703837663103,1.0
TP143,147.897,-0.36931,0.21606992611542722,1.0
VEGF143,93.971,0.47397,0.44015737244428843,1.0
WNT143,233.576,0.27456,0.697282841673763,1.0
ZEB143,36.667,0.11489,1.0,1.0
ACTB144,665.835,0.38324,0.44142780877318677,1.0
BRCA144,10.033,0.38301,0.6500736478134839,1.0
CDK144,1.419,-0.00125,0.5296818791485501,1.0
EGFR144,38.038,-0.12021,0.6167908941723966,1.0
FOX144,16.364,-0.10003,1.0,1.0
GATA144,34.585,-0.38567,0.2725832623537839,1.0
HIF144,700.935,-0.06194,0.9656557044023865,1.0
IL144,4.237,0.22287,1.0,1.0
JAK144,50.408,0.22675,0.7372107998624813,1.0
KRAS144,35.672,-0.2897,0.8631452483997563,1.0
LDH144,20.007,-0.15269,0.7640554988411689,1.0
MYC144,16.881,0.20712,1.0,1.0
NFK144,507.427,-0.3478,0.3702828511558333,1.0
PTEN144,74.858,-0.18036,0.363504492276929,1.0
RAS144,21.76,-0.25605,0.7821174906278848,1.0
STAT144,31.677,-0.03692,0.40825514694327114,1.0
TP144,155.321,0.15679,1.0,1.0
VEGF144,0.935,0.10986,0.8565222803471894,1.0
WNT144,1.481,0.1925,1.0,1.0
ZEB144,46.915,-0.04386,0.4324322651557778,1.0
ACTB145,3.246,-0.55525,0.2482762294369538,1.0
BRCA145,62.937,-0.33209,0.8550532400529571,1.0
CDK145,90.763,0.12245,1.0,1.0
EGFR145,74.647,-0.38922,0.7443616212895486,1.0
FOX145,15.789,-0.37884,0.8571503246684198,1.0
GATA145,42.409,-0.157,0.9467074009686026,1.0
HIF145,2536.832,-0.42009,0.19120398881264764,1.0
IL145,77.965,0.04296,0.7143297951717027,1.0
JAK145,1.573,0.12255,1.0,1.0
KRAS145,1.513,0.00405,0.9636794024722634,1.0
LDH145,21456.662,0.01565,1.0,1.0
MYC145,0.415,0.56598,0.7945773270447625,1.0
NFK145,1104.416,-0.0768,0.641076057658037,1.0
PTEN145,2.178,-0.16015,1.0,1.0
RAS145,7.544,-0.20749,0.7560424675249112,1.0
STAT145,107.694,-0.31651,0.4522395485891078,1.0
TP145,1.69,-0.03383,0.982891741487928,1.0
VEGF145,367.115,0.33343,0.5542113881885472,1.0
WNT145,949.1,0.42257,0.4810975265067772,1.0
ZEB145,251.74,-0.36899,0.6970398672046537,1.0
ACTB146,15.16,-0.10498,0.45324277457683754,1.0
BRCA146,24.554,-0.09261,0.6151876068827398,1.0
CDK146,9.948,0.3726,0.9026649274295699,1.0
EGFR146,44.869,-0.81453,0.22777759942277462,1.0
FOX146,72.272,0.42417,0.19892560419884453,1.0
GATA146,83.694,0.15532,0.8491172160160474,1.0
HIF146,5.796,0.35362,0.8406607008802591,1.0
IL146,176.728,-1.38106,0.0070343287624334,0.4612674598316983
JAK146,3974.181,-0.32858,0.17475771426931744,1.0
KRAS146,123.397,-0.16356,0.5622377441835942,1.0
LDH146,14.57,-0.25456,1.0,1.0
MYC146,21.245,0.30022,0.5258526761168715,1.0
NFK146,54.545,0.29873,0.660490742136091,1.0
PTEN146,9.877,-0.09174,1.0,1.0
RAS146,388.378,0.58392,0.17909587392943924,1.0
STAT146,4.272,0.10513,0.4044659820827572,1.0
TP146,195.523,-0.38591,0.332991029506329,1.0
VEGF146,1.889,0.31072,0.8657029662643415,1.0
WNT146,57.743,0.33766,0.5935314787885343,1.0
ZEB146,466.577,0.37163,0.36571548756414896,1.0
ACTB147,43.463,-0.1332,0.7517116444877526,1.0
BRCA147,207.809,-0.06012,0.9500014169910018,1.0
CDK147,56796.655,0.19908,0.6806265970041858,1.0
EGFR147,8.581,0.26282,0.324829594993149,1.0
FOX147,859.182,0.10122,0.4436204691230428,1.0
GATA147,10.953,0.32845,0.5662025624723132,1.0
HIF147,394.096,0.09296,0.7792153519951234,1.0
IL147,12.313,-0.22989,0.7577393127470053,1.0
JAK147,650.721,-0.4985,0.20618417704695702,1.0
KRAS147,52.363,0.08255,0.6800541892479179,1.0
LDH147,12.911,-0.0854,0.9375163281431879,1.0
MYC147,111.734,-0.14014,1.0,1.0
NFK147,92.261,0.19726,0.8748705678827564,1.0
PTEN147,14.987,0.18866,0.841125635707032,1.0
RAS147,1700.061,-0.21516,0.4810772976495452,1.0
STAT147,867.789,-0.44816,0.25803755293125813,1.0
TP147,12.662,0.03256,0.9106149515789083,1.0
VEGF147,133.572,1.81463,0.00035714039631017005,0.029154318066136328
WNT147,0.194,-0.76348,1.0,1.0
ZEB147,37.658,0.35327,0.7636277630734454,1.0
ACTB148,12.557,0.55962,0.5531743061869312,1.0
BRCA148,7.036,-0.23869,0.6591043905056873,1.0
CDK148,9.885,-0.12904,0.5001430275332033,1.0
EGFR148,49.624,0.34098,0.7217884017641375,1.0
FOX148,84.033,-0.06191,0.9351990419841351,1.0
GATA148,80.543,-0.15075,1.0,1.0
HIF148,692.708,0.22093,0.5996382080926591,1.0
IL148,4.256,-0.2758,0.763048197646423,1.0
JAK148,6377.249,-0.1115,0.5567385452057907,1.0
KRAS148,213.602,-0.12507,1.0,1.0
LDH148,151.9,-0.25261,0.8206056463437132,1.0
MYC148,37.071,-0.05297,0.6195385574504773,1.0
NFK148,268.619,-0.08659,0.7555254760851045,1.0
PTEN148,11.133,-0.09207,0.49989719795628973,1.0
RAS148,2578.302,-0.25801,0.4955872369218404,1.0
STAT148,9.795,0.4898,0.6063131153612857,1.0
TP148,257.289,0.1453,0.7740615372885212,1.0
VEGF148,6.821,-0.19361,0.8863183013601904,1.0
WNT148,651.471,0.13361,0.9413617141591647,1.0
ZEB148,1.665,0.55484,0.26606139761373504,1.0
ACTB149,40.679,-0.12962,0.4916646066662324,1.0
BRCA149,283.786,-0.12887,0.7399400515805888,1.0
CDK149,35.475,-0.00124,1.0,1.0
EGFR149,184.223,0.11185,0.7194322702769032,1.0
FOX149,110.883,-0.00292,1.0,1.0
GATA149,27.498,-0.44668,0.3098250926918102,1.0
HIF149,715.34,0.30295,0.663657475678364,1.0
IL149,426.73,0.09113,0.5113935257649007,1.0
JAK149,2.332,0.4896,0.6158181621867317,1.0
KRAS149,111.146,0.29657,0.90930855461107,1.0
LDH149,1920.557,-0.22342,0.3159015171866778,1.0
MYC149,46.078,-0.30139,0.45872948284195897,1.0
NFK149,174.53,0.22696,0.6917699871053242,1.0
PTEN149,839.196,-0.30702,0.4242741419740913,1.0
RAS149,298.734,0.079,1.0,1.0
STAT149,16.547,-0.3434,0.5027800803336615,1.0
TP149,13.188,0.31001,0.6790741448707672,1.0
VEGF149,6.011,-0.50921,0.8300293549019037,1.0
WNT149,9.585,-0.38268,0.280045731750625,1.0
ZEB149,15.368,-0.14142,0.9556976624089462,1.0
ACTB150,495.387,-0.28467,0.2393809480712806,1.0
BRCA150,204.152,0.23943,0.5950746869027251,1.0
CDK150,71.844,0.19126,0.918351581286544,1.0
EGFR150,35.355,0.27002,0.4412038845903011,1.0
FOX150,89.018,-0.27977,0.30815799382971915,1.0
GATA150,206.165,0.42576,0.25229300350109624,1.0
HIF150,25.487,0.03667,0.8045604339725618,1.0
IL150,16.888,-1.98495,0.0018800797740951662,0.1392651684514938
JAK150,199.263,0.15386,0.9686737681206861,1.0
KRAS150,6.408,0.30756,1.0,1.0
LDH150,4.689,0.19389,1.0,1.0
MYC150,0.91,0.2365,1.0,1.0
NFK150,736.916,0.11626,0.4338457967070977,1.0
PTEN150,9.493,0.30285,1.0,1.0
RAS150,13.274,-0.18956,1.0,1.0
STAT150,105.203,0.20492,0.3676209287071689,1.0
TP150,3.036,0.13298,1.0,1.0
VEGF150,137.773,0.16449,0.5946844008122634,1.0
WNT150,4.93,0.08274,0.9213376319469571,1.0
ZEB150,12.922,0.38785,0.7296022238835913,1.0
ACTB151,9.488,-0.39877,0.41466082712810526,1.0
BRCA151,64.197,-0.27782,0.63189975714164,1.0
CDK151,27.61,-0.02344,1.0,1.0
EGFR151,579.343,0.1862,0.6943901697984343,1.0
FOX151,23.334,-0.1328,0.4747803318549576,1.0
GATA151,339.582,0.20165,0.49152660244607466,1.0
HIF151,1272.984,-0.17796,0.43060716100986923,1.0
IL151,3.421,0.43483,0.7387730175039543,1.0
JAK151,22.453,-0.04428,0.5654498255280596,1.0
KRAS151,10.36,0.13001,0.8835371191079499,1.0
LDH151,0.97,-0.49664,1.0,1.0
MYC151,96.833,0.19907,1.0,1.0
NFK151,918.703,0.1555,0.6467681961689145,1.0
PTEN151,1.901,0.03586,0.7745591576617413,1.0
RAS151,143.961,-0.12857,0.6359918759328756,1.0
STAT151,479.48,0.00403,1.0,1.0
TP151,358.667,-0.22505,0.7916162369234152,1.0
VEGF151,5.697,0.18672,0.8697800245181356,1.0
WNT151,34.968,-0.02272,0.5347870399806817,1.0
ZEB151,32.882,-0.04628,0.564621212454275,1.0
ACTB152,568.806,0.19355,0.7630358216853641,1.0
BRCA152,153.05,-0.32297,0.7129987875902288,1.0
CDK152,10.661,-0.03205,0.8352942066009311,1.0
EGFR152,44.937,-0.18172,0.8185480687404315,1.0
FOX152,5.743,-0.1305,0.4805002675076782,1.0
GATA152,3279.016,0.0119,0.4916162569338642,1.0
HIF152,2.014,0.0653,1.0,1.0
IL152,558.019,0.42465,0.15278658679115956,1.0
JAK152,414.374,-0.35622,0.6398749986228945,1.0
KRAS152,19.075,-0.16877,1.0,1.0
LDH152,10073.199,0.3621,0.29231214529129146,1.0
MYC152,20.634,-0.43983,0.3993963662885252,1.0
NFK152,146.73,-0.14806,1.0,1.0
PTEN152,67.268,0.21826,0.8440073072362836,1.0
RAS152,104.118,-0.0025,0.8051495843134929,1.0
STAT152,39.188,-0.07196,0.5334070819932728,1.0
TP152,47.396,0.21449,0.5150456079461752,1.0
VEGF152,0.989,-0.33762,1.0,1.0
WNT152,472.399,-0.67062,0.2278467947247868,1.0
ZEB152,237.899,0.33427,0.7092517190845451,1.0
ACTB153,33.382,2.61805,2.8477991793869036e-05,0.0032546276335850325
BRCA153,11.778,0.12778,0.8766599497708206,1.0
CDK153,852.513,0.33262,0.2546383769944755,1.0
EGFR153,7.795,-0.03159,1.0,1.0
FOX153,447.086,-0.14506,1.0,1.0
GATA153,988.709,0.05511,0.6803375154859147,1.0
HIF153,33.39,0.01974,1.0,1.0
IL153,140.388,-0.42329,0.26518497766071913,1.0
JAK153,62.067,0.00165,0.8603086204190616,1.0
KRAS153,1749.71,0.12021,1.0,1.0
LDH153,397.897,-0.19581,1.0,1.0
MYC153,1044.147,-0.22411,0.2984123160181509,1.0
NFK153,1.056,-0.00882,0.821198448276819,1.0
PTEN153,58.473,0.00362,0.42496248150810534,1.0
RAS153,20.946,-0.31351,0.6926209613859458,1.0
STAT153,107.807,-0.12418,0.37026032258018965,1.0
TP153,31.998,-0.25511,1.0,1.0
VEGF153,186.891,-0.58598,0.34209927982179045,1.0
WNT153,141.525,-0.15695,0.9217022421524935,1.0
ZEB153,5.795,-0.19867,0.7785947526587558,1.0
ACTB154,197.01,0.38628,0.24706111233848335,1.0
BRCA154,20.455,0.7417,0.41509182846359816,1.0
CDK154,262.195,0.05247,0.872975244790491,1.0
EGFR154,557.524,-0.93039,0.017777752483951473,1.0
FOX154,649.772,-0.36934,0.5463120824248143,1.0
GATA154,1138.591,-0.20167,0.33089562960475916,1.0
HIF154,8.748,0.03405,0.7535832946230618,1.0
IL154,394.133,-0.43521,0.47440972555502675,1.0
JAK154,415.901,-0.49354,0.12610418226687686,1.0
KRAS154,45.975,-0.15057,1.0,1.0
LDH154,110.201,-0.08106,0.6173591445601824,1.0
MYC154,2144.926,0.16402,1.0,1.0
NFK154,46.3,0.11439,1.0,1.0
PTEN154,129.921,-0.2985,0.4288872047855264,1.0
RAS154,33.209,-0.00552,1.0,1.0
STAT154,1.22,-0.19299,0.9485304588987366,1.0
TP154,81.112,-0.08963,0.7515361419333066,1.0
VEGF154,77.479,-0.16581,0.9406861868676022,1.0
WNT154,158.039,-0.09999,0.41459879506949177,1.0
ZEB154,1570.806,0.43777,0.17463043640271086,1.0
ACTB155,187.235,0.3973,0.2461162324669616,1.0
BRCA155,6.051,-0.21392,0.719205121154839,1.0
CDK155,162.558,0.24257,1.0,1.0
EGFR155,5545.592,-0.18914,0.9573285838896719,1.0
FOX155,26.27,0.39771,0.464528969815326,1.0
GATA155,12.063,-0.09139,0.722133797935398,1.0
HIF155,393.161,-0.23745,0.3703445169298146,1.0
IL155,6.091,0.14181,1.0,1.0
JAK155,4.71,0.28225,0.5134644711948393,1.0
KRAS155,358.038,-0.18983,0.6394926963741291,1.0
LDH155,52.62,0.31688,0.9092063693436045,1.0
MYC155,17.248,-0.13804,1.0,1.0
NFK155,656.469,0.25509,0.6385814809135022,1.0
PTEN155,58.437,-0.13671,0.7548867184679956,1.0
RAS155,45.559,-0.24155,0.4422268729624427,1.0
STAT155,28.66,0.18484,1.0,1.0
TP155,97.08,-0.321,0.7380335811307059,1.0
VEGF155,6.337,0.01481,0.3952439046196557,1.0
WNT155,31.445,0.04376,1.0,1.0
ZEB155,7.759,0.34255,0.8940780420156442,1.0
ACTB156,12547.295,-0.40375,0.43779920435382924,1.0
BRCA156,37.555,-0.01888,1.0,1.0
CDK156,45.41,0.1433,0.5424825884541815,1.0
EGFR156,15.02,0.08105,0.5352696868917057,1.0
FOX156,36.316,-0.00405,0.4129896505375432,1.0
GATA156,48.09,-0.71573,0.26486017517242805,1.0
HIF156,1.979,0.10273,1.0,1.0
IL156,155.685,0.0266,1.0,1.0
JAK156,96.382,-0.27718,0.7286097802895392,1.0
KRAS156,80.858,0.39862,0.27436985985860385,1.0
LDH156,3565.576,0.34249,0.2908588455130493,1.0
MYC156,216.145,0.1944,0.4432357164486584,1.0
NFK156,356.493,-0.26611,0.6162673840459911,1.0
PTEN156,3.415,0.01016,0.7469517138919307,1.0
RAS156,93.718,-0.18901,0.9027830385629216,1.0
STAT156,176.35,0.02505,0.5212350190550916,1.0
TP156,77.055,0.85873,0.09912432135156418,1.0
VEGF156,67.763,-0.08927,1.0,1.0
WNT156,161.986,0.06552,0.8004248351185732,1.0
ZEB156,3002.742,-0.15217,0.675962465200785,1.0
ACTB157,124.745,0.30548,0.5313509859012806,1.0
BRCA157,81.9,0.00046,1.0,1.0
CDK157,7.342,-0.24799,0.6710820848186035,1.0
EGFR157,111.727,0.66634,0.1719334428498956,1.0
FOX157,21.444,0.11864,0.6219639233157372,1.0
GATA157,1.816,0.18363,0.7207491757510783,1.0
HIF157,38.558,-0.29046,0.7575008603486555,1.0
IL157,112.634,0.0808,0.3626860241384833,1.0
JAK157,39.833,-0.60932,0.4558940709987306,1.0
KRAS157,46.849,0.09016,0.4791033792115749,1.0
LDH157,211.031,-0.0625,1.0,1.0
MYC157,23.512,0.00666,1.0,1.0
NFK157,37.168,0.08828,0.980381234163856,1.0
PTEN157,548.52,0.0555,0.8035551731736069,1.0
RAS157,39.68,0.22328,0.6113402219605606,1.0
STAT157,41.26,0.25727,0.7991565258130132,1.0
TP157,597.495,0.0951,0.54554500209686,1.0
VEGF157,86.266,-0.25535,0.3448884765897165,1.0
WNT157,81.374,-0.03877,0.9549824744009954,1.0
ZEB157,17.071,0.26916,1.0,1.0
ACTB158,1676.944,-0.13429,0.8899984117452668,1.0
BRCA158,125.2,-0.48716,0.15723559807952742,1.0
CDK158,829.42,0.2937,0.6085665850331733,1.0
EGFR158,165.927,-0.36545,0.30017656988005675,1.0
FOX158,17.661,0.30503,0.761025731931832,1.0
GATA158,2.322,-0.21947,1.0,1.0
HIF158,2.508,-0.08746,0.8555860145574933,1.0
IL158,64.633,-0.00388,0.7642126461077969,1.0
JAK158,548.521,0.13358,1.0,1.0
KRAS158,119.819,0.38504,0.40649814107954607,1.0
LDH158,19.323,-0.0835,1.0,1.0
MYC158,2.557,0.41337,0.8489521142334272,1.0
NFK158,12.419,0.30742,0.47095105927396436,1.0
PTEN158,6.383,-0.20228,1.0,1.0
RAS158,118.818,-0.05384,0.8008072469163061,1.0
STAT158,27.305,0.13439,0.36516767582005133,1.0
TP158,11.19,0.2224,0.8079268353662509,1.0
VEGF158,4.937,-0.0458,1.0,1.0
WNT158,108.701,-0.0787,0.5199437496585505,1.0
ZEB158,202.576,4.95675,9.113697091405023e-17,1.8227394182810044e-13
ACTB159,62.265,2.91918,1.2215714444441534e-06,0.0002650599543499468
BRCA159,178.406,0.49076,0.5224540855287233,1.0
CDK159,29.171,-0.35869,0.2908088904843789,1.0
EGFR159,1.058,0.00486,1.0,1.0
FOX159,6.141,2.74423,0.0009936820605156121,0.07499487249174432
GATA159,222.071,0.36793,0.19822103009914233,1.0
HIF159,31.537,0.11017,1.0,1.0
IL159,106.258,0.04312,0.5758153702840428,1.0
JAK159,16.421,-0.17482,0.8716368338491088,1.0
KRAS159,155.807,-0.09609,0.7969910262988588,1.0
LDH159,87.333,0.36972,0.4112739735284763,1.0
MYC159,2794.968,0.04011,1.0,1.0
NFK159,40.636,-0.54697,0.2256264839988963,1.0
PTEN159,8.898,0.06218,0.6155496434359644,1.0
RAS159,26.446,-0.15154,1.0,1.0
STAT159,109.559,-0.63925,0.33990503977250663,1.0
TP159,3569.873,0.16614,0.3371847795182656,1.0
VEGF159,143.778,0.13379,0.7827988691856586,1.0
WNT159,474.232,-0.3635,0.6030722381520053,1.0
ZEB159,202.206,0.2157,0.5588614246366955,1.0
ACTB160,8.392,-0.3649,0.9563635145890351,1.0
BRCA160,119.376,0.08302,1.0,1.0
CDK160,929.297,0.14289,1.0,1.0
EGFR160,1.585,-0.55684,0.4724713968214561,1.0
FOX160,696.885,-0.37419,0.30736895522057667,1.0
GATA160,4.57,-0.01601,1.0,1.0
HIF160,46.006,0.171,0.6056044304317966,1.0
IL160,367.0,0.07251,1.0,1.0
JAK160,668.204,-0.34112,0.5702064370481474,1.0
KRAS160,52.412,-0.20151,0.3590507786876279,1.0
LDH160,16.439,-0.17936,1.0,1.0
MYC160,355.866,0.34434,0.6261703372109391,1.0
NFK160,32.777,-0.07843,1.0,1.0
PTEN160,275.36,-0.1388,0.45377476111276155,1.0
RAS160,3.966,0.05256,0.7456896898351677,1.0
STAT160,1.402,-0.09285,0.9914843509031027,1.0
TP160,2.095,0.11144,0.9122102422602798,1.0
VEGF160,68.653,-0.10296,0.7461884679860452,1.0
WNT160,24.878,-0.26368,0.48229353495806476,1.0
ZEB160,2.727,-1.12719,0.23777728114826968,1.0
ACTB161,7.239,-0.03529,1.0,1.0
BRCA161,34.869,-0.38607,0.7468662334208952,1.0
CDK161,599.429,-0.11707,0.798574987963995,1.0
EGFR161,60.83,-0.25779,0.3134212544763164,1.0
FOX161,93.367,-0.40293,0.25171225115195384,1.0
GATA161,102.836,0.25078,1.0,1.0
HIF161,40.327,0.28178,0.840285070113673,1.0
IL161,921.595,0.10754,0.9174545718439778,1.0
JAK161,70.675,-0.05441,1.0,1.0
KRAS161,1561.206,-0.37854,0.4452370355581074,1.0
LDH161,125.127,0.19002,0.8736332624657852,1.0
MYC161,9.254,-0.03686,1.0,1.0
NFK161,18.985,0.59084,0.16514139574970668,1.0
PTEN161,295.648,0.09769,1.0,1.0
RAS161,877.465,0.11175,0.9207352807076102,1.0
STAT161,35.535,-0.13468,1.0,1.0
TP161,13.283,0.43618,0.36958642645990686,1.0
VEGF161,353.255,-0.05451,0.6396368606740407,1.0
WNT161,4.638,0.28328,0.9191317333262589,1.0
ZEB161,320.476,-0.12662,0.7178479324909528,1.0
ACTB162,27.373,0.11498,0.7792999652190415,1.0
BRCA162,6.263,0.19706,0.7133546085764574,1.0
CDK162,111.836,-0.06254,0.37757654798289614,1.0
EGFR162,42.35,-0.16994,0.8730804274863949,1.0
FOX162,27.707,-0.06828,0.36880766551322897,1.0
GATA162,1003.238,0.59734,0.21273030670287635,1.0
HIF162,185.929,-0.39773,0.6769609657333668,1.0
IL162,468.961,0.269,0.38773034726719185,1.0
JAK162,96.059,-0.03077,1.0,1.0
KRAS162,144.308,0.68387,0.2728328557271166,1.0
LDH162,21.2,-0.48494,0.655491643481032,1.0
MYC162,16.041,-0.13579,0.7766611172542229,1.0
NFK162,270.067,-0.12972,0.7017176778261612,1.0
PTEN162,27.306,0.13012,1.0,1.0
RAS162,65.593,-0.21394,0.5814281039075941,1.0
STAT162,18.782,0.03145,1.0,1.0
TP162,86.329,0.03498,0.8462109864366655,1.0
VEGF162,575.828,-0.14425,0.8725608583856462,1.0
WNT162,2.177,0.107,1.0,1.0
ZEB162,183.509,0.20225,0.5806828641361033,1.0
ACTB163,109.589,-0.19761,0.6763862375102655,1.0
BRCA163,433.222,0.1598,0.45924448199513696,1.0
CDK163,427.269,0.00737,1.0,1.0
EGFR163,8.173,0.21276,0.6722500870458762,1.0
FOX163,70.062,-0.03638,0.4812934651742727,1.0
GATA163,25.648,0.18707,1.0,1.0
HIF163,768.746,-0.16306,0.4426504597569138,1.0
IL163,7.808,0.17278,0.6694393810418597,1.0
JAK163,24.469,-0.07676,0.5315185884080399,1.0
KRAS163,9.44,0.21892,1.0,1.0
LDH163,142.368,-0.30959,0.4222208125962046,1.0
MYC163,540.397,0.12702,0.9952652800419302,1.0
NFK163,172.24,-0.18845,0.7441739617911489,1.0
PTEN163,349.818,0.01799,0.3897474156611359,1.0
RAS163,1.012,-0.54122,0.989152281716219,1.0
STAT163,45.257,-0.18464,0.5330092471609063,1.0
TP163,30.306,0.14739,1.0,1.0
VEGF163,5.181,0.22975,0.3649757294051012,1.0
WNT163,140.543,-0.20235,0.9572144453672206,1.0
ZEB163,38.502,0.62069,0.4556480323584814,1.0
ACTB164,246.814,-0.33878,0.6213033668639095,1.0
BRCA164,92.556,-0.01574,1.0,1.0
CDK164,1993.81,-0.15994,0.2834912320289786,1.0
EGFR164,20.781,-0.13441,0.8666005811813909,1.0
FOX164,22.195,-0.00062,1.0,1.0
GATA164,646.222,0.06198,0.7583224445944361,1.0
HIF164,3108.877,-0.22832,0.7534418677805711,1.0
IL164,132.285,0.01631,0.6226810566598799,1.0
JAK164,18.223,0.28054,0.7201200759595076,1.0
KRAS164,4.712,-0.15808,0.7289889896927124,1.0
LDH164,3.975,-2.76709,0.003938320464205384,0.27637336590914974
MYC164,2692.503,0.30869,0.2295081633014982,1.0
NFK164,217.311,0.13906,0.3185506470317286,1.0
PTEN164,49.269,-0.04265,1.0,1.0
RAS164,26.744,0.63619,0.2890994755476758,1.0
STAT164,52.717,-0.11194,0.5253326392908595,1.0
TP164,40.005,-0.3269,0.37685986074252453,1.0
VEGF164,2.457,-0.16302,1.0,1.0
WNT164,9.769,0.1599,1.0,1.0
ZEB164,382.087,0.27523,0.7635397823551315,1.0
ACTB165,527.351,-0.22901,0.4732406382485853,1.0
BRCA165,47.261,0.08121,0.7768473627055872,1.0
CDK165,568.059,-0.19083,0.71061980387297,1.0
EGFR165,57.47,-0.3324,0.6297975749517365,1.0
FOX165,188.984,0.19883,1.0,1.0
GATA165,22.708,-0.21912,0.6398684197925248,1.0
HIF165,12.54,-0.27583,0.3065525102313477,1.0
IL165,355.868,0.41519,0.4364848656573266,1.0
JAK165,1017.541,0.6161,0.0824831157725029,1.0
KRAS165,12.726,0.4131,0.756810514428456,1.0
LDH165,106.86,-0.19632,0.7740167451956164,1.0
MYC165,342.253,0.21641,0.8294993340594281,1.0
NFK165,63.004,0.02488,0.6958185918046237,1.0
PTEN165,138.774,0.00317,0.46703139273643846,1.0
RAS165,13.411,0.00949,0.5147833507244948,1.0
STAT165,50.846,-0.09324,1.0,1.0
TP165,1199.577,0.69199,0.11558423461843055,1.0
VEGF165,26.755,-0.67475,0.28011967164611334,1.0
WNT165,158.72,0.11592,0.6966868993712672,1.0
ZEB165,83.278,0.21675,0.8552905769512748,1.0
ACTB166,79.301,0.31933,0.697549591047844,1.0
BRCA166,14.308,0.31646,0.280497115784808,1.0
CDK166,1.865,0.26022,0.4484917358106759,1.0
EGFR166,15.559,0.10511,0.9291301364392608,1.0
FOX166,39.623,-1.24312,0.05603712052262444,1.0
GATA166,55.838,-0.12072,1.0,1.0
HIF166,18.675,0.10308,0.8868967440617855,1.0
IL166,5.443,0.34432,0.31519307786369893,1.0
JAK166,102.729,-0.14186,0.47108908518263537,1.0
KRAS166,839.271,0.17017,0.7770622897352814,1.0
LDH166,679.733,0.27959,0.7723236316620429,1.0
MYC166,140.158,-0.35953,0.2771419300597329,1.0
NFK166,391.742,-0.05979,0.7637703908871158,1.0
PTEN166,7.855,0.34156,0.7390513680636891,1.0
RAS166,5367.286,0.14789,1.0,1.0
STAT166,49.105,-0.17473,0.41701281410427526,1.0
TP166,74.493,0.0142,0.4426222644236388,1.0
VEGF166,55.386,-0.43958,0.457034837612187,1.0
WNT166,187.649,0.21793,0.7362084084610043,1.0
ZEB166,7.637,-0.01136,0.5644283697374957,1.0
ACTB167,1.666,0.50792,0.9006641850807678,1.0
BRCA167,0.451,-0.27554,0.8535186934925267,1.0
CDK167,173.901,0.09282,0.9617912424376535,1.0
EGFR167,429.227,2.31317,3.6380431165247715e-06,0.0006327031506999603
FOX167,13.886,-0.02815,1.0,1.0
GATA167,26.667,0.18892,0.6226153850138364,1.0
HIF167,696.552,0.1228,0.49119705550571735,1.0
IL167,1013.36,0.06395,1.0,1.0
JAK167,264.099,0.11078,1.0,1.0
KRAS167,73.389,0.35833,0.666612286389318,1.0
LDH167,84.531,2.42645,1.324473095495566e-05,0.001708997542574924
MYC167,45.108,0.07108,1.0,1.0
NFK167,17.435,-0.36667,0.41498709009354323,1.0
PTEN167,7.31,0.0228,0.6758759265696529,1.0
RAS167,93.857,0.28891,0.6550780397427337,1.0
STAT167,13.729,0.21542,0.45082124534774815,1.0
TP167,250.9,0.22593,0.9856911960623597,1.0
VEGF167,84.795,0.11927,0.8036341268672295,1.0
WNT167,1336.678,-0.09283,1.0,1.0
ZEB167,28.996,0.13924,0.8799616404510467,1.0
ACTB168,1221.527,0.33722,0.28563472007233903,1.0
BRCA168,1.078,-0.00838,1.0,1.0
CDK168,598.82,-0.1088,0.559947644924087,1.0
EGFR168,405.281,0.01607,1.0,1.0
FOX168,83.071,0.39805,0.21681403261910923,1.0
GATA168,35.448,0.09972,0.6206019587059558,1.0
HIF168,119.966,0.41665,0.31624160525759026,1.0
IL168,4.286,-0.30647,0.6027919398276779,1.0
JAK168,8995.703,-0.06247,0.8688812412991017,1.0
KRAS168,3878.366,-0.08936,0.3681161951955536,1.0
LDH168,554.447,0.37093,0.31674764641401204,1.0
MYC168,773.09,-0.30943,0.7612462290420797,1.0
NFK168,936.109,0.12068,0.6961370302698486,1.0
PTEN168,63.318,-0.22912,0.2777030786468571,1.0
RAS168,100.216,-0.04536,0.9102304664389913,1.0
STAT168,58.313,-0.25426,0.9598031678400475,1.0
TP168,1068.487,-0.16459,0.35433002715540673,1.0
VEGF168,7.892,0.20009,0.7942736880268952,1.0
WNT168,0.683,0.13502,0.613991160866824,1.0
ZEB168,261.547,0.35124,0.3698423266762993,1.0
ACTB169,19.638,0.05452,0.7977970663866191,1.0
BRCA169,91.152,0.39761,0.6689295889112065,1.0
CDK169,87.006,0.09852,1.0,1.0
EGFR169,53.212,0.05957,0.8589368731311363,1.0
FOX169,7.913,-0.46934,0.7155396911160187,1.0
GATA169,111.925,0.44913,0.227292856838971,1.0
HIF169,877.909,-0.49789,0.13159702380139346,1.0
IL169,0.701,0.48275,0.45171692364583127,1.0
JAK169,10.601,0.20774,1.0,1.0
KRAS169,149.869,-0.01012,0.8083144364238645,1.0
LDH169,115.044,0.77566,0.18546407752742408,1.0
MYC169,32.227,0.37354,0.2389595459887895,1.0
NFK169,22.242,-0.02113,1.0,1.0
PTEN169,195.856,-0.22605,0.31760296232064666,1.0
RAS169,3.309,-0.12747,0.8188417045529893,1.0
STAT169,478.954,-0.45844,0.23375032595872208,1.0
TP169,36.816,-0.32373,0.46929406807456536,1.0
VEGF169,21.776,0.16746,0.7429300886881705,1.0
WNT169,140.622,-0.02273,0.8871860435250234,1.0
ZEB169,128.579,-0.26567,0.3349717138898458,1.0
ACTB170,668.644,-0.35489,0.32391429594122,1.0
BRCA170,75.509,-0.16153,1.0,1.0
CDK170,1.309,-0.01187,0.4267493870017562,1.0
EGFR170,5.022,0.19413,0.3621278828820335,1.0
FOX170,77.264,-0.53807,0.4602567625936572,1.0
GATA170,120.988,-0.22718,0.32646305115618907,1.0
HIF170,2313.147,-0.09508,1.0,1.0
IL170,99.345,-0.06056,0.46779966490491465,1.0
JAK170,297.377,-0.98629,0.04244693671585415,1.0
KRAS170,6951.371,0.3857,0.41728768087292883,1.0
LDH170,15.964,-0.13558,0.7794239837921375,1.0
MYC170,9.611,0.06737,1.0,1.0
NFK170,5.804,-0.83855,0.36619765404246674,1.0
PTEN170,74.125,-0.46149,0.5942855951731513,1.0
RAS170,4.674,0.11281,1.0,1.0
STAT170,106.575,-0.47339,0.47568741304994083,1.0
TP170,97.949,-0.34271,0.37133615577643003,1.0
VEGF170,586.557,0.84043,0.030254341627139626,1.0
WNT170,108.245,-0.34687,0.7258356616663159,1.0
ZEB170,845.381,0.00952,1.0,1.0
ACTB171,0.661,-0.62663,0.5227556530677245,1.0
BRCA171,5.596,0.08151,0.4626927347056187,1.0
CDK171,431.468,0.2594,0.9256835651282294,1.0
EGFR171,41.881,0.0616,0.6525810141385232,1.0
FOX171,921.771,-0.2268,0.846875340575174,1.0
GATA171,492.972,0.24557,0.6705773175665293,1.0
HIF171,1.999,-0.50934,0.7264731014519117,1.0
IL171,133.818,0.20836,0.5028224385073877,1.0
JAK171,11.46,-0.04851,0.39478334618766736,1.0
KRAS171,31.102,-0.0845,0.6811664059952045,1.0
LDH171,848.463,0.36731,0.20029238844414848,1.0
MYC171,110.243,-0.05201,0.8129829538528078,1.0
NFK171,40.484,0.11357,0.3916409145225164,1.0
PTEN171,188.654,0.00859,0.5316069698519847,1.0
RAS171,39.245,0.09283,1.0,1.0
STAT171,151.616,-0.08471,1.0,1.0
TP171,17.737,0.23479,0.3299233858303564,1.0
VEGF171,9.047,-0.22447,0.6913615458416225,1.0
WNT171,29.78,-0.29243,0.2765784122363593,1.0
ZEB171,38.53,-0.28888,0.7403922101177336,1.0
ACTB172,4137.791,-0.10759,0.9598060275982894,1.0
BRCA172,796.01,0.53674,0.16180069926167462,1.0
CDK172,58.185,-0.11102,0.41310964283578994,1.0
EGFR172,2.55,0.29476,1.0,1.0
FOX172,506.064,-0.23416,0.4674034917442239,1.0
GATA172,3378.481,-0.77109,0.025572714023091313,1.0
HIF172,413.682,-0.22044,0.9032184143051076,1.0
IL172,699.205,-1.68209,0.0002894200611924076,0.024818157239339167
JAK172,59.304,0.37401,0.6207562044936037,1.0
KRAS172,68.927,-0.07998,1.0,1.0
LDH172,252.365,-0.22943,0.6035941860268621,1.0
MYC172,999.81,-0.4178,0.40147997833382193,1.0
NFK172,18.609,-0.20132,1.0,1.0
PTEN172,240.076,-0.03751,1.0,1.0
RAS172,121.59,-0.13979,0.6789968571007919,1.0
STAT172,1091.604,-0.63591,0.20937669852744364,1.0
TP172,125.459,-0.1416,0.556054324071003,1.0
VEGF172,111.744,0.22473,0.9307522794100483,1.0
WNT172,6.616,0.24267,0.42338709312238376,1.0
ZEB172,5.92,0.2654,0.6801838517357844,1.0
ACTB173,3.698,-0.03661,1.0,1.0
BRCA173,117.677,0.25434,0.8180870688136955,1.0
CDK173,9.244,-0.66998,0.4784117690328547,1.0
EGFR173,6.151,-0.22374,1.0,1.0
FOX173,40.849,-0.12848,0.8631986897901883,1.0
GATA173,8.329,0.29149,1.0,1.0
HIF173,445.727,-0.1477,1.0,1.0
IL173,597.719,0.13959,0.6186103188877646,1.0
JAK173,0.888,0.17582,0.5465565554568782,1.0
KRAS173,126.285,0.13768,0.46919386120709794,1.0
LDH173,352.579,-0.08763,0.9382032642011168,1.0
MYC173,144.336,-0.67926,0.2234568837185154,1.0
NFK173,19.632,0.25229,1.0,1.0
PTEN173,460.006,0.08255,1.0,1.0
RAS173,32.258,0.03795,0.7806905167530964,1.0
STAT173,5.46,0.29674,0.9857525186059974,1.0
TP173,22.885,-0.04929,0.7056173645370812,1.0
VEGF173,1040.22,-0.03558,0.9665659849158333,1.0
WNT173,2222.008,-0.05914,1.0,1.0
ZEB173,121.598,-0.29979,0.6811078668942709,1.0
ACTB174,43.704,0.09955,0.8947600103368893,1.0
BRCA174,74.179,0.13257,1.0,1.0
CDK174,1212.494,-0.44694,0.17785350078674722,1.0
EGFR174,149.755,-0.10952,0.669303849397771,1.0
FOX174,1785.25,-0.23878,0.3638483238143266,1.0
GATA174,407.302,0.42668,0.4802427065498979,1.0
HIF174,501.027,-0.08644,0.7244738226528643,1.0
IL174,1.224,-0.05084,0.7964356003132809,1.0
JAK174,19.851,0.03358,1.0,1.0
KRAS174,701.523,0.1958,0.7380998976964271,1.0
LDH174,261.291,-0.64701,0.09361047234838858,1.0
MYC174,32.581,0.1788,0.7925249432240203,1.0
NFK174,55.702,0.02822,0.40444651308760177,1.0
PTEN174,35.638,0.20159,0.47278161623233295,1.0
RAS174,12.337,-0.44578,0.45830332000604856,1.0
STAT174,43.508,-0.2325,1.0,1.0
TP174,19.956,0.03245,0.8500596761238689,1.0
VEGF174,24.155,-0.0278,0.5800356471183263,1.0
WNT174,165.113,-0.37803,0.6101414911855204,1.0
ZEB174,0.777,0.19829,0.3834290849499708,1.0
ACTB175,673.388,0.18225,0.2901271252528543,1.0
BRCA175,78.345,0.07166,1.0,1.0
CDK175,166.165,-0.43779,0.5526662195824147,1.0
EGFR175,21.981,0.17875,0.5508199588636729,1.0
FOX175,37.703,0.12448,0.6854368462902622,1.0
GATA175,8.376,0.51033,0.665251298731793,1.0
HIF175,166.178,-0.1189,1.0,1.0
IL175,7.972,0.0685,0.9526312895250192,1.0
JAK175,232.8,0.00466,0.5900461035996749,1.0
KRAS175,1.975,0.2491,0.4111310425920625,1.0
LDH175,28.659,-0.55555,0.3424435950789174,1.0
MYC175,10.341,-0.28072,0.538382171240275,1.0
NFK175,162.973,0.19792,0.5764517391588478,1.0
PTEN175,598.738,0.11535,0.7217413330227026,1.0
RAS175,21.705,0.16212,0.4706975117660107,1.0
STAT175,446.448,-0.09768,0.9468977199682839,1.0
TP175,3535.417,-0.27622,0.27632621839454846,1.0
VEGF175,78.427,-0.1317,0.9522368341631962,1.0
WNT175,6.557,-0.17671,0.6366227378149248,1.0
ZEB175,296.974,0.35515,0.46214264362682805,1.0
ACTB176,14.213,-0.2496,0.5314653029700249,1.0
BRCA176,281.022,-0.29317,0.8635482805165283,1.0
CDK176,1000.131,0.28453,0.618224889095466,1.0
EGFR176,154.277,0.13825,0.6225269848749263,1.0
FOX176,12.349,0.04806,1.0,1.0
GATA176,21.695,-0.28787,0.7945882016593445,1.0
HIF176,1129.997,-0.26792,0.838367432286178,1.0
IL176,2.45,0.50387,0.5213582516130804,1.0
JAK176,499.725,0.28673,0.5405154065497736,1.0
KRAS176,604.093,-0.25454,0.7240548535593467,1.0
LDH176,213.676,0.01025,1.0,1.0
MYC176,99.182,-0.29016,0.5735390534678939,1.0
NFK176,433.503,0.06491,1.0,1.0
PTEN176,75.954,-0.756,0.1530112308655568,1.0
RAS176,408.461,0.30476,0.4086064441607601,1.0
STAT176,62.521,0.31279,0.8935475230988789,1.0
TP176,70.283,-0.26638,0.6463086779134458,1.0
VEGF176,6.639,0.14599,0.4689757293161701,1.0
WNT176,4.278,-0.12492,0.5550218287328722,1.0
ZEB176,30.214,-0.48929,0.2081663787812148,1.0
ACTB177,2.847,-0.27827,0.8453058791597292,1.0
BRCA177,106.206,-2.85303,5.711707178231871e-07,0.00016319163366376773
CDK177,1518.473,-0.12197,0.5858483179521718,1.0
EGFR177,6.729,0.05099,0.9558691616765643,1.0
FOX177,62.29,-0.23965,0.98875664190337,1.0
GATA177,494.704,0.50054,0.1522860275568541,1.0
HIF177,25.735,0.54085,0.44329191439987764,1.0
IL177,95.23,0.40293,0.7200641241842713,1.0
JAK177,170.689,0.30457,0.6404710672339216,1.0
KRAS177,32.461,0.01035,0.4697174341201619,1.0
LDH177,542.963,0.07865,1.0,1.0
MYC177,35.634,-0.30267,0.5487496210516982,1.0
NFK177,352.69,-0.10021,0.6244664537151826,1.0
PTEN177,14.545,-0.05849,0.4992771354903971,1.0
RAS177,1.918,-0.23736,0.912183245160211,1.0
STAT177,109.532,0.48732,0.31114187892789924,1.0
TP177,2780.404,0.00322,0.863617695375854,1.0
VEGF177,250.959,0.2904,0.45580107397249575,1.0
WNT177,1389.047,0.27094,0.49550238626354504,1.0
ZEB177,101.983,-0.09153,0.3502578486578902,1.0
ACTB178,40.176,-0.00421,1.0,1.0
BRCA178,14.579,0.19781,1.0,1.0
CDK178,75.854,0.12972,1.0,1.0
EGFR178,566.174,0.34183,0.7166213070167369,1.0
FOX178,535.014,-0.38681,0.30542536139821885,1.0
GATA178,20.493,-0.42114,0.26833746997280633,1.0
HIF178,1896.787,0.15646,0.8422885604238287,1.0
IL178,108.091,0.33901,0.49282962071416575,1.0
JAK178,515.452,-0.34565,0.7208266757708165,1.0
KRAS178,250.069,0.41906,0.4409508439748685,1.0
LDH178,307.973,0.4376,0.543551241652815,1.0
MYC178,11.809,0.09739,1.0,1.0
NFK178,4.427,-0.20268,0.39858019290638125,1.0
PTEN178,37.866,0.14074,1.0,1.0
RAS178,530.894,0.09095,1.0,1.0
STAT178,35.994,0.08475,0.406573195915272,1.0
TP178,72.311,0.23003,0.5423925710424534,1.0
VEGF178,472.02,-0.32557,0.40698570017342955,1.0
WNT178,7.894,0.39984,0.8270351243703924,1.0
ZEB178,63.027,0.18966,0.4464955304662723,1.0
ACTB179,27.481,0.02163,0.7454108957899205,1.0
BRCA179,983.259,0.23439,0.8290459913618128,1.0
CDK179,410.495,0.17765,0.7315065100561055,1.0
EGFR179,632.799,-0.2136,0.8766416200571633,1.0
FOX179,15.678,0.31648,0.46852970882562317,1.0
GATA179,171.32,0.04034,0.9594818980367947,1.0
HIF179,67.001,2.2569,0.00014000692385104593,0.01333399274771866
IL179,221.154,0.05773,0.40937985193880216,1.0
JAK179,8.19,-0.09943,0.42348033866143087,1.0
KRAS179,30.798,0.02504,1.0,1.0
LDH179,216.388,0.11934,1.0,1.0
MYC179,10.608,0.12137,0.6148692559540847,1.0
NFK179,22.788,-0.41965,0.5282737217942388,1.0
PTEN179,169.288,0.72533,0.09182673531232989,1.0
RAS179,74.403,-0.50402,0.3765310799392181,1.0
STAT179,20.541,-0.56133,0.2998614971644007,1.0
TP179,97.578,0.18894,0.3371431743303799,1.0
VEGF179,385.876,0.28252,0.5985472278932152,1.0
WNT179,57.017,-0.2596,0.287153965898564,1.0
ZEB179,594.378,-0.0601,0.6649428162705102,1.0
ACTB180,600.852,0.02638,1.0,1.0
BRCA180,80.854,-0.27385,0.4399976135995508,1.0
CDK180,61.404,-0.50775,0.5761312883012344,1.0
EGFR180,473.505,-0.15835,0.5552433371200527,1.0
FOX180,41.796,0.13857,0.42208426181416653,1.0
GATA180,452.772,0.05738,0.6182611668102015,1.0
HIF180,3156.993,-0.22305,0.48678781353978123,1.0
IL180,15.843,-2.85773,3.202749453302869e-05,0.0033764821196037766
JAK180,3.081,-0.11398,0.7708098915353752,1.0
KRAS180,10.008,-0.28752,0.40319577554602093,1.0
LDH180,44.378,0.26081,0.7621757687915107,1.0
MYC180,146.534,0.17839,0.4628866323596803,1.0
NFK180,665.647,0.10023,0.35141325445625404,1.0
PTEN180,227.286,0.24584,0.4157451708451113,1.0
RAS180,289.882,-0.20483,0.7738702097234966,1.0
STAT180,432.415,-0.03158,0.7959907632195301,1.0
TP180,807.725,-0.00373,0.7270147597810226,1.0
VEGF180,15.536,-0.45931,0.7804041606964984,1.0
WNT180,259.914,0.07022,0.6109760678042393,1.0
ZEB180,1412.654,-0.25029,0.5302851150916854,1.0
ACTB181,344.268,0.21498,0.39949646476138667,1.0
BRCA181,34.194,0.17909,1.0,1.0
CDK181,6.334,-0.14876,1.0,1.0
EGFR181,10.482,-0.28871,0.7316146626235492,1.0
FOX181,0.586,0.22461,0.671446480691427,1.0
GATA181,24.489,-0.07383,1.0,1.0
HIF181,308.691,0.38427,0.4592520268892606,1.0
IL181,348.615,0.1375,0.9528833677060398,1.0
JAK181,5.654,0.05845,1.0,1.0
KRAS181,14729.655,0.53367,0.13029310704525013,1.0
LDH181,34.39,0.08748,0.9599523432204722,1.0
MYC181,22.788,-0.17789,0.5800907578978747,1.0
NFK181,195.919,-0.00911,0.9603914958882737,1.0
PTEN181,7.95,0.60631,0.38667085167632825,1.0
RAS181,9.031,0.02327,1.0,1.0
STAT181,77.406,0.24873,0.8767871374990983,1.0
TP181,928.61,-0.05427,0.6436531967659002,1.0
VEGF181,136.869,-0.31453,0.37405973301676926,1.0
WNT181,88.807,-0.22918,1.0,1.0
ZEB181,91.558,-0.30357,0.48639205642537037,1.0
ACTB182,8.306,-0.01955,0.9180528081941219,1.0
BRCA182,6.074,-0.27792,0.7900823849423401,1.0
CDK182,21.161,-0.1632,0.7425532694460616,1.0
EGFR182,2.411,0.01322,0.6865825710674313,1.0
FOX182,86.783,-0.11759,0.7804750312035265,1.0
GATA182,28.062,0.1093,0.9935163105488864,1.0
HIF182,166.545,-0.18241,0.6818042618732512,1.0
IL182,4.046,0.2842,0.5792139090613686,1.0
JAK182,64.382,-1.77101,0.0020588438687931102,0.14973409954858985
KRAS182,80.137,0.04543,1.0,1.0
LDH182,24.05,-0.15414,0.8530236171784393,1.0
MYC182,54.281,-0.06138,0.9696355069993083,1.0
NFK182,4.108,0.12136,0.5958952848525505,1.0
PTEN182,32.684,-0.4531,0.7325218701321392,1.0
RAS182,54.948,-0.05431,1.0,1.0
STAT182,22.233,0.12583,1.0,1.0
TP182,199.864,-0.06498,0.8106146073275956,1.0
VEGF182,193.331,-0.06356,1.0,1.0
WNT182,12.79,-0.169,1.0,1.0
ZEB182,223.884,0.26523,0.7890377847416618,1.0
ACTB183,40.219,-0.1249,0.917083291163899,1.0
BRCA183,35.925,0.14093,0.6387985122638868,1.0
CDK183,119.55,0.20714,0.41834570849911284,1.0
EGFR183,549.671,-0.36765,0.17790793773110206,1.0
FOX183,214.33,-0.01035,1.0,1.0
GATA183,78.576,0.07048,0.59556120585798,1.0
HIF183,484.187,0.04486,0.709786287163724,1.0
IL183,92.954,-0.10189,1.0,1.0
JAK183,99.335,-0.10471,1.0,1.0
KRAS183,54.589,0.1086,1.0,1.0
LDH183,4.528,-0.03025,0.8716195336626008,1.0
MYC183,2.251,0.36352,0.37323438952001825,1.0
NFK183,113.666,-0.45328,0.27090350908826194,1.0
PTEN183,106.675,-0.03933,0.5696869645717876,1.0
RAS183,2620.455,0.25842,0.38065221747901673,1.0
STAT183,2.653,0.21596,0.42475703383785496,1.0
TP183,13.607,-0.54482,0.5162334511922072,1.0
VEGF183,5251.289,0.12306,0.38780558027235346,1.0
WNT183,21.443,0.63434,0.13906512886139696,1.0
ZEB183,9.338,-0.18697,0.9309241036247161,1.0
ACTB184,13.362,-0.02637,1.0,1.0
BRCA184,74.228,-0.3455,0.281739460091293,1.0
CDK184,41.412,0.06399,1.0,1.0
EGFR184,11.917,0.56043,0.4189838173394447,1.0
FOX184,40.534,-0.26747,0.43032012241070594,1.0
GATA184,18.999,-0.36286,0.7415984190123733,1.0
HIF184,153.086,-0.01981,1.0,1.0
IL184,9.634,0.05743,0.9053272185512088,1.0
JAK184,21.826,0.29586,0.482850144802512,1.0
KRAS184,24.118,-0.23564,0.46539503674340776,1.0
LDH184,370.058,-0.36154,0.641038155386994,1.0
MYC184,918.346,-0.18731,0.5688847639441944,1.0
NFK184,36.165,-0.48846,0.4309261514577699,1.0
PTEN184,11.587,-0.22042,0.9378532843665339,1.0
RAS184,24.302,-0.34342,0.7863123391470886,1.0
STAT184,107.008,0.10243,0.5748085351202598,1.0
TP184,1.205,-0.20875,0.38888706775048176,1.0
VEGF184,10.057,-3.71272,2.273525378465413e-06,0.0004330524530410311
WNT184,1.232,-0.25493,1.0,1.0
ZEB184,42.488,0.14774,0.4953773287462907,1.0
ACTB185,3.185,-0.04659,0.9256741417776473,1.0
BRCA185,51.393,0.13081,0.936828736789352,1.0
CDK185,87.106,-0.01425,1.0,1.0
EGFR185,386.678,-0.06695,1.0,1.0
FOX185,0.416,0.05689,0.4511934637575104,1.0
GATA185,6.169,-0.11596,1.0,1.0
HIF185,423.922,0.07401,1.0,1.0
IL185,222.407,0.22562,0.2825174868920048,1.0
JAK185,86.546,-0.41747,0.49009214365538245,1.0
KRAS185,43.808,-0.15692,0.33248970875882367,1.0
LDH185,8.928,-0.00951,1.0,1.0
MYC185,32.27,-0.25521,0.9885024892789414,1.0
NFK185,32.361,0.70795,0.22486751289536713,1.0
PTEN185,18.206,0.40437,0.42519390044033606,1.0
RAS185,8.803,0.00765,1.0,1.0
STAT185,89.866,-0.186,0.3895208691693551,1.0
TP185,58.487,0.37371,0.3344690357109061,1.0
VEGF185,0.166,-0.51121,1.0,1.0
WNT185,116.013,-0.09452,0.4212567498769851,1.0
ZEB185,178.349,0.07212,1.0,1.0
ACTB186,77.916,-0.84537,0.05257386695511962,1.0
BRCA186,33.013,0.57262,0.5492039228399903,1.0
CDK186,40.139,2.62382,1.1608338559442086e-05,0.0016011501461299428
EGFR186,22.177,-0.08468,1.0,1.0
FOX186,446.088,1.16099,0.008676115407324443,0.5422572129577777
GATA186,80.282,-0.11341,0.767588557466747,1.0
HIF186,13.405,-0.01956,1.0,1.0
IL186,17.315,-0.09811,1.0,1.0
JAK186,15.511,-0.61985,0.3889753572189175,1.0
KRAS186,105.462,-0.15614,0.31019716318146934,1.0
LDH186,3.757,-0.04063,1.0,1.0
MYC186,2343.264,0.27902,0.7534661699122088,1.0
NFK186,87.507,-0.1919,0.7598989115787165,1.0
PTEN186,524.657,-0.35889,0.5072741441872699,1.0
RAS186,4.63,1.24305,0.10563271000399181,1.0
STAT186,257.101,-0.0633,0.646670543316066,1.0
TP186,68.088,-0.01025,1.0,1.0
VEGF186,167.397,-0.19749,0.8552436406224116,1.0
WNT186,270.718,-0.31547,0.65983365697766,1.0
ZEB186,70.891,-4.35269,1.1217867506979463e-12,8.974294005583571e-10
ACTB187,21.453,0.53918,0.5246731567949537,1.0
BRCA187,329.573,-0.36489,0.2179011896101972,1.0
CDK187,212.811,-0.26883,0.33424690372761956,1.0
EGFR187,15.157,0.00342,0.9160944204923778,1.0
FOX187,16.786,-0.40448,0.3611321795496623,1.0
GATA187,140.648,0.08869,1.0,1.0
HIF187,123.587,0.08329,1.0,1.0
IL187,1095.973,-0.47805,0.27198977722824697,1.0
JAK187,1528.124,-0.11258,1.0,1.0
KRAS187,212.12,-0.09054,0.8016599893819055,1.0
LDH187,47.735,-0.47133,0.23105690524590994,1.0
MYC187,175.048,0.10226,1.0,1.0
NFK187,868.701,-0.11905,0.5349416256407683,1.0
PTEN187,1389.412,-0.02713,0.941910128179481,1.0
RAS187,103.423,0.15227,0.8429148381345909,1.0
STAT187,39.992,0.00757,0.9907116337447487,1.0
TP187,15.121,-0.05811,0.6220406664074203,1.0
VEGF187,1016.489,-0.03849,1.0,1.0
WNT187,4.047,0.29774,0.9379134898528599,1.0
ZEB187,2.044,-0.17148,0.8901155013108851,1.0
ACTB188,12.579,-0.40405,0.2458088039084199,1.0
BRCA188,64.77,0.03767,0.7558078126699037,1.0
CDK188,22.324,-0.46774,0.6564368234267479,1.0
EGFR188,41.616,-0.40149,0.2105587829792096,1.0
FOX188,23.146,0.07671,0.4879143850598781,1.0
GATA188,299.603,-0.12512,0.5225181484063055,1.0
HIF188,11.308,0.11345,0.4332990851030338,1.0
IL188,219.585,-0.03724,0.44182557170611947,1.0
JAK188,81.128,0.08565,1.0,1.0
KRAS188,599.668,-0.28981,0.6149024364061867,1.0
LDH188,11.959,0.45575,0.6649265988269023,1.0
MYC188,50.494,-0.02385,1.0,1.0
NFK188,13102.32,-0.19458,0.8111025368192823,1.0
PTEN188,6098.539,-0.48404,0.22293528529762227,1.0
RAS188,3.919,-1.11644,0.343980561136837,1.0
STAT188,637.997,0.21856,0.5621026206643204,1.0
TP188,34.331,-0.39995,0.45827852939251273,1.0
VEGF188,322.253,-0.47359,0.26015409836810477,1.0
WNT188,228.347,-0.30682,0.3354348230226726,1.0
ZEB188,5.022,0.20855,1.0,1.0
ACTB189,72.554,0.39848,0.7392637065366754,1.0
BRCA189,114.94,-0.05641,1.0,1.0
CDK189,24.959,-0.22213,1.0,1.0
EGFR189,16.176,4.49335,5.444593514005916e-10,3.1111962937176665e-07
FOX189,25.955,-0.35407,0.8154050549125598,1.0
GATA189,135.575,-0.34806,0.472121113034116,1.0
HIF189,1.054,-0.13709,1.0,1.0
IL189,103.272,0.06488,1.0,1.0
JAK189,120.828,-0.1206,0.602411369371117,1.0
KRAS189,10.531,0.02237,1.0,1.0
LDH189,2.913,-0.15778,1.0,1.0
MYC189,95.863,-0.38698,0.34275380214360834,1.0
NFK189,197.296,0.16814,0.5928009238020665,1.0
PTEN189,1.789,-0.15178,0.6616461141546269,1.0
RAS189,8.171,0.07731,1.0,1.0
STAT189,26.231,-0.10891,1.0,1.0
TP189,160.547,-0.14165,0.4507661049338088,1.0
VEGF189,35.879,0.47707,0.18994558716404492,1.0
WNT189,9.676,0.75307,0.2024166143613891,1.0
ZEB189,51.617,-0.32335,0.4532325839685211,1.0
ACTB190,1.289,-0.33904,0.39695465354001785,1.0
BRCA190,1064.212,0.28872,0.22712671590450764,1.0
CDK190,331.401,-0.22723,0.9921334236159081,1.0
EGFR190,45.363,-0.56181,0.2611933589037776,1.0
FOX190,25.659,-0.0377,0.4143916981759965,1.0
GATA190,257.018,-0.64581,0.16802223494912444,1.0
HIF190,46.532,0.5631,0.382435270129662,1.0
IL190,76.194,0.50896,0.47725965941889403,1.0
JAK190,28.116,-0.12497,0.8308201456212135,1.0
KRAS190,10.559,0.33806,0.7237132825762208,1.0
LDH190,37.246,0.33645,0.5203245575231928,1.0
MYC190,17.994,0.26361,0.5330054333052416,1.0
NFK190,80.204,0.29969,0.31558674769789125,1.0
PTEN190,69.541,0.12711,0.8562343014182024,1.0
RAS190,215.906,0.11187,0.6970535411894262,1.0
STAT190,3395.59,-0.04765,0.973585722686943,1.0
TP190,524.719,0.42134,0.5603489334086275,1.0
VEGF190,263.02,0.00792,1.0,1.0
WNT190,15.901,-0.05955,1.0,1.0
ZEB190,920.967,0.67611,0.08589019176649888,1.0
ACTB191,3.191,0.13994,0.528066676012122,1.0
BRCA191,92.058,0.10489,0.7722832142926774,1.0
CDK191,35.304,-0.53717,0.33756962024003306,1.0
EGFR191,4.061,-0.19614,0.5500327658332617,1.0
FOX191,5.57,0.2499,0.4069377021387846,1.0
GATA191,262.766,0.36239,0.3063557399622344,1.0
HIF191,21.796,0.17067,0.48029596824931714,1.0
IL191,425.939,0.01958,1.0,1.0
JAK191,8.43,-0.17429,0.40309754481388305,1.0
KRAS191,63.757,-0.0603,1.0,1.0
LDH191,376.17,0.06061,0.7381603158927185,1.0
MYC191,1405.138,0.05994,1.0,1.0
NFK191,39.431,-0.36869,0.27415570070456247,1.0
PTEN191,158.904,0.06993,1.0,1.0
RAS191,24.411,-0.15615,1.0,1.0
STAT191,233.004,-0.37223,0.3032206268517179,1.0
TP191,180.346,0.02797,1.0,1.0
VEGF191,0.453,-0.05881,0.43673583888490636,1.0
WNT191,4.938,-0.22384,0.9353938415903674,1.0
ZEB191,6.268,0.30737,0.5083284778010421,1.0
ACTB192,119.695,-0.10236,1.0,1.0
BRCA192,741.963,-0.01696,1.0,1.0
CDK192,16.684,0.01717,0.8723924737390039,1.0
EGFR192,1170.838,0.05089,0.4808581712510677,1.0
FOX192,3.516,0.17519,0.6333268823323581,1.0
GATA192,45.927,0.13999,0.8122731379709743,1.0
HIF192,36.428,-0.55597,0.5130312452053514,1.0
IL192,67.243,0.48408,0.5425585464064908,1.0
JAK192,2373.009,-0.11249,1.0,1.0
KRAS192,1157.153,-0.05454,1.0,1.0
LDH192,19.939,-0.01476,0.6922879441465647,1.0
MYC192,18.465,-0.12644,0.39814794455910224,1.0
NFK192,61.685,-0.37488,0.3320254789557754,1.0
PTEN192,291.312,-0.25604,0.8219369064839469,1.0
RAS192,141.333,0.10847,1.0,1.0
STAT192,19.364,-0.11153,0.7538621201045544,1.0
TP192,379.45,0.16734,0.5926051295237085,1.0
VEGF192,13.489,-0.12583,0.42279035602307624,1.0
WNT192,1350.905,0.46191,0.11586370188158512,1.0
ZEB192,158.676,-0.1604,0.9012026685142742,1.0
ACTB193,48.091,-0.42502,0.4740555459239728,1.0
BRCA193,226.131,-0.37486,0.508961169464995,1.0
CDK193,20.54,-0.53747,0.5220293134126464,1.0
EGFR193,205.039,0.1252,0.6490929703524762,1.0
FOX193,61.506,-0.13038,0.43417112220653103,1.0
GATA193,13.08,-0.30877,0.8181341252190342,1.0
HIF193,14.44,0.16802,0.5647639340361394,1.0
IL193,38.059,-0.28497,0.8949387161248966,1.0
JAK193,180.591,0.57548,0.25213452259521424,1.0
KRAS193,4264.834,0.21231,0.3234050375173842,1.0
LDH193,92.38,0.15492,0.3198891545777237,1.0
MYC193,119.771,-0.68567,0.22893384446117526,1.0
NFK193,1393.389,-0.45857,0.29134960663183446,1.0
PTEN193,21.674,-0.29326,0.3846687380475482,1.0
RAS193,160.641,0.41737,0.220298610304133,1.0
STAT193,7762.644,0.25269,0.5119009481994444,1.0
TP193,6.676,1.68609,0.03652043751053035,1.0
VEGF193,778.789,0.73501,0.08221653304822021,1.0
WNT193,11.01,0.06564,0.5143247082263241,1.0
ZEB193,5426.932,-0.09585,0.5459510136042812,1.0
ACTB194,11.027,0.07187,0.5762036577043214,1.0
BRCA194,18.371,0.15018,0.7475352317893116,1.0
CDK194,123.157,0.07282,0.3560074308762428,1.0
EGFR194,4.17,0.34822,0.7523295043786473,1.0
FOX194,171.159,-3.23685,4.429841295105873e-09,2.2149206475529365e-06
GATA194,11.008,0.19621,1.0,1.0
HIF194,36.19,2.21329,0.00027127928703159936,0.024113714402808833
IL194,81.344,0.13541,0.9046892163640193,1.0
JAK194,94.635,0.67218,0.20607753910513582,1.0
KRAS194,93.88,0.31412,0.24084817964850364,1.0
LDH194,98.177,0.57992,0.26168859053127497,1.0
MYC194,4.079,-0.13074,0.9896438743074857,1.0
NFK194,2540.903,-0.23177,0.4630902527590901,1.0
PTEN194,3.217,-0.32718,0.5597979698465555,1.0
RAS194,111.403,-0.14416,0.9280383807403135,1.0
STAT194,7.765,0.13718,0.9892638531752918,1.0
TP194,72.686,-0.46869,0.5810961526770153,1.0
VEGF194,107.876,0.08163,0.985483927952565,1.0
WNT194,31.062,0.20233,0.8385793055146533,1.0
ZEB194,695.793,0.10113,1.0,1.0
ACTB195,227.394,0.24121,0.403759759881179,1.0
BRCA195,16.509,0.37459,0.8646514314475309,1.0
CDK195,4.799,0.37391,0.5973094216663177,1.0
EGFR195,78.74,0.21107,0.9786637717168627,1.0
FOX195,29.622,-0.74246,0.2168002733415664,1.0
GATA195,16.735,-0.07314,1.0,1.0
HIF195,2.074,-0.08354,1.0,1.0
IL195,258.012,0.21846,0.46041706933460186,1.0
JAK195,593.369,0.01563,0.42661536733909267,1.0
KRAS195,109.103,0.05929,0.9318643173355131,1.0
LDH195,12408.701,-0.24809,0.5344983601579153,1.0
MYC195,381.147,-0.05344,1.0,1.0
NFK195,1.842,0.04277,0.5610547380169623,1.0
PTEN195,71.347,-0.15051,0.9462199564391964,1.0
RAS195,4.687,0.15514,0.6540153955668293,1.0
STAT195,107.852,-0.09079,1.0,1.0
TP195,2237.311,0.2165,0.7385010748509975,1.0
VEGF195,62.232,0.08575,1.0,1.0
WNT195,118.005,0.1691,0.48513944767237344,1.0
ZEB195,1248.532,-0.18194,0.7075729265824762,1.0
ACTB196,39.825,0.42435,0.2911573488633888,1.0
BRCA196,14.279,-0.01106,0.7645250557462929,1.0
CDK196,11.169,-0.14504,0.5977762551882683,1.0
EGFR196,3.066,0.29273,0.5043390795899513,1.0
FOX196,168.998,0.45662,0.21611533071461364,1.0
GATA196,393.257,0.18491,0.38132982086894246,1.0
HIF196,261.398,-0.61941,0.1257317113008232,1.0
IL196,0.863,0.3192,0.8938913758321745,1.0
JAK196,701.735,-0.04898,0.6772562475947784,1.0
KRAS196,360.273,-0.18088,0.6235439027082802,1.0
LDH196,4.574,0.37434,0.3236303980439553,1.0
MYC196,41.508,0.16218,0.8457085993971835,1.0
NFK196,11.936,0.34268,0.5939006990802512,1.0
PTEN196,29.77,-0.76803,0.2824207401227723,1.0
RAS196,23.857,-0.02292,1.0,1.0
STAT196,5229.056,0.55621,0.2430605896033487,1.0
TP196,35.277,0.36247,0.43474385682931854,1.0
VEGF196,10.573,-0.11602,1.0,1.0
WNT196,36.733,0.20887,0.6428318019935825,1.0
ZEB196,54.593,-0.03326,0.760667225388205,1.0
ACTB197,175.307,-0.2625,0.9531420562613317,1.0
BRCA197,4.39,0.08183,0.8607938584170114,1.0
CDK197,32.776,-0.00196,0.41114056251143477,1.0
EGFR197,183.702,-0.37805,0.2937298340582226,1.0
FOX197,534.574,0.49833,0.3798688271208585,1.0
GATA197,12.514,0.14765,0.3979317743600343,1.0
HIF197,14.132,0.01057,1.0,1.0
IL197,267.426,-0.16086,0.5102988226431543,1.0
JAK197,4.772,0.07414,0.8308808052371586,1.0
KRAS197,211.997,0.24895,0.9084949875214866,1.0
LDH197,125.666,-0.24784,0.8257439847006814,1.0
MYC197,689.739,0.1383,0.9856782267103008,1.0
NFK197,33.999,0.02001,1.0,1.0
PTEN197,538.674,0.1922,0.7692628006635112,1.0
RAS197,45.256,0.00546,1.0,1.0
STAT197,47.168,0.02129,1.0,1.0
TP197,2.721,0.07589,1.0,1.0
VEGF197,574.132,0.28502,0.832714606645166,1.0
WNT197,98.581,0.09162,0.9248601146786172,1.0
ZEB197,8.478,-0.33246,0.7767552809721048,1.0
ACTB198,27.798,-0.03186,0.44772049981346945,1.0
BRCA198,26.084,0.26599,0.4908942229177663,1.0
CDK198,320.159,0.29731,0.23322437926665018,1.0
EGFR198,539.819,0.02033,0.7787244597333914,1.0
FOX198,199.179,0.22982,0.3992006261642354,1.0
GATA198,55.055,0.2258,0.6021371005889727,1.0
HIF198,1390.459,0.12824,0.5883000273228581,1.0
IL198,112.594,-3.12149,2.7243417051355556e-08,1.0897366820542223e-05
JAK198,1433.166,0.00594,0.7132783370487958,1.0
KRAS198,870.735,0.28112,0.5106599850145269,1.0
LDH198,866.446,0.32593,0.46168265648824003,1.0
MYC198,276.672,0.05407,1.0,1.0
NFK198,55.268,-0.09921,0.8805812855604739,1.0
PTEN198,207.714,-0.26357,0.5767361468319502,1.0
RAS198,881.191,-0.00037,0.8489506469399944,1.0
STAT198,42.409,0.08309,0.8870407190687454,1.0
TP198,6.441,0.28284,0.348333495319186,1.0
VEGF198,163.526,-0.3152,0.7893532547906051,1.0
WNT198,14009.478,-0.23382,0.7317410843649342,1.0
ZEB198,22.306,-1.24672,0.08734531299370522,1.0
ACTB199,118.09,-0.05403,1.0,1.0
BRCA199,233.698,0.2068,0.8737267055430293,1.0
CDK199,7.995,-0.29976,0.5214934180473935,1.0
EGFR199,7.915,-0.05362,0.8024789317403944,1.0
FOX199,23.405,0.20068,0.8570284144783185,1.0
GATA199,43.31,0.1316,0.8106742039108417,1.0
HIF199,23042.174,0.40897,0.2116192643339682,1.0
IL199,6.862,0.15681,0.7362378357014691,1.0
JAK199,152.584,0.32426,0.7861409262965747,1.0
KRAS199,80.459,-0.24323,0.8256490870475095,1.0
LDH199,900.427,0.13216,1.0,1.0
MYC199,571.145,0.18111,1.0,1.0
NFK199,11.465,0.30246,0.9339428214238019,1.0
PTEN199,40.653,0.20696,0.9689424594073375,1.0
RAS199,284.296,-0.40566,0.6172160895897886,1.0
STAT199,63.88,-0.07016,1.0,1.0
TP199,32.68,0.24547,0.881017041454511,1.0
VEGF199,11.823,-0.55035,0.29332445321833306,1.0
WNT199,97.899,0.53889,0.4763774000200054,1.0
ZEB199,70.687,0.07791,0.5987437990886221,1.0
ACTB200,85.412,-0.53286,0.202127264466277,1.0
BRCA200,425.35,0.01162,0.4396783420631853,1.0
CDK200,16.752,0.09106,1.0,1.0
EGFR200,14.544,-0.00068,0.8705118313257263,1.0
FOX200,15.98,0.1822,0.9806246367846704,1.0
GATA200,4.264,0.40231,0.48375919701150155,1.0
HIF200,230.29,-0.05917,1.0,1.0
IL200,46.577,0.54826,0.4736230856808779,1.0
JAK200,11.052,-0.09841,0.5982501706756697,1.0
KRAS200,240.517,-0.05017,0.40261641800179887,1.0
LDH200,113.606,0.24594,0.44919370749995546,1.0
MYC200,9.675,-0.58652,0.638051643141822,1.0
NFK200,211.037,0.02337,1.0,1.0
PTEN200,23.816,-0.0051,0.5078295197086802,1.0
RAS200,144.391,0.06376,0.3948270875891067,1.0
STAT200,4.549,0.37766,0.9803940256062386,1.0
TP200,881.176,-0.11589,0.36732102762854035,1.0
VEGF200,36.188,-0.40726,0.22309644580041474,1.0
WNT200,0.184,0.06323,0.8000705453540014,1.0
ZEB200,977.689,-0.01248,1.0,1.0
