channel,t,amplitude
Bearing A,0.0,0.476078
Bearing A,0.001,0.404837
Bearing A,0.002,0.651798
Bearing A,0.003,0.707288
Bearing A,0.004,1.01156
Bearing A,0.005,0.74076
Bearing A,0.006,0.583689
Bearing A,0.007,0.456891
Bearing A,0.008,0.679119
Bearing A,0.009,1.058067
Bearing A,0.01,1.308456
Bearing A,0.011,1.187628
Bearing A,0.012,0.323345
Bearing A,0.013,-0.442979
Bearing A,0.014,-0.994278
Bearing A,0.015,-0.886675
Bearing A,0.016,-0.467621
Bearing A,0.017,-0.280232
Bearing A,0.018,0.083615
Bearing A,0.019,0.518202
Bearing A,0.02,0.619542
Bearing A,0.021,1.041354
Bearing A,0.022,1.210789
Bearing A,0.023,1.028881
Bearing A,0.024,1.30867
Bearing A,0.025,0.933222
Bearing A,0.026,1.016042
Bearing A,0.027,0.751404
Bearing A,0.028,1.179418
Bearing A,0.029,1.118649
Bearing A,0.03,0.95436
Bearing A,0.031,0.522712
Bearing A,0.032,-0.315618
Bearing A,0.033,-1.028852
Bearing A,0.034,-1.322297
Bearing A,0.035,-1.506947
Bearing A,0.036,-1.215363
Bearing A,0.037,-0.319476
Bearing A,0.038,-0.225722
Bearing A,0.039,0.254015
Bearing A,0.04,0.384643
Bearing A,0.041,0.311962
Bearing A,0.042,0.757469
Bearing A,0.043,1.129581
Bearing A,0.044,0.720241
Bearing A,0.045,0.949786
Bearing A,0.046,0.734486
Bearing A,0.047,0.450313
Bearing A,0.048,0.873539
Bearing A,0.049,0.865776
Bearing A,0.05,1.118216
Bearing A,0.051,0.905222
Bearing A,0.052,-0.063507
Bearing A,0.053,-0.507794
Bearing A,0.054,-1.247311
Bearing A,0.055,-1.384241
Bearing A,0.056,-0.844146
Bearing A,0.057,-0.295558
Bearing A,0.058,-0.201682
Bearing A,0.059,0.086287
Bearing A,0.06,0.309852
Bearing A,0.061,0.288053
Bearing A,0.062,0.842119
Bearing A,0.063,0.933692
Bearing A,0.064,0.905664
Bearing A,0.065,0.719867
Bearing A,0.066,0.363632
Bearing A,0.067,0.674955
Bearing A,0.068,0.390739
Bearing A,0.069,0.656247
Bearing A,0.07,0.466438
Bearing A,0.071,0.621879
Bearing A,0.072,-0.224396
Bearing A,0.073,-1.099438
Bearing A,0.074,-1.349196
Bearing A,0.075,-1.211417
Bearing A,0.076,-1.071199
Bearing A,0.077,-0.701643
Bearing A,0.078,0.068183
Bearing A,0.079,0.36535
Bearing A,0.08,0.315744
Bearing A,0.081,0.547853
Bearing A,0.082,0.893408
Bearing A,0.083,1.405049
Bearing A,0.084,1.471044
Bearing A,0.085,1.221717
Bearing A,0.086,0.870331
Bearing A,0.087,0.64877
Bearing A,0.088,0.918141
Bearing A,0.089,1.048479
Bearing A,0.09,1.287759
Bearing A,0.091,0.786191
Bearing A,0.092,0.133258
Bearing A,0.093,-0.544385
Bearing A,0.094,-1.309227
Bearing A,0.095,-1.836658
Bearing A,0.096,-1.567097
Bearing A,0.097,-0.789244
Bearing A,0.098,-0.114198
Bearing A,0.099,0.526101
Bearing A,0.1,0.066803
Bearing A,0.101,0.162526
Bearing A,0.102,0.322332
Bearing A,0.103,1.047701
Bearing A,0.104,1.03099
Bearing A,0.105,0.93496
Bearing A,0.106,1.054688
Bearing A,0.107,0.589105
Bearing A,0.108,0.638743
Bearing A,0.109,1.024806
Bearing A,0.11,0.758381
Bearing A,0.111,0.612171
Bearing A,0.112,0.121416
Bearing A,0.113,-0.860125
Bearing A,0.114,-1.572361
Bearing A,0.115,-1.505031
Bearing A,0.116,-0.641507
Bearing A,0.117,-0.377565
Bearing A,0.118,0.217616
Bearing A,0.119,0.400987
Bearing A,0.12,0.289944
Bearing A,0.121,0.513775
Bearing A,0.122,0.645868
Bearing A,0.123,0.973661
Bearing A,0.124,0.672657
Bearing A,0.125,0.77887
Bearing A,0.126,0.654733
Bearing A,0.127,0.988764
Bearing A,0.128,0.792641
Bearing A,0.129,0.960933
Bearing A,0.13,1.093685
Bearing A,0.131,0.538354
Bearing A,0.132,0.080955
Bearing A,0.133,-0.741395
Bearing A,0.134,-1.118614
Bearing A,0.135,-1.247622
Bearing A,0.136,-0.932051
Bearing A,0.137,-0.418401
Bearing A,0.138,0.063388
Bearing A,0.139,0.487448
Bearing A,0.14,0.591547
Bearing A,0.141,0.821099
Bearing A,0.142,0.97504
Bearing A,0.143,1.301506
Bearing A,0.144,0.987806
Bearing A,0.145,1.451419
Bearing A,0.146,1.009612
Bearing A,0.147,0.906884
Bearing A,0.148,0.945719
Bearing A,0.149,0.916942
Bearing A,0.15,0.884783
Bearing A,0.151,0.635621
Bearing A,0.152,0.486302
Bearing A,0.153,-0.478187
Bearing A,0.154,-1.181719
Bearing A,0.155,-1.238353
Bearing A,0.156,-1.163068
Bearing A,0.157,-0.409233
Bearing A,0.158,0.025608
Bearing A,0.159,0.150945
Bearing A,0.16,0.319073
Bearing A,0.161,0.386314
Bearing A,0.162,0.237623
Bearing A,0.163,0.817526
Bearing A,0.164,0.943302
Bearing A,0.165,0.71785
Bearing A,0.166,0.683721
Bearing A,0.167,0.481802
Bearing A,0.168,0.382621
Bearing A,0.169,0.780751
Bearing A,0.17,1.101381
Bearing A,0.171,0.478653
Bearing A,0.172,-0.130613
Bearing A,0.173,-0.565031
Bearing A,0.174,-1.166783
Bearing A,0.175,-1.422633
Bearing A,0.176,-1.210654
Bearing A,0.177,-0.266257
Bearing A,0.178,0.218127
Bearing A,0.179,0.623849
Bearing A,0.18,0.554303
Bearing A,0.181,0.73811
Bearing A,0.182,1.169051
Bearing A,0.183,1.4997
Bearing A,0.184,1.411467
Bearing A,0.185,1.206049
Bearing A,0.186,0.778097
Bearing A,0.187,0.575815
Bearing A,0.188,0.531532
Bearing A,0.189,0.611765
Bearing A,0.19,1.124549
Bearing A,0.191,1.0636
Bearing A,0.192,0.346344
Bearing A,0.193,-0.609735
Bearing A,0.194,-1.201405
Bearing A,0.195,-1.142218
Bearing A,0.196,-0.788991
Bearing A,0.197,-0.350198
Bearing A,0.198,0.118327
Bearing A,0.199,0.306066
Bearing A,0.2,0.520111
Bearing A,0.201,0.781228
Bearing A,0.202,0.910569
Bearing A,0.203,1.280632
Bearing A,0.204,1.388692
Bearing A,0.205,1.204595
Bearing A,0.206,0.853983
Bearing A,0.207,0.231691
Bearing A,0.208,0.31242
Bearing A,0.209,0.449566
Bearing A,0.21,0.783923
Bearing A,0.211,0.830516
Bearing A,0.212,0.057813
Bearing A,0.213,-0.813839
Bearing A,0.214,-1.459384
Bearing A,0.215,-1.520206
Bearing A,0.216,-0.924705
Bearing A,0.217,-0.527472
Bearing A,0.218,0.111062
Bearing A,0.219,0.201241
Bearing A,0.22,0.641317
Bearing A,0.221,0.926581
Bearing A,0.222,0.834285
Bearing A,0.223,0.981528
Bearing A,0.224,1.13495
Bearing A,0.225,0.813501
Bearing A,0.226,0.744705
Bearing A,0.227,0.843428
Bearing A,0.228,0.446587
Bearing A,0.229,0.93916
Bearing A,0.23,0.948502
Bearing A,0.231,0.627834
Bearing A,0.232,-0.276854
Bearing A,0.233,-0.590273
Bearing A,0.234,-1.445108
Bearing A,0.235,-1.20278
Bearing A,0.236,-0.809497
Bearing A,0.237,-0.599783
Bearing A,0.238,-0.012061
Bearing A,0.239,0.291584
Bearing A,0.24,0.44421
Bearing A,0.241,0.971743
Bearing A,0.242,1.507003
Bearing A,0.243,1.22401
Bearing A,0.244,1.596332
Bearing A,0.245,1.221251
Bearing A,0.246,0.901758
Bearing A,0.247,0.450945
Bearing A,0.248,0.5085
Bearing A,0.249,0.926257
Bearing A,0.25,0.756287
Bearing A,0.251,0.232701
Bearing A,0.252,-0.386561
Bearing A,0.253,-1.126855
Bearing A,0.254,-1.465644
Bearing A,0.255,-1.417569
Bearing A,0.256,-0.97164
Bearing A,0.257,-0.6332
Bearing A,0.258,-0.059995
Bearing A,0.259,0.25445
Bearing A,0.26,0.518993
Bearing A,0.261,0.634637
Bearing A,0.262,0.9583
Bearing A,0.263,1.231036
Bearing A,0.264,0.965143
Bearing A,0.265,1.03111
Bearing A,0.266,0.460809
Bearing A,0.267,0.432387
Bearing A,0.268,0.471156
Bearing A,0.269,0.942106
Bearing A,0.27,0.839546
Bearing A,0.271,0.930825
Bearing A,0.272,0.413274
Bearing A,0.273,-0.523298
Bearing A,0.274,-0.622085
Bearing A,0.275,-1.108147
Bearing A,0.276,-0.943528
Bearing A,0.277,-0.431673
Bearing A,0.278,0.034445
Bearing A,0.279,0.159186
Bearing A,0.28,0.578474
Bearing A,0.281,0.616977
Bearing A,0.282,1.078165
Bearing A,0.283,1.108001
Bearing A,0.284,1.584994
Bearing A,0.285,1.105633
Bearing A,0.286,1.03278
Bearing A,0.287,0.81312
Bearing A,0.288,0.489283
Bearing A,0.289,0.889746
Bearing A,0.29,1.141538
Bearing A,0.291,0.649056
Bearing A,0.292,-0.000653
Bearing A,0.293,-1.097049
Bearing A,0.294,-1.615494
Bearing A,0.295,-1.451759
Bearing A,0.296,-1.143862
Bearing A,0.297,-0.429379
Bearing A,0.298,0.123859
Bearing A,0.299,0.180788
Bearing A,0.3,0.336026
Bearing A,0.301,0.918635
Bearing A,0.302,1.448831
Bearing A,0.303,1.492972
Bearing A,0.304,1.328442
Bearing A,0.305,1.313481
Bearing A,0.306,1.020044
Bearing A,0.307,0.879383
Bearing A,0.308,0.869523
Bearing A,0.309,1.208816
Bearing A,0.31,0.919693
Bearing A,0.311,0.713288
Bearing A,0.312,0.119474
Bearing A,0.313,-0.649176
Bearing A,0.314,-1.696153
Bearing A,0.315,-1.556127
Bearing A,0.316,-1.246014
Bearing A,0.317,-0.832935
Bearing A,0.318,-0.034185
Bearing A,0.319,0.488203
Bearing A,0.32,0.265867
Bearing A,0.321,0.605056
Bearing A,0.322,0.504933
Bearing A,0.323,1.064944
Bearing A,0.324,1.017549
Bearing A,0.325,0.721637
Bearing A,0.326,0.84359
Bearing A,0.327,0.720857
Bearing A,0.328,0.689335
Bearing A,0.329,0.733024
Bearing A,0.33,0.86269
Bearing A,0.331,0.215277
Bearing A,0.332,-0.332158
Bearing A,0.333,-1.164836
Bearing A,0.334,-1.684687
Bearing A,0.335,-1.495171
Bearing A,0.336,-1.096624
Bearing A,0.337,-0.469277
Bearing A,0.338,0.177838
Bearing A,0.339,0.49145
Bearing A,0.34,0.769402
Bearing A,0.341,0.792785
Bearing A,0.342,0.880344
Bearing A,0.343,1.17776
Bearing A,0.344,1.566235
Bearing A,0.345,0.966722
Bearing A,0.346,0.561072
Bearing A,0.347,0.004698
Bearing A,0.348,0.200062
Bearing A,0.349,0.593044
Bearing A,0.35,0.541853
Bearing A,0.351,0.521681
Bearing A,0.352,-0.143194
Bearing A,0.353,-0.786534
Bearing A,0.354,-1.410666
Bearing A,0.355,-1.512367
Bearing A,0.356,-1.099821
Bearing A,0.357,-0.607774
Bearing A,0.358,-0.136107
Bearing A,0.359,0.083887
Bearing A,0.36,0.181156
Bearing A,0.361,0.379094
Bearing A,0.362,0.891365
Bearing A,0.363,0.93742
Bearing A,0.364,0.822631
Bearing A,0.365,0.631676
Bearing A,0.366,0.568953
Bearing A,0.367,0.655547
Bearing A,0.368,0.795891
Bearing A,0.369,0.569287
Bearing A,0.37,0.744376
Bearing A,0.371,0.542891
Bearing A,0.372,-0.031391
Bearing A,0.373,-0.973163
Bearing A,0.374,-1.339214
Bearing A,0.375,-1.615579
Bearing A,0.376,-1.143118
Bearing A,0.377,-0.444491
Bearing A,0.378,-0.265367
Bearing A,0.379,0.573967
Bearing A,0.38,0.691454
Bearing A,0.381,0.741243
Bearing A,0.382,0.767304
Bearing A,0.383,0.935065
Bearing A,0.384,1.106818
Bearing A,0.385,0.793547
Bearing A,0.386,0.471225
Bearing A,0.387,0.616958
Bearing A,0.388,0.574183
Bearing A,0.389,0.978458
Bearing A,0.39,1.130543
Bearing A,0.391,0.626934
Bearing A,0.392,-0.246436
Bearing A,0.393,-0.681199
Bearing A,0.394,-1.018689
Bearing A,0.395,-1.321847
Bearing A,0.396,-1.159197
Bearing A,0.397,-0.144197
Bearing A,0.398,0.62629
Bearing A,0.399,0.701353
Bearing A,0.4,0.440521
Bearing A,0.401,0.788136
Bearing A,0.402,1.061508
Bearing A,0.403,1.486848
Bearing A,0.404,1.80516
Bearing A,0.405,1.39078
Bearing A,0.406,1.06708
Bearing A,0.407,0.753161
Bearing A,0.408,0.936357
Bearing A,0.409,1.072894
Bearing A,0.41,0.743526
Bearing A,0.411,0.554445
Bearing A,0.412,-0.131672
Bearing A,0.413,-0.711554
Bearing A,0.414,-1.142133
Bearing A,0.415,-1.251211
Bearing A,0.416,-0.997189
Bearing A,0.417,-0.36799
Bearing A,0.418,-0.031284
Bearing A,0.419,0.170825
Bearing A,0.42,0.594999
Bearing A,0.421,0.689019
Bearing A,0.422,1.251184
Bearing A,0.423,1.113357
Bearing A,0.424,1.407197
Bearing A,0.425,1.330741
Bearing A,0.426,1.076923
Bearing A,0.427,0.759923
Bearing A,0.428,0.742723
Bearing A,0.429,1.043896
Bearing A,0.43,1.242397
Bearing A,0.431,1.036525
Bearing A,0.432,0.274069
Bearing A,0.433,-0.327584
Bearing A,0.434,-1.022703
Bearing A,0.435,-0.999828
Bearing A,0.436,-0.899816
Bearing A,0.437,-0.956901
Bearing A,0.438,-0.453615
Bearing A,0.439,-0.035232
Bearing A,0.44,0.309924
Bearing A,0.441,0.546474
Bearing A,0.442,0.553589
Bearing A,0.443,0.710127
Bearing A,0.444,1.020599
Bearing A,0.445,0.805751
Bearing A,0.446,0.41188
Bearing A,0.447,0.299841
Bearing A,0.448,0.601978
Bearing A,0.449,0.960392
Bearing A,0.45,1.065827
Bearing A,0.451,0.346473
Bearing A,0.452,-0.052695
Bearing A,0.453,-0.982834
Bearing A,0.454,-1.253342
Bearing A,0.455,-1.297406
Bearing A,0.456,-0.952124
Bearing A,0.457,-0.431191
Bearing A,0.458,-0.292947
Bearing A,0.459,0.035407
Bearing A,0.46,0.321359
Bearing A,0.461,0.501774
Bearing A,0.462,0.763323
Bearing A,0.463,1.123688
Bearing A,0.464,1.195172
Bearing A,0.465,1.026406
Bearing A,0.466,1.033577
Bearing A,0.467,0.90861
Bearing A,0.468,0.910512
Bearing A,0.469,1.106248
Bearing A,0.47,1.201996
Bearing A,0.471,0.81874
Bearing A,0.472,-0.1028
Bearing A,0.473,-0.955483
Bearing A,0.474,-1.552114
Bearing A,0.475,-1.700287
Bearing A,0.476,-1.496032
Bearing A,0.477,-0.657884
Bearing A,0.478,-0.229436
Bearing A,0.479,-0.282214
Bearing A,0.48,0.027841
Bearing A,0.481,0.301627
Bearing A,0.482,0.658498
Bearing A,0.483,1.057762
Bearing A,0.484,1.408604
Bearing A,0.485,1.083431
Bearing A,0.486,0.956905
Bearing A,0.487,0.890504
Bearing A,0.488,0.694249
Bearing A,0.489,0.680806
Bearing A,0.49,0.888186
Bearing A,0.491,0.316861
Bearing A,0.492,-0.20781
Bearing A,0.493,-1.168372
Bearing A,0.494,-1.723874
Bearing A,0.495,-1.779851
Bearing A,0.496,-1.269241
Bearing A,0.497,-0.421803
Bearing A,0.498,-0.149249
Bearing A,0.499,0.140675
Bearing A,0.5,0.315587
Bearing A,0.501,0.545619
Bearing A,0.502,0.672254
Bearing A,0.503,0.851843
Bearing A,0.504,1.263994
Bearing A,0.505,0.873544
Bearing A,0.506,0.552707
Bearing A,0.507,0.483747
Bearing A,0.508,0.430382
Bearing A,0.509,0.553137
Bearing A,0.51,0.666023
Bearing A,0.511,0.216987
Bearing A,0.512,-0.575456
Bearing A,0.513,-1.231503
Bearing A,0.514,-1.823025
Bearing A,0.515,-1.926662
Bearing A,0.516,-1.650394
Bearing A,0.517,-0.684514
Bearing A,0.518,-0.31398
Bearing A,0.519,-0.275377
Bearing A,0.52,0.017759
Bearing A,0.521,0.386078
Bearing A,0.522,0.79287
Bearing A,0.523,1.208942
Bearing A,0.524,0.790053
Bearing A,0.525,0.876151
Bearing A,0.526,0.67791
Bearing A,0.527,0.48095
Bearing A,0.528,0.118672
Bearing A,0.529,0.284525
Bearing A,0.53,0.621757
Bearing A,0.531,0.507891
Bearing A,0.532,-0.062384
Bearing A,0.533,-1.029926
Bearing A,0.534,-1.710901
Bearing A,0.535,-2.009374
Bearing A,0.536,-1.431226
Bearing A,0.537,-0.920532
Bearing A,0.538,-0.280543
Bearing A,0.539,-0.317891
Bearing A,0.54,-0.178107
Bearing A,0.541,0.131861
Bearing A,0.542,0.681387
Bearing A,0.543,0.892369
Bearing A,0.544,0.657006
Bearing A,0.545,0.588823
Bearing A,0.546,0.36254
Bearing A,0.547,0.462095
Bearing A,0.548,0.33019
Bearing A,0.549,0.39516
Bearing A,0.55,0.392363
Bearing A,0.551,0.162721
Bearing A,0.552,-0.180028
Bearing A,0.553,-0.944341
Bearing A,0.554,-1.193643
Bearing A,0.555,-1.418965
Bearing A,0.556,-1.150686
Bearing A,0.557,-0.83545
Bearing A,0.558,-0.25209
Bearing A,0.559,0.078828
Bearing A,0.56,0.105761
Bearing A,0.561,0.697838
Bearing A,0.562,0.97707
Bearing A,0.563,1.103502
Bearing A,0.564,1.049268
Bearing A,0.565,1.042265
Bearing A,0.566,0.743805
Bearing A,0.567,0.540687
Bearing A,0.568,0.863104
Bearing A,0.569,0.618962
Bearing A,0.57,0.685424
Bearing A,0.571,0.602989
Bearing A,0.572,-0.082308
Bearing A,0.573,-1.225408
Bearing A,0.574,-1.594657
Bearing A,0.575,-1.8349
Bearing A,0.576,-1.544334
Bearing A,0.577,-0.499884
Bearing A,0.578,-0.049374
Bearing A,0.579,0.137724
Bearing A,0.58,0.565042
Bearing A,0.581,0.436718
Bearing A,0.582,0.645803
Bearing A,0.583,1.07152
Bearing A,0.584,1.033044
Bearing A,0.585,0.890797
Bearing A,0.586,0.604461
Bearing A,0.587,0.592464
Bearing A,0.588,0.74775
Bearing A,0.589,0.810837
Bearing A,0.59,0.962433
Bearing A,0.591,0.965287
Bearing A,0.592,-0.128665
Bearing A,0.593,-0.679529
Bearing A,0.594,-0.844656
Bearing A,0.595,-0.897807
Bearing A,0.596,-1.001204
Bearing A,0.597,-0.502522
Bearing A,0.598,0.275008
Bearing A,0.599,0.90693
Bearing A,0.6,0.533757
Bearing A,0.601,0.444766
Bearing A,0.602,0.588037
Bearing A,0.603,0.495117
Bearing A,0.604,0.813083
Bearing A,0.605,0.499648
Bearing A,0.606,0.291829
Bearing A,0.607,0.336413
Bearing A,0.608,0.519368
Bearing A,0.609,0.607689
Bearing A,0.61,0.551392
Bearing A,0.611,0.206548
Bearing A,0.612,-0.355995
Bearing A,0.613,-1.304054
Bearing A,0.614,-1.746
Bearing A,0.615,-1.282307
Bearing A,0.616,-1.481242
Bearing A,0.617,-0.890357
Bearing A,0.618,-0.51041
Bearing A,0.619,0.032226
Bearing A,0.62,0.4102
Bearing A,0.621,0.144976
Bearing A,0.622,0.403551
Bearing A,0.623,0.642784
Bearing A,0.624,0.857636
Bearing A,0.625,0.573226
Bearing A,0.626,0.500041
Bearing A,0.627,0.387392
Bearing A,0.628,0.752503
Bearing A,0.629,0.936479
Bearing A,0.63,0.6329
Bearing A,0.631,0.278923
Bearing A,0.632,-0.350783
Bearing A,0.633,-1.374177
Bearing A,0.634,-1.638853
Bearing A,0.635,-1.476193
Bearing A,0.636,-1.357706
Bearing A,0.637,-0.388057
Bearing A,0.638,0.017931
Bearing A,0.639,0.480847
Bearing A,0.64,0.289011
Bearing A,0.641,0.536048
Bearing A,0.642,0.743577
Bearing A,0.643,0.642396
Bearing A,0.644,1.086045
Bearing A,0.645,0.68257
Bearing A,0.646,0.336105
Bearing A,0.647,0.555286
Bearing A,0.648,0.172452
Bearing A,0.649,0.226597
Bearing A,0.65,0.584356
Bearing A,0.651,0.4627
Bearing A,0.652,-0.42102
Bearing A,0.653,-1.145449
Bearing A,0.654,-1.819972
Bearing A,0.655,-1.829198
Bearing A,0.656,-1.648202
Bearing A,0.657,-1.158474
Bearing A,0.658,-0.868736
Bearing A,0.659,-0.391319
Bearing A,0.66,-0.108465
Bearing A,0.661,-0.31967
Bearing A,0.662,-0.166483
Bearing A,0.663,0.592637
Bearing A,0.664,0.499296
Bearing A,0.665,0.232404
Bearing A,0.666,0.042076
Bearing A,0.667,0.278973
Bearing A,0.668,0.321605
Bearing A,0.669,0.685881
Bearing A,0.67,0.536692
Bearing A,0.671,0.169581
Bearing A,0.672,-0.784593
Bearing A,0.673,-1.68954
Bearing A,0.674,-1.852551
Bearing A,0.675,-1.593581
Bearing A,0.676,-1.241744
Bearing A,0.677,-0.880695
Bearing A,0.678,-0.666718
Bearing A,0.679,-0.312561
Bearing A,0.68,-0.174299
Bearing A,0.681,0.194002
Bearing A,0.682,0.453911
Bearing A,0.683,0.585429
Bearing A,0.684,0.557375
Bearing A,0.685,0.492357
Bearing A,0.686,0.044118
Bearing A,0.687,-0.011359
Bearing A,0.688,-0.168196
Bearing A,0.689,0.393004
Bearing A,0.69,0.702126
Bearing A,0.691,-0.080145
Bearing A,0.692,-0.522004
Bearing A,0.693,-0.871071
Bearing A,0.694,-1.400247
Bearing A,0.695,-1.878718
Bearing A,0.696,-1.505447
Bearing A,0.697,-1.005253
Bearing A,0.698,-0.344643
Bearing A,0.699,-0.358316
Bearing A,0.7,0.10354
Bearing A,0.701,0.113164
Bearing A,0.702,0.209477
Bearing A,0.703,0.484073
Bearing A,0.704,0.562561
Bearing A,0.705,0.037864
Bearing A,0.706,-0.133877
Bearing A,0.707,-0.082121
Bearing A,0.708,0.057411
Bearing A,0.709,0.393758
Bearing A,0.71,0.220791
Bearing A,0.711,0.034833
Bearing A,0.712,-0.794941
Bearing A,0.713,-1.856844
Bearing A,0.714,-1.831496
Bearing A,0.715,-2.008833
Bearing A,0.716,-1.324097
Bearing A,0.717,-0.596699
Bearing A,0.718,-0.179937
Bearing A,0.719,0.075163
Bearing A,0.72,-0.209926
Bearing A,0.721,0.166709
Bearing A,0.722,0.34636
Bearing A,0.723,0.491854
Bearing A,0.724,0.481815
Bearing A,0.725,0.166599
Bearing A,0.726,-0.0511
Bearing A,0.727,-0.105952
Bearing A,0.728,0.092285
Bearing A,0.729,0.253616
Bearing A,0.73,0.523147
Bearing A,0.731,0.282002
Bearing A,0.732,-0.221698
Bearing A,0.733,-1.034356
Bearing A,0.734,-1.294158
Bearing A,0.735,-1.493311
Bearing A,0.736,-1.241751
Bearing A,0.737,-0.609953
Bearing A,0.738,-0.073684
Bearing A,0.739,0.166393
Bearing A,0.74,0.362268
Bearing A,0.741,0.70184
Bearing A,0.742,0.641027
Bearing A,0.743,1.06955
Bearing A,0.744,1.038871
Bearing A,0.745,0.885478
Bearing A,0.746,0.546439
Bearing A,0.747,0.6222
Bearing A,0.748,0.524139
Bearing A,0.749,0.804203
Bearing A,0.75,1.14174
Bearing A,0.751,0.67064
Bearing A,0.752,0.065869
Bearing A,0.753,-0.530512
Bearing A,0.754,-0.982634
Bearing A,0.755,-1.267687
Bearing A,0.756,-1.008837
Bearing A,0.757,-0.891403
Bearing A,0.758,-0.046802
Bearing A,0.759,0.031436
Bearing A,0.76,-0.025191
Bearing A,0.761,0.650164
Bearing A,0.762,0.691789
Bearing A,0.763,0.705006
Bearing A,0.764,0.795219
Bearing A,0.765,0.797644
Bearing A,0.766,0.442953
Bearing A,0.767,0.332954
Bearing A,0.768,0.30365
Bearing A,0.769,0.506814
Bearing A,0.77,0.659647
Bearing A,0.771,0.36665
Bearing A,0.772,-0.264825
Bearing A,0.773,-0.934429
Bearing A,0.774,-1.557373
Bearing A,0.775,-1.478988
Bearing A,0.776,-1.179156
Bearing A,0.777,-0.5763
Bearing A,0.778,-0.045085
Bearing A,0.779,0.322116
Bearing A,0.78,0.515049
Bearing A,0.781,0.921953
Bearing A,0.782,0.787547
Bearing A,0.783,1.034942
Bearing A,0.784,1.012307
Bearing A,0.785,0.576326
Bearing A,0.786,0.799875
Bearing A,0.787,0.833909
Bearing A,0.788,0.622034
Bearing A,0.789,0.75602
Bearing A,0.79,0.774224
Bearing A,0.791,0.415672
Bearing A,0.792,-0.41773
Bearing A,0.793,-1.12959
Bearing A,0.794,-1.623061
Bearing A,0.795,-1.316029
Bearing A,0.796,-0.953315
Bearing A,0.797,-0.640876
Bearing A,0.798,-0.120225
Bearing A,0.799,0.237969
Bearing A,0.8,-0.007065
Bearing A,0.801,0.504265
Bearing A,0.802,0.855623
Bearing A,0.803,0.899134
Bearing A,0.804,1.153847
Bearing A,0.805,0.797121
Bearing A,0.806,0.386622
Bearing A,0.807,0.372832
Bearing A,0.808,0.479652
Bearing A,0.809,1.012553
Bearing A,0.81,0.938885
Bearing A,0.811,0.778395
Bearing A,0.812,-0.165793
Bearing A,0.813,-1.033738
Bearing A,0.814,-1.504674
Bearing A,0.815,-1.361127
Bearing A,0.816,-1.179553
Bearing A,0.817,-0.451167
Bearing A,0.818,-0.152651
Bearing A,0.819,0.232103
Bearing A,0.82,-0.025301
Bearing A,0.821,0.476524
Bearing A,0.822,0.786776
Bearing A,0.823,1.149916
Bearing A,0.824,1.366697
Bearing A,0.825,0.860564
Bearing A,0.826,0.644628
Bearing A,0.827,0.482759
Bearing A,0.828,0.975003
Bearing A,0.829,1.063529
Bearing A,0.83,1.202161
Bearing A,0.831,0.854498
Bearing A,0.832,0.290304
Bearing A,0.833,-0.594291
Bearing A,0.834,-0.820807
Bearing A,0.835,-1.062437
Bearing A,0.836,-0.433467
Bearing A,0.837,0.041507
Bearing A,0.838,0.650649
Bearing A,0.839,0.540017
Bearing A,0.84,0.573711
Bearing A,0.841,0.920643
Bearing A,0.842,0.981459
Bearing A,0.843,1.722606
Bearing A,0.844,1.65312
Bearing A,0.845,1.147756
Bearing A,0.846,0.693298
Bearing A,0.847,1.118367
Bearing A,0.848,0.896984
Bearing A,0.849,1.365008
Bearing A,0.85,1.359526
Bearing A,0.851,1.108806
Bearing A,0.852,0.370824
Bearing A,0.853,-0.773857
Bearing A,0.854,-1.610077
Bearing A,0.855,-1.732398
Bearing A,0.856,-0.970061
Bearing A,0.857,-0.566876
Bearing A,0.858,0.119327
Bearing A,0.859,0.154159
Bearing A,0.86,0.300509
Bearing A,0.861,0.464827
Bearing A,0.862,0.76682
Bearing A,0.863,0.989304
Bearing A,0.864,1.091487
Bearing A,0.865,0.9759
Bearing A,0.866,0.689736
Bearing A,0.867,0.932766
Bearing A,0.868,0.785308
Bearing A,0.869,0.977354
Bearing A,0.87,1.124798
Bearing A,0.871,0.612625
Bearing A,0.872,0.348508
Bearing A,0.873,-0.684819
Bearing A,0.874,-1.193269
Bearing A,0.875,-1.007919
Bearing A,0.876,-0.516524
Bearing A,0.877,0.005133
Bearing A,0.878,0.32466
Bearing A,0.879,0.857793
Bearing A,0.88,0.805029
Bearing A,0.881,1.154787
Bearing A,0.882,1.353905
Bearing A,0.883,0.964393
Bearing A,0.884,1.166069
Bearing A,0.885,1.233037
Bearing A,0.886,1.007502
Bearing A,0.887,0.997123
Bearing A,0.888,0.662254
Bearing A,0.889,1.265343
Bearing A,0.89,1.27082
Bearing A,0.891,1.081407
Bearing A,0.892,0.499933
Bearing A,0.893,-0.480948
Bearing A,0.894,-1.049567
Bearing A,0.895,-1.216568
Bearing A,0.896,-0.796768
Bearing A,0.897,-0.030566
Bearing A,0.898,0.230413
Bearing A,0.899,0.599945
Bearing A,0.9,1.149695
Bearing A,0.901,1.274552
Bearing A,0.902,1.396982
Bearing A,0.903,1.270787
Bearing A,0.904,1.232859
Bearing A,0.905,1.122629
Bearing A,0.906,0.980121
Bearing A,0.907,0.395249
Bearing A,0.908,0.655831
Bearing A,0.909,1.021013
Bearing A,0.91,1.106177
Bearing A,0.911,0.780798
Bearing A,0.912,0.079387
Bearing A,0.913,-0.546101
Bearing A,0.914,-0.773804
Bearing A,0.915,-0.886552
Bearing A,0.916,-0.504759
Bearing A,0.917,-0.201906
Bearing A,0.918,0.229358
Bearing A,0.919,1.187942
Bearing A,0.92,1.147331
Bearing A,0.921,1.323579
Bearing A,0.922,1.562795
Bearing A,0.923,1.90679
Bearing A,0.924,1.811079
Bearing A,0.925,1.941194
Bearing A,0.926,1.525046
Bearing A,0.927,1.299433
Bearing A,0.928,1.303142
Bearing A,0.929,1.575708
Bearing A,0.93,1.936325
Bearing A,0.931,1.383154
Bearing A,0.932,0.8179
Bearing A,0.933,-0.05644
Bearing A,0.934,-1.003464
Bearing A,0.935,-0.679436
Bearing A,0.936,-0.359914
Bearing A,0.937,0.780849
Bearing A,0.938,1.170714
Bearing A,0.939,0.96054
Bearing A,0.94,1.101984
Bearing A,0.941,1.336994
Bearing A,0.942,1.708633
Bearing A,0.943,1.82788
Bearing A,0.944,1.533556
Bearing A,0.945,1.457231
Bearing A,0.946,1.272794
Bearing A,0.947,1.06359
Bearing A,0.948,1.515736
Bearing A,0.949,1.14904
Bearing A,0.95,1.071171
Bearing A,0.951,0.865694
Bearing A,0.952,0.415534
Bearing A,0.953,-0.225853
Bearing A,0.954,-0.631379
Bearing A,0.955,-0.869223
Bearing A,0.956,-0.759013
Bearing A,0.957,-0.29131
Bearing A,0.958,0.374299
Bearing A,0.959,0.621806
Bearing A,0.96,0.993171
Bearing A,0.961,0.814013
Bearing A,0.962,1.419972
Bearing A,0.963,1.761376
Bearing A,0.964,1.779041
Bearing A,0.965,1.433929
Bearing A,0.966,1.531001
Bearing A,0.967,0.864841
Bearing A,0.968,1.421308
Bearing A,0.969,1.587087
Bearing A,0.97,1.675055
Bearing A,0.971,1.014329
Bearing A,0.972,0.425476
Bearing A,0.973,-0.294476
Bearing A,0.974,-0.494058
Bearing A,0.975,-0.819914
Bearing A,0.976,-0.592535
Bearing A,0.977,-0.207623
Bearing A,0.978,0.509102
Bearing A,0.979,1.155482
Bearing A,0.98,1.180902
Bearing A,0.981,1.798659
Bearing A,0.982,1.594212
Bearing A,0.983,1.947879
Bearing A,0.984,1.8384
Bearing A,0.985,1.701119
Bearing A,0.986,1.156387
Bearing A,0.987,1.040045
Bearing A,0.988,0.958562
Bearing A,0.989,1.262837
Bearing A,0.99,1.512295
Bearing A,0.991,1.077285
Bearing A,0.992,0.783382
Bearing A,0.993,-0.308922
Bearing A,0.994,-1.174221
Bearing A,0.995,-0.961003
Bearing A,0.996,-0.692652
Bearing A,0.997,0.02811
Bearing A,0.998,0.462036
Bearing A,0.999,0.788941
Bearing A,1.0,1.05097
Bearing A,1.001,1.008286
Bearing A,1.002,1.297477
Bearing A,1.003,1.343288
Bearing A,1.004,0.939311
Bearing A,1.005,1.032347
Bearing A,1.006,0.855223
Bearing A,1.007,0.875659
Bearing A,1.008,1.011389
Bearing A,1.009,0.449671
Bearing A,1.01,0.728101
Bearing A,1.011,0.697211
Bearing A,1.012,-0.081434
Bearing A,1.013,-1.124839
Bearing A,1.014,-1.591835
Bearing A,1.015,-1.557607
Bearing A,1.016,-0.965296
Bearing A,1.017,-0.240157
Bearing A,1.018,0.357281
Bearing A,1.019,0.519931
Bearing A,1.02,0.682712
Bearing A,1.021,0.646909
Bearing A,1.022,1.196033
Bearing A,1.023,1.376008
Bearing A,1.024,1.822814
Bearing A,1.025,1.37709
Bearing A,1.026,1.478944
Bearing A,1.027,1.381135
Bearing A,1.028,1.56463
Bearing A,1.029,1.674331
Bearing A,1.03,1.809182
Bearing A,1.031,1.116616
Bearing A,1.032,0.38003
Bearing A,1.033,-0.334613
Bearing A,1.034,-0.813903
Bearing A,1.035,-1.211221
Bearing A,1.036,-0.527012
Bearing A,1.037,-0.322528
Bearing A,1.038,0.415316
Bearing A,1.039,0.636853
Bearing A,1.04,0.902203
Bearing A,1.041,1.138191
Bearing A,1.042,1.269441
Bearing A,1.043,1.163263
Bearing A,1.044,1.239855
Bearing A,1.045,1.417757
Bearing A,1.046,1.0787
Bearing A,1.047,0.793547
Bearing A,1.048,1.057572
Bearing A,1.049,1.215347
Bearing A,1.05,0.953706
Bearing A,1.051,0.26061
Bearing A,1.052,-0.118605
Bearing A,1.053,-0.730271
Bearing A,1.054,-1.541024
Bearing A,1.055,-1.572451
Bearing A,1.056,-0.897782
Bearing A,1.057,-0.278447
Bearing A,1.058,0.079525
Bearing A,1.059,0.393601
Bearing A,1.06,0.257286
Bearing A,1.061,0.642825
Bearing A,1.062,0.762423
Bearing A,1.063,0.90454
Bearing A,1.064,0.824312
Bearing A,1.065,0.43133
Bearing A,1.066,0.270827
Bearing A,1.067,0.232967
Bearing A,1.068,0.508027
Bearing A,1.069,0.62878
Bearing A,1.07,0.518416
Bearing A,1.071,0.328544
Bearing A,1.072,-0.676738
Bearing A,1.073,-1.367305
Bearing A,1.074,-1.79732
Bearing A,1.075,-2.054102
Bearing A,1.076,-1.266038
Bearing A,1.077,-0.8704
Bearing A,1.078,-0.418638
Bearing A,1.079,-0.042225
Bearing A,1.08,0.22258
Bearing A,1.081,0.226493
Bearing A,1.082,0.973644
Bearing A,1.083,0.841105
Bearing A,1.084,1.138672
Bearing A,1.085,0.877717
Bearing A,1.086,0.707523
Bearing A,1.087,0.415838
Bearing A,1.088,0.614164
Bearing A,1.089,0.472245
Bearing A,1.09,0.56882
Bearing A,1.091,0.454794
Bearing A,1.092,-0.274643
Bearing A,1.093,-1.146224
Bearing A,1.094,-1.195945
Bearing A,1.095,-1.539396
Bearing A,1.096,-1.314621
Bearing A,1.097,-0.314035
Bearing A,1.098,0.13659
Bearing A,1.099,0.179679
Bearing A,1.1,0.751372
Bearing A,1.101,1.163019
Bearing A,1.102,1.051816
Bearing A,1.103,0.807934
Bearing A,1.104,0.96395
Bearing A,1.105,0.901288
Bearing A,1.106,0.685958
Bearing A,1.107,0.939289
Bearing A,1.108,0.88867
Bearing A,1.109,0.966765
Bearing A,1.11,0.956961
Bearing A,1.111,0.385343
Bearing A,1.112,-0.453993
Bearing A,1.113,-1.074382
Bearing A,1.114,-1.548853
Bearing A,1.115,-1.326555
Bearing A,1.116,-0.865853
Bearing A,1.117,-0.27082
Bearing A,1.118,-0.153536
Bearing A,1.119,-0.052194
Bearing A,1.12,-0.040161
Bearing A,1.121,0.252072
Bearing A,1.122,0.304736
Bearing A,1.123,0.585033
Bearing A,1.124,0.876535
Bearing A,1.125,0.982682
Bearing A,1.126,0.384775
Bearing A,1.127,0.293387
Bearing A,1.128,0.144695
Bearing A,1.129,0.439259
Bearing A,1.13,0.586073
Bearing A,1.131,0.380574
Bearing A,1.132,-0.604349
Bearing A,1.133,-1.35184
Bearing A,1.134,-1.491304
Bearing A,1.135,-1.634511
Bearing A,1.136,-1.28601
Bearing A,1.137,-0.925065
Bearing A,1.138,-0.233845
Bearing A,1.139,0.132547
Bearing A,1.14,0.495283
Bearing A,1.141,0.157282
Bearing A,1.142,0.345544
Bearing A,1.143,0.992768
Bearing A,1.144,0.925499
Bearing A,1.145,0.430707
Bearing A,1.146,0.507291
Bearing A,1.147,0.371015
Bearing A,1.148,0.698762
Bearing A,1.149,0.846679
Bearing A,1.15,0.412734
Bearing A,1.151,0.670495
Bearing A,1.152,-0.115827
Bearing A,1.153,-0.616248
Bearing A,1.154,-1.254778
Bearing A,1.155,-1.586114
Bearing A,1.156,-1.436189
Bearing A,1.157,-1.00822
Bearing A,1.158,-0.60344
Bearing A,1.159,-0.062389
Bearing A,1.16,0.323915
Bearing A,1.161,0.470533
Bearing A,1.162,0.726561
Bearing A,1.163,0.870234
Bearing A,1.164,1.02854
Bearing A,1.165,0.968589
Bearing A,1.166,0.093116
Bearing A,1.167,0.183703
Bearing A,1.168,0.129281
Bearing A,1.169,0.482205
Bearing A,1.17,0.089416
Bearing A,1.171,-0.046864
Bearing A,1.172,-0.963683
Bearing A,1.173,-1.329397
Bearing A,1.174,-1.884211
Bearing A,1.175,-2.065544
Bearing A,1.176,-1.543177
Bearing A,1.177,-1.032885
Bearing A,1.178,-0.515731
Bearing A,1.179,0.024533
Bearing A,1.18,0.207536
Bearing A,1.181,0.424652
Bearing A,1.182,0.267591
Bearing A,1.183,0.761832
Bearing A,1.184,1.114485
Bearing A,1.185,0.775866
Bearing A,1.186,1.267967
Bearing A,1.187,0.564293
Bearing A,1.188,0.668743
Bearing A,1.189,0.886053
Bearing A,1.19,1.132261
Bearing A,1.191,0.700197
Bearing A,1.192,0.016093
Bearing A,1.193,-0.929886
Bearing A,1.194,-1.22111
Bearing A,1.195,-1.627259
Bearing A,1.196,-1.266999
Bearing A,1.197,-0.094888
Bearing A,1.198,0.631352
Bearing A,1.199,0.606671
Bearing A,1.2,0.540753
Bearing A,1.201,0.542512
Bearing A,1.202,1.134576
Bearing A,1.203,1.301889
Bearing A,1.204,1.29729
Bearing A,1.205,1.328743
Bearing A,1.206,0.848518
Bearing A,1.207,0.579611
Bearing A,1.208,0.402451
Bearing A,1.209,0.722662
Bearing A,1.21,1.188351
Bearing A,1.211,1.067042
Bearing A,1.212,-0.068398
Bearing A,1.213,-1.038818
Bearing A,1.214,-0.982493
Bearing A,1.215,-1.112294
Bearing A,1.216,-0.843763
Bearing A,1.217,-0.065017
Bearing A,1.218,0.414222
Bearing A,1.219,0.832089
Bearing A,1.22,0.720311
Bearing A,1.221,0.916868
Bearing A,1.222,1.121187
Bearing A,1.223,1.109895
Bearing A,1.224,1.413918
Bearing A,1.225,1.292862
Bearing A,1.226,1.119899
Bearing A,1.227,0.850143
Bearing A,1.228,1.10041
Bearing A,1.229,1.511292
Bearing A,1.23,1.2381
Bearing A,1.231,1.031242
Bearing A,1.232,0.581816
Bearing A,1.233,-0.112183
Bearing A,1.234,-0.816493
Bearing A,1.235,-0.77961
Bearing A,1.236,0.094169
Bearing A,1.237,0.703849
Bearing A,1.238,1.031661
Bearing A,1.239,1.08404
Bearing A,1.24,1.151046
Bearing A,1.241,1.460529
Bearing A,1.242,1.389018
Bearing A,1.243,1.5288
Bearing A,1.244,1.344466
Bearing A,1.245,1.369933
Bearing A,1.246,1.210471
Bearing A,1.247,0.881492
Bearing A,1.248,0.92269
Bearing A,1.249,1.042144
Bearing A,1.25,1.316075
Bearing A,1.251,0.908673
Bearing A,1.252,0.153438
Bearing A,1.253,-0.802844
Bearing A,1.254,-1.47474
Bearing A,1.255,-1.174489
Bearing A,1.256,-1.009611
Bearing A,1.257,-0.435146
Bearing A,1.258,-0.030576
Bearing A,1.259,0.158923
Bearing A,1.26,0.149114
Bearing A,1.261,0.58326
Bearing A,1.262,1.023755
Bearing A,1.263,1.29201
Bearing A,1.264,1.259232
Bearing A,1.265,1.303376
Bearing A,1.266,0.957759
Bearing A,1.267,0.354095
Bearing A,1.268,0.783558
Bearing A,1.269,0.87263
Bearing A,1.27,0.965679
Bearing A,1.271,0.635775
Bearing A,1.272,-0.081568
Bearing A,1.273,-0.647342
Bearing A,1.274,-1.321424
Bearing A,1.275,-1.179102
Bearing A,1.276,-1.031096
Bearing A,1.277,-0.380092
Bearing A,1.278,0.076728
Bearing A,1.279,0.542643
Bearing A,1.28,0.653454
Bearing A,1.281,0.78205
Bearing A,1.282,0.881206
Bearing A,1.283,1.177464
Bearing A,1.284,1.084308
Bearing A,1.285,1.030734
Bearing A,1.286,0.668744
Bearing A,1.287,0.549585
Bearing A,1.288,0.534344
Bearing A,1.289,0.982295
Bearing A,1.29,1.113004
Bearing A,1.291,0.905801
Bearing A,1.292,0.032894
Bearing A,1.293,-0.582948
Bearing A,1.294,-1.458352
Bearing A,1.295,-1.629796
Bearing A,1.296,-0.874326
Bearing A,1.297,-0.272847
Bearing A,1.298,-0.172855
Bearing A,1.299,0.504682
Bearing A,1.3,0.555364
Bearing A,1.301,0.953915
Bearing A,1.302,1.346968
Bearing A,1.303,1.440271
Bearing A,1.304,1.336235
Bearing A,1.305,1.263146
Bearing A,1.306,0.897444
Bearing A,1.307,0.978326
Bearing A,1.308,1.046071
Bearing A,1.309,1.603771
Bearing A,1.31,1.628609
Bearing A,1.311,1.272507
Bearing A,1.312,0.108544
Bearing A,1.313,-0.504309
Bearing A,1.314,-1.355251
Bearing A,1.315,-1.229351
Bearing A,1.316,-0.909642
Bearing A,1.317,-0.233921
Bearing A,1.318,0.454279
Bearing A,1.319,0.589639
Bearing A,1.32,0.650659
Bearing A,1.321,0.2846
Bearing A,1.322,0.519876
Bearing A,1.323,0.881551
Bearing A,1.324,0.814878
Bearing A,1.325,0.994034
Bearing A,1.326,0.921219
Bearing A,1.327,0.680139
Bearing A,1.328,0.803376
Bearing A,1.329,1.197698
Bearing A,1.33,1.420567
Bearing A,1.331,0.781041
Bearing A,1.332,0.137128
Bearing A,1.333,-0.892474
Bearing A,1.334,-1.184699
Bearing A,1.335,-1.235428
Bearing A,1.336,-0.781207
Bearing A,1.337,0.024858
Bearing A,1.338,0.60994
Bearing A,1.339,0.566533
Bearing A,1.34,0.706771
Bearing A,1.341,0.622161
Bearing A,1.342,1.120115
Bearing A,1.343,1.394579
Bearing A,1.344,1.229651
Bearing A,1.345,1.525282
Bearing A,1.346,0.828469
Bearing A,1.347,0.716628
Bearing A,1.348,0.601841
Bearing A,1.349,0.680054
Bearing A,1.35,1.242814
Bearing A,1.351,0.734768
Bearing A,1.352,0.209678
Bearing A,1.353,-0.564679
Bearing A,1.354,-1.052854
Bearing A,1.355,-1.09622
Bearing A,1.356,-0.632772
Bearing A,1.357,0.283854
Bearing A,1.358,0.737071
Bearing A,1.359,1.12221
Bearing A,1.36,1.194878
Bearing A,1.361,1.233152
Bearing A,1.362,1.270832
Bearing A,1.363,1.434013
Bearing A,1.364,1.248465
Bearing A,1.365,0.803851
Bearing A,1.366,0.780074
Bearing A,1.367,0.52254
Bearing A,1.368,0.655443
Bearing A,1.369,0.713414
Bearing A,1.37,0.684994
Bearing A,1.371,0.706944
Bearing A,1.372,-0.08304
Bearing A,1.373,-0.905219
Bearing A,1.374,-1.496423
Bearing A,1.375,-1.636191
Bearing A,1.376,-1.261615
Bearing A,1.377,-0.821161
Bearing A,1.378,-0.041073
Bearing A,1.379,0.072314
Bearing A,1.38,0.275924
Bearing A,1.381,0.625986
Bearing A,1.382,0.864692
Bearing A,1.383,0.800143
Bearing A,1.384,0.816082
Bearing A,1.385,0.406005
Bearing A,1.386,0.548465
Bearing A,1.387,0.380793
Bearing A,1.388,0.428669
Bearing A,1.389,0.44637
Bearing A,1.39,0.318825
Bearing A,1.391,-0.16273
Bearing A,1.392,-0.989466
Bearing A,1.393,-1.275928
Bearing A,1.394,-1.899825
Bearing A,1.395,-1.736999
Bearing A,1.396,-1.678319
Bearing A,1.397,-1.098706
Bearing A,1.398,-0.439148
Bearing A,1.399,-0.362812
Bearing A,1.4,-0.005846
Bearing A,1.401,0.031055
Bearing A,1.402,0.159787
Bearing A,1.403,0.074465
Bearing A,1.404,0.396304
Bearing A,1.405,0.537301
Bearing A,1.406,0.121924
Bearing A,1.407,0.110561
Bearing A,1.408,0.437068
Bearing A,1.409,0.663991
Bearing A,1.41,0.727652
Bearing A,1.411,0.413612
Bearing A,1.412,-0.26668
Bearing A,1.413,-1.302031
Bearing A,1.414,-1.731882
Bearing A,1.415,-1.326601
Bearing A,1.416,-0.554885
Bearing A,1.417,0.180667
Bearing A,1.418,0.405154
Bearing A,1.419,0.577939
Bearing A,1.42,0.487546
Bearing A,1.421,0.631171
Bearing A,1.422,0.672592
Bearing A,1.423,1.182751
Bearing A,1.424,1.020729
Bearing A,1.425,0.874611
Bearing A,1.426,0.78209
Bearing A,1.427,0.470777
Bearing A,1.428,0.545643
Bearing A,1.429,0.818367
Bearing A,1.43,0.771922
Bearing A,1.431,0.719304
Bearing A,1.432,0.443537
Bearing A,1.433,-0.656443
Bearing A,1.434,-1.679029
Bearing A,1.435,-1.30597
Bearing A,1.436,-0.63768
Bearing A,1.437,-0.352111
Bearing A,1.438,0.495788
Bearing A,1.439,0.86745
Bearing A,1.44,0.743476
Bearing A,1.441,0.818435
Bearing A,1.442,1.072172
Bearing A,1.443,1.300902
Bearing A,1.444,0.897808
Bearing A,1.445,0.663207
Bearing A,1.446,0.685449
Bearing A,1.447,0.29533
Bearing A,1.448,0.452689
Bearing A,1.449,0.5173
Bearing A,1.45,0.578972
Bearing A,1.451,0.390879
Bearing A,1.452,-0.130598
Bearing A,1.453,-1.225342
Bearing A,1.454,-1.492532
Bearing A,1.455,-1.961578
Bearing A,1.456,-1.193349
Bearing A,1.457,-0.463022
Bearing A,1.458,-0.236334
Bearing A,1.459,0.160415
Bearing A,1.46,0.314919
Bearing A,1.461,0.364674
Bearing A,1.462,0.525592
Bearing A,1.463,0.826465
Bearing A,1.464,1.060013
Bearing A,1.465,0.97606
Bearing A,1.466,0.896714
Bearing A,1.467,1.013112
Bearing A,1.468,0.608253
Bearing A,1.469,0.690544
Bearing A,1.47,0.745679
Bearing A,1.471,0.42592
Bearing A,1.472,-0.326732
Bearing A,1.473,-0.979073
Bearing A,1.474,-1.363654
Bearing A,1.475,-1.459972
Bearing A,1.476,-0.760555
Bearing A,1.477,-0.141284
Bearing A,1.478,0.264285
Bearing A,1.479,0.335232
Bearing A,1.48,0.723283
Bearing A,1.481,0.668202
Bearing A,1.482,0.9692
Bearing A,1.483,1.258583
Bearing A,1.484,1.180008
Bearing A,1.485,0.875475
Bearing A,1.486,0.647658
Bearing A,1.487,0.226681
Bearing A,1.488,0.429041
Bearing A,1.489,0.730342
Bearing A,1.49,0.890361
Bearing A,1.491,0.339437
Bearing A,1.492,-0.571511
Bearing A,1.493,-1.320418
Bearing A,1.494,-1.61759
Bearing A,1.495,-1.615445
Bearing A,1.496,-0.908348
Bearing A,1.497,-0.811035
Bearing A,1.498,-0.238055
Bearing A,1.499,-0.170187
Bearing A,1.5,0.358593
Bearing A,1.501,0.550643
Bearing A,1.502,0.753163
Bearing A,1.503,0.874072
Bearing A,1.504,1.183526
Bearing A,1.505,0.943711
Bearing A,1.506,0.765086
Bearing A,1.507,0.879732
Bearing A,1.508,0.699008
Bearing A,1.509,1.009873
Bearing A,1.51,0.779044
Bearing A,1.511,0.483821
Bearing A,1.512,0.137252
Bearing A,1.513,-0.751458
Bearing A,1.514,-1.647127
Bearing A,1.515,-1.535691
Bearing A,1.516,-0.722355
Bearing A,1.517,-0.282293
Bearing A,1.518,0.071976
Bearing A,1.519,0.688602
Bearing A,1.52,0.708016
Bearing A,1.521,0.572301
Bearing A,1.522,1.116991
Bearing A,1.523,1.247416
Bearing A,1.524,0.732763
Bearing A,1.525,0.588986
Bearing A,1.526,0.918996
Bearing A,1.527,0.416949
Bearing A,1.528,0.368627
Bearing A,1.529,0.701619
Bearing A,1.53,0.723385
Bearing A,1.531,0.462623
Bearing A,1.532,-0.372679
Bearing A,1.533,-1.243845
Bearing A,1.534,-1.84719
Bearing A,1.535,-2.036062
Bearing A,1.536,-1.661358
Bearing A,1.537,-0.793035
Bearing A,1.538,-0.108678
Bearing A,1.539,0.404898
Bearing A,1.54,0.578454
Bearing A,1.541,1.103614
Bearing A,1.542,1.028162
Bearing A,1.543,1.369876
Bearing A,1.544,1.175672
Bearing A,1.545,1.193067
Bearing A,1.546,0.849006
Bearing A,1.547,1.294411
Bearing A,1.548,0.936245
Bearing A,1.549,1.199774
Bearing A,1.55,0.961398
Bearing A,1.551,0.420534
Bearing A,1.552,-0.275425
Bearing A,1.553,-0.997521
Bearing A,1.554,-1.673935
Bearing A,1.555,-1.713131
Bearing A,1.556,-1.090001
Bearing A,1.557,-0.714678
Bearing A,1.558,-0.268608
Bearing A,1.559,-0.024241
Bearing A,1.56,0.063875
Bearing A,1.561,0.430695
Bearing A,1.562,0.434797
Bearing A,1.563,0.580191
Bearing A,1.564,0.578229
Bearing A,1.565,0.509984
Bearing A,1.566,0.342019
Bearing A,1.567,0.066837
Bearing A,1.568,0.489216
Bearing A,1.569,0.560977
Bearing A,1.57,0.616276
Bearing A,1.571,0.355592
Bearing A,1.572,-0.995419
Bearing A,1.573,-1.39814
Bearing A,1.574,-1.964391
Bearing A,1.575,-1.796577
Bearing A,1.576,-1.298694
Bearing A,1.577,-0.901692
Bearing A,1.578,-0.028663
Bearing A,1.579,0.384638
Bearing A,1.58,0.22515
Bearing A,1.581,0.194949
Bearing A,1.582,0.42658
Bearing A,1.583,0.950522
Bearing A,1.584,0.897333
Bearing A,1.585,0.624817
Bearing A,1.586,0.535359
Bearing A,1.587,-0.063507
Bearing A,1.588,0.097512
Bearing A,1.589,0.262982
Bearing A,1.59,0.490704
Bearing A,1.591,0.491797
Bearing A,1.592,-0.334848
Bearing A,1.593,-0.960968
Bearing A,1.594,-1.486203
Bearing A,1.595,-1.630045
Bearing A,1.596,-1.539449
Bearing A,1.597,-1.049263
Bearing A,1.598,-0.527727
Bearing A,1.599,0.34722
Bearing A,1.6,0.593005
Bearing A,1.601,0.565881
Bearing A,1.602,0.774881
Bearing A,1.603,1.016874
Bearing A,1.604,0.915251
Bearing A,1.605,0.985973
Bearing A,1.606,0.869336
Bearing A,1.607,0.731283
Bearing A,1.608,0.869634
Bearing A,1.609,1.079142
Bearing A,1.61,1.084902
Bearing A,1.611,0.450199
Bearing A,1.612,-0.045663
Bearing A,1.613,-0.99225
Bearing A,1.614,-1.581835
Bearing A,1.615,-1.356956
Bearing A,1.616,-0.820406
Bearing A,1.617,-0.429942
Bearing A,1.618,0.284408
Bearing A,1.619,0.836295
Bearing A,1.62,0.913702
Bearing A,1.621,0.426987
Bearing A,1.622,0.656223
Bearing A,1.623,0.94198
Bearing A,1.624,0.873787
Bearing A,1.625,0.974836
Bearing A,1.626,0.330157
Bearing A,1.627,0.249571
Bearing A,1.628,0.562822
Bearing A,1.629,0.360757
Bearing A,1.63,0.530241
Bearing A,1.631,0.391647
Bearing A,1.632,-0.573044
Bearing A,1.633,-1.332394
Bearing A,1.634,-2.0655
Bearing A,1.635,-2.09299
Bearing A,1.636,-1.533169
Bearing A,1.637,-1.031362
Bearing A,1.638,-0.916963
Bearing A,1.639,-0.39847
Bearing A,1.64,-0.024695
Bearing A,1.641,0.282546
Bearing A,1.642,0.83459
Bearing A,1.643,0.781907
Bearing A,1.644,0.907077
Bearing A,1.645,0.924779
Bearing A,1.646,0.281951
Bearing A,1.647,0.435387
Bearing A,1.648,0.412796
Bearing A,1.649,0.476802
Bearing A,1.65,0.894363
Bearing A,1.651,0.628982
Bearing A,1.652,-0.14365
Bearing A,1.653,-0.925006
Bearing A,1.654,-1.311896
Bearing A,1.655,-1.531181
Bearing A,1.656,-1.273859
Bearing A,1.657,-0.531837
Bearing A,1.658,0.160615
Bearing A,1.659,0.071273
Bearing A,1.66,-0.096004
Bearing A,1.661,0.501223
Bearing A,1.662,0.441595
Bearing A,1.663,0.633871
Bearing A,1.664,0.91261
Bearing A,1.665,0.811564
Bearing A,1.666,0.656781
Bearing A,1.667,0.164817
Bearing A,1.668,0.198186
Bearing A,1.669,0.122289
Bearing A,1.67,0.36379
Bearing A,1.671,-0.071754
Bearing A,1.672,-0.825559
Bearing A,1.673,-1.677515
Bearing A,1.674,-2.040315
Bearing A,1.675,-2.361604
Bearing A,1.676,-1.884332
Bearing A,1.677,-1.21284
Bearing A,1.678,-0.68181
Bearing A,1.679,-0.145284
Bearing A,1.68,-0.089946
Bearing A,1.681,0.032956
Bearing A,1.682,0.097795
Bearing A,1.683,0.448113
Bearing A,1.684,0.607421
Bearing A,1.685,0.472428
Bearing A,1.686,-0.1472
Bearing A,1.687,-0.076008
Bearing A,1.688,0.030002
Bearing A,1.689,0.259095
Bearing A,1.69,0.259809
Bearing A,1.691,0.299578
Bearing A,1.692,-0.556092
Bearing A,1.693,-1.234587
Bearing A,1.694,-2.063508
Bearing A,1.695,-1.947091
Bearing A,1.696,-1.174399
Bearing A,1.697,-0.610229
Bearing A,1.698,-0.228042
Bearing A,1.699,-0.238323
Bearing A,1.7,0.077136
Bearing A,1.701,0.517529
Bearing A,1.702,0.738272
Bearing A,1.703,0.908765
Bearing A,1.704,1.067283
Bearing A,1.705,0.737534
Bearing A,1.706,0.444902
Bearing A,1.707,0.354565
Bearing A,1.708,0.384954
Bearing A,1.709,0.948235
Bearing A,1.71,0.952269
Bearing A,1.711,0.625575
Bearing A,1.712,-0.459176
Bearing A,1.713,-1.195498
Bearing A,1.714,-1.579877
Bearing A,1.715,-1.756256
Bearing A,1.716,-1.498517
Bearing A,1.717,-0.84224
Bearing A,1.718,-0.622601
Bearing A,1.719,-0.196539
Bearing A,1.72,-0.091058
Bearing A,1.721,-0.091561
Bearing A,1.722,0.472962
Bearing A,1.723,-0.050617
Bearing A,1.724,0.154726
Bearing A,1.725,0.300958
Bearing A,1.726,0.192527
Bearing A,1.727,-0.159525
Bearing A,1.728,-0.056892
Bearing A,1.729,0.147653
Bearing A,1.73,0.873143
Bearing A,1.731,0.679339
Bearing A,1.732,-0.166182
Bearing A,1.733,-1.062999
Bearing A,1.734,-1.871585
Bearing A,1.735,-1.727412
Bearing A,1.736,-1.867317
Bearing A,1.737,-0.979597
Bearing A,1.738,-0.389357
Bearing A,1.739,-0.182541
Bearing A,1.74,0.117477
Bearing A,1.741,0.015073
Bearing A,1.742,0.229004
Bearing A,1.743,0.580915
Bearing A,1.744,0.564519
Bearing A,1.745,0.38717
Bearing A,1.746,0.365598
Bearing A,1.747,0.212523
Bearing A,1.748,0.451957
Bearing A,1.749,0.313351
Bearing A,1.75,0.097025
Bearing A,1.751,0.028834
Bearing A,1.752,-0.580512
Bearing A,1.753,-1.025335
Bearing A,1.754,-1.432604
Bearing A,1.755,-1.732508
Bearing A,1.756,-1.603603
Bearing A,1.757,-0.624316
Bearing A,1.758,-0.491432
Bearing A,1.759,-0.752759
Bearing A,1.76,-0.553667
Bearing A,1.761,-0.107643
Bearing A,1.762,-0.330686
Bearing A,1.763,0.447582
Bearing A,1.764,0.393494
Bearing A,1.765,0.332773
Bearing A,1.766,0.020475
Bearing A,1.767,-0.302111
Bearing A,1.768,-0.165872
Bearing A,1.769,0.441068
Bearing A,1.77,-0.093698
Bearing A,1.771,-0.319876
Bearing A,1.772,-0.844411
Bearing A,1.773,-1.289745
Bearing A,1.774,-1.774991
Bearing A,1.775,-1.935485
Bearing A,1.776,-1.714402
Bearing A,1.777,-0.866862
Bearing A,1.778,-0.422297
Bearing A,1.779,-0.262331
Bearing A,1.78,0.258831
Bearing A,1.781,0.15687
Bearing A,1.782,0.183758
Bearing A,1.783,0.733478
Bearing A,1.784,0.976662
Bearing A,1.785,0.456904
Bearing A,1.786,0.290898
Bearing A,1.787,0.123357
Bearing A,1.788,-0.108674
Bearing A,1.789,0.604448
Bearing A,1.79,0.598323
Bearing A,1.791,0.319422
Bearing A,1.792,-0.650424
Bearing A,1.793,-1.139665
Bearing A,1.794,-1.769337
Bearing A,1.795,-1.621317
Bearing A,1.796,-1.269695
Bearing A,1.797,-0.806573
Bearing A,1.798,-0.319887
Bearing A,1.799,-0.069549
Bearing A,1.8,-0.209094
Bearing A,1.801,0.164426
Bearing A,1.802,-0.118139
Bearing A,1.803,0.057364
Bearing A,1.804,0.276884
Bearing A,1.805,0.60037
Bearing A,1.806,0.387465
Bearing A,1.807,-0.16508
Bearing A,1.808,0.094201
Bearing A,1.809,0.264875
Bearing A,1.81,0.560854
Bearing A,1.811,0.369849
Bearing A,1.812,-0.248291
Bearing A,1.813,-1.310544
Bearing A,1.814,-1.861987
Bearing A,1.815,-2.192713
Bearing A,1.816,-1.803905
Bearing A,1.817,-0.892011
Bearing A,1.818,-0.250224
Bearing A,1.819,-0.524338
Bearing A,1.82,-0.449451
Bearing A,1.821,0.10569
Bearing A,1.822,0.120382
Bearing A,1.823,0.555557
Bearing A,1.824,0.596949
Bearing A,1.825,0.43773
Bearing A,1.826,0.216188
Bearing A,1.827,0.280539
Bearing A,1.828,0.467919
Bearing A,1.829,0.407996
Bearing A,1.83,0.672791
Bearing A,1.831,0.488737
Bearing A,1.832,-0.282343
Bearing A,1.833,-1.349623
Bearing A,1.834,-1.706243
Bearing A,1.835,-2.001365
Bearing A,1.836,-1.338921
Bearing A,1.837,-0.92755
Bearing A,1.838,-0.491518
Bearing A,1.839,-0.657361
Bearing A,1.84,-0.09702
Bearing A,1.841,0.153231
Bearing A,1.842,0.307525
Bearing A,1.843,0.385778
Bearing A,1.844,0.873181
Bearing A,1.845,0.580301
Bearing A,1.846,0.169411
Bearing A,1.847,-0.258052
Bearing A,1.848,-0.356654
Bearing A,1.849,0.195292
Bearing A,1.85,0.360044
Bearing A,1.851,-0.035344
Bearing A,1.852,-0.645565
Bearing A,1.853,-1.639551
Bearing A,1.854,-1.691517
Bearing A,1.855,-1.667796
Bearing A,1.856,-1.453503
Bearing A,1.857,-1.128862
Bearing A,1.858,-0.404605
Bearing A,1.859,-0.144535
Bearing A,1.86,0.145195
Bearing A,1.861,0.191433
Bearing A,1.862,0.418659
Bearing A,1.863,0.816498
Bearing A,1.864,0.787111
Bearing A,1.865,0.397541
Bearing A,1.866,0.612824
Bearing A,1.867,-0.025884
Bearing A,1.868,-0.185062
Bearing A,1.869,0.622049
Bearing A,1.87,0.256796
Bearing A,1.871,0.05051
Bearing A,1.872,-0.68477
Bearing A,1.873,-1.377133
Bearing A,1.874,-1.943743
Bearing A,1.875,-1.81383
Bearing A,1.876,-1.544622
Bearing A,1.877,-0.8398
Bearing A,1.878,-0.644872
Bearing A,1.879,-0.09468
Bearing A,1.88,-0.179703
Bearing A,1.881,0.256154
Bearing A,1.882,0.507903
Bearing A,1.883,0.650868
Bearing A,1.884,0.830096
Bearing A,1.885,0.754948
Bearing A,1.886,0.2312
Bearing A,1.887,0.096814
Bearing A,1.888,0.761839
Bearing A,1.889,0.947023
Bearing A,1.89,1.053461
Bearing A,1.891,0.752457
Bearing A,1.892,-0.127043
Bearing A,1.893,-1.096441
Bearing A,1.894,-1.442923
Bearing A,1.895,-1.491877
Bearing A,1.896,-1.143399
Bearing A,1.897,-0.410934
Bearing A,1.898,-0.075661
Bearing A,1.899,0.283916
Bearing A,1.9,0.100781
Bearing A,1.901,0.164896
Bearing A,1.902,0.547563
Bearing A,1.903,0.843329
Bearing A,1.904,0.578834
Bearing A,1.905,0.567426
Bearing A,1.906,0.095516
Bearing A,1.907,-0.15495
Bearing A,1.908,0.452712
Bearing A,1.909,0.164476
Bearing A,1.91,0.259588
Bearing A,1.911,-0.087371
Bearing A,1.912,-0.679723
Bearing A,1.913,-1.181341
Bearing A,1.914,-2.128507
Bearing A,1.915,-2.357232
Bearing A,1.916,-1.845169
Bearing A,1.917,-0.799311
Bearing A,1.918,-0.172306
Bearing A,1.919,-0.408212
Bearing A,1.92,0.053741
Bearing A,1.921,0.094436
Bearing A,1.922,0.283358
Bearing A,1.923,1.102483
Bearing A,1.924,1.084324
Bearing A,1.925,0.729147
Bearing A,1.926,0.656644
Bearing A,1.927,0.554429
Bearing A,1.928,0.176977
Bearing A,1.929,0.088141
Bearing A,1.93,0.226949
Bearing A,1.931,0.028239
Bearing A,1.932,-0.353174
Bearing A,1.933,-1.074363
Bearing A,1.934,-1.818908
Bearing A,1.935,-1.887162
Bearing A,1.936,-1.236857
Bearing A,1.937,-0.577851
Bearing A,1.938,-0.173207
Bearing A,1.939,-0.151454
Bearing A,1.94,-0.059118
Bearing A,1.941,0.314933
Bearing A,1.942,0.662474
Bearing A,1.943,1.123165
Bearing A,1.944,1.243537
Bearing A,1.945,1.033244
Bearing A,1.946,0.630848
Bearing A,1.947,0.713998
Bearing A,1.948,0.7665
Bearing A,1.949,1.088976
Bearing A,1.95,0.563901
Bearing A,1.951,0.24508
Bearing A,1.952,-0.38837
Bearing A,1.953,-1.205343
Bearing A,1.954,-1.625441
Bearing A,1.955,-1.724685
Bearing A,1.956,-1.349932
Bearing A,1.957,-0.762316
Bearing A,1.958,-0.18237
Bearing A,1.959,-0.022156
Bearing A,1.96,0.21843
Bearing A,1.961,0.468135
Bearing A,1.962,0.517088
Bearing A,1.963,0.649122
Bearing A,1.964,0.584183
Bearing A,1.965,0.653412
Bearing A,1.966,0.519503
Bearing A,1.967,0.571339
Bearing A,1.968,0.550075
Bearing A,1.969,0.37511
Bearing A,1.97,0.713116
Bearing A,1.971,0.386571
Bearing A,1.972,-0.477111
Bearing A,1.973,-1.078528
Bearing A,1.974,-1.303746
Bearing A,1.975,-1.449
Bearing A,1.976,-0.864782
Bearing A,1.977,-0.183003
Bearing A,1.978,0.20376
Bearing A,1.979,0.100687
Bearing A,1.98,0.411389
Bearing A,1.981,0.961775
Bearing A,1.982,0.909638
Bearing A,1.983,0.924709
Bearing A,1.984,0.936685
Bearing A,1.985,0.619203
Bearing A,1.986,0.457654
Bearing A,1.987,0.309781
Bearing A,1.988,0.111938
Bearing A,1.989,0.673964
Bearing A,1.99,0.575223
Bearing A,1.991,0.32117
Bearing A,1.992,-0.617492
Bearing A,1.993,-1.420864
Bearing A,1.994,-1.591822
Bearing A,1.995,-1.482373
Bearing A,1.996,-1.656467
Bearing A,1.997,-1.007608
Bearing A,1.998,-0.736753
Bearing A,1.999,0.208519
Bearing A,2.0,0.153475
Bearing A,2.001,0.158654
Bearing A,2.002,0.343095
Bearing A,2.003,0.66432
Bearing A,2.004,0.590677
Bearing A,2.005,0.74301
Bearing A,2.006,0.510161
Bearing A,2.007,0.578024
Bearing A,2.008,0.416911
Bearing A,2.009,0.667209
Bearing A,2.01,0.760086
Bearing A,2.011,0.43495
Bearing A,2.012,-0.31909
Bearing A,2.013,-1.259295
Bearing A,2.014,-1.77456
Bearing A,2.015,-1.697114
Bearing A,2.016,-1.578618
Bearing A,2.017,-0.802744
Bearing A,2.018,-0.464379
Bearing A,2.019,0.023033
Bearing A,2.02,0.047467
Bearing A,2.021,0.12069
Bearing A,2.022,0.462921
Bearing A,2.023,0.754108
Bearing A,2.024,0.554584
Bearing A,2.025,0.474918
Bearing A,2.026,0.283926
Bearing A,2.027,0.388904
Bearing A,2.028,0.223731
Bearing A,2.029,0.700417
Bearing A,2.03,0.640774
Bearing A,2.031,-0.177993
Bearing A,2.032,-0.87155
Bearing A,2.033,-1.554094
Bearing A,2.034,-2.18557
Bearing A,2.035,-1.900653
Bearing A,2.036,-1.474495
Bearing A,2.037,-0.705082
Bearing A,2.038,-0.618923
Bearing A,2.039,-0.27941
Bearing A,2.04,-0.244812
Bearing A,2.041,0.2222
Bearing A,2.042,0.134558
Bearing A,2.043,-0.036933
Bearing A,2.044,0.565426
Bearing A,2.045,0.303541
Bearing A,2.046,0.367441
Bearing A,2.047,-0.084409
Bearing A,2.048,0.362323
Bearing A,2.049,0.275816
Bearing A,2.05,0.317456
Bearing A,2.051,-0.03752
Bearing A,2.052,-0.93596
Bearing A,2.053,-1.669641
Bearing A,2.054,-1.798122
Bearing A,2.055,-2.107032
Bearing A,2.056,-1.238623
Bearing A,2.057,-0.447701
Bearing A,2.058,-0.119375
Bearing A,2.059,-0.170987
Bearing A,2.06,0.185317
Bearing A,2.061,0.35205
Bearing A,2.062,0.422754
Bearing A,2.063,0.663705
Bearing A,2.064,0.788306
Bearing A,2.065,0.643757
Bearing A,2.066,0.438278
Bearing A,2.067,0.382291
Bearing A,2.068,0.265092
Bearing A,2.069,0.750674
Bearing A,2.07,0.521161
Bearing A,2.071,0.256733
Bearing A,2.072,-0.324
Bearing A,2.073,-1.15862
Bearing A,2.074,-1.825086
Bearing A,2.075,-1.435358
Bearing A,2.076,-1.217989
Bearing A,2.077,-1.180928
Bearing A,2.078,-0.66883
Bearing A,2.079,-0.027568
Bearing A,2.08,-0.170922
Bearing A,2.081,-0.078408
Bearing A,2.082,0.452698
Bearing A,2.083,0.30425
Bearing A,2.084,0.36777
Bearing A,2.085,0.455155
Bearing A,2.086,0.675188
Bearing A,2.087,0.266923
Bearing A,2.088,0.581216
Bearing A,2.089,0.681219
Bearing A,2.09,0.774064
Bearing A,2.091,0.219793
Bearing A,2.092,-0.603736
Bearing A,2.093,-1.447426
Bearing A,2.094,-1.813506
Bearing A,2.095,-2.025579
Bearing A,2.096,-1.749435
Bearing A,2.097,-0.79023
Bearing A,2.098,-0.208309
Bearing A,2.099,-0.201685
Bearing A,2.1,-0.056072
Bearing A,2.101,0.591791
Bearing A,2.102,0.850287
Bearing A,2.103,1.118953
Bearing A,2.104,1.050621
Bearing A,2.105,0.987394
Bearing A,2.106,0.665385
Bearing A,2.107,0.477748
Bearing A,2.108,0.439569
Bearing A,2.109,0.617967
Bearing A,2.11,0.838692
Bearing A,2.111,0.406846
Bearing A,2.112,-0.237546
Bearing A,2.113,-1.044914
Bearing A,2.114,-1.256461
Bearing A,2.115,-1.740106
Bearing A,2.116,-1.160367
Bearing A,2.117,-0.47423
Bearing A,2.118,-0.078237
Bearing A,2.119,0.084945
Bearing A,2.12,-0.277284
Bearing A,2.121,-0.0992
Bearing A,2.122,0.409542
Bearing A,2.123,0.82447
Bearing A,2.124,0.877889
Bearing A,2.125,0.740115
Bearing A,2.126,0.32939
Bearing A,2.127,0.386782
Bearing A,2.128,0.376839
Bearing A,2.129,0.406107
Bearing A,2.13,0.461194
Bearing A,2.131,-0.03431
Bearing A,2.132,-0.920402
Bearing A,2.133,-1.592971
Bearing A,2.134,-2.046198
Bearing A,2.135,-2.092896
Bearing A,2.136,-1.360396
Bearing A,2.137,-0.636831
Bearing A,2.138,-0.157311
Bearing A,2.139,0.184518
Bearing A,2.14,0.311664
Bearing A,2.141,0.825087
Bearing A,2.142,1.014241
Bearing A,2.143,0.984939
Bearing A,2.144,1.482628
Bearing A,2.145,1.356441
Bearing A,2.146,1.025375
Bearing A,2.147,0.473872
Bearing A,2.148,0.786404
Bearing A,2.149,0.918631
Bearing A,2.15,1.222591
Bearing A,2.151,0.582992
Bearing A,2.152,-0.161704
Bearing A,2.153,-0.370586
Bearing A,2.154,-0.999666
Bearing A,2.155,-0.975416
Bearing A,2.156,-0.864493
Bearing A,2.157,-0.53912
Bearing A,2.158,-0.061511
Bearing A,2.159,0.524175
Bearing A,2.16,0.42885
Bearing A,2.161,0.565228
Bearing A,2.162,1.087945
Bearing A,2.163,1.096674
Bearing A,2.164,1.158877
Bearing A,2.165,1.210228
Bearing A,2.166,0.926493
Bearing A,2.167,0.808462
Bearing A,2.168,0.715857
Bearing A,2.169,1.085573
Bearing A,2.17,1.292811
Bearing A,2.171,1.01832
Bearing A,2.172,-0.094938
Bearing A,2.173,-0.467907
Bearing A,2.174,-1.357914
Bearing A,2.175,-1.487846
Bearing A,2.176,-0.99725
Bearing A,2.177,-0.659701
Bearing A,2.178,-0.096163
Bearing A,2.179,-0.000257
Bearing A,2.18,-0.162894
Bearing A,2.181,0.177707
Bearing A,2.182,0.514343
Bearing A,2.183,0.788276
Bearing A,2.184,0.915656
Bearing A,2.185,0.901718
Bearing A,2.186,0.535734
Bearing A,2.187,0.652626
Bearing A,2.188,0.409036
Bearing A,2.189,0.407715
Bearing A,2.19,0.490285
Bearing A,2.191,0.144686
Bearing A,2.192,-0.544218
Bearing A,2.193,-1.320528
Bearing A,2.194,-1.726644
Bearing A,2.195,-1.801619
Bearing A,2.196,-1.126175
Bearing A,2.197,-0.35778
Bearing A,2.198,-0.347391
Bearing A,2.199,0.254607
Bearing A,2.2,0.410413
Bearing A,2.201,0.654235
Bearing A,2.202,0.695932
Bearing A,2.203,1.033708
Bearing A,2.204,0.653749
Bearing A,2.205,0.625605
Bearing A,2.206,0.415445
Bearing A,2.207,-0.112186
Bearing A,2.208,0.501063
Bearing A,2.209,0.77576
Bearing A,2.21,0.690112
Bearing A,2.211,0.313057
Bearing A,2.212,-0.263244
Bearing A,2.213,-0.94291
Bearing A,2.214,-1.252877
Bearing A,2.215,-1.39217
Bearing A,2.216,-1.233694
Bearing A,2.217,-0.660424
Bearing A,2.218,-0.10969
Bearing A,2.219,-0.19881
Bearing A,2.22,-0.011121
Bearing A,2.221,0.248408
Bearing A,2.222,0.4205
Bearing A,2.223,0.926799
Bearing A,2.224,0.772958
Bearing A,2.225,0.930332
Bearing A,2.226,0.42475
Bearing A,2.227,-0.280148
Bearing A,2.228,0.114857
Bearing A,2.229,0.495405
Bearing A,2.23,0.557483
Bearing A,2.231,0.511209
Bearing A,2.232,-0.416566
Bearing A,2.233,-1.587595
Bearing A,2.234,-2.280688
Bearing A,2.235,-2.187106
Bearing A,2.236,-1.836717
Bearing A,2.237,-1.095515
Bearing A,2.238,-0.266051
Bearing A,2.239,-0.146591
Bearing A,2.24,-0.112769
Bearing A,2.241,-0.178455
Bearing A,2.242,-0.127547
Bearing A,2.243,0.231551
Bearing A,2.244,0.70611
Bearing A,2.245,0.182363
Bearing A,2.246,0.01921
Bearing A,2.247,0.29697
Bearing A,2.248,0.115449
Bearing A,2.249,0.296131
Bearing A,2.25,0.342902
Bearing A,2.251,-0.123611
Bearing A,2.252,-0.620581
Bearing A,2.253,-1.591022
Bearing A,2.254,-2.048669
Bearing A,2.255,-2.052474
Bearing A,2.256,-1.666064
Bearing A,2.257,-1.092624
Bearing A,2.258,-0.608847
Bearing A,2.259,-0.22308
Bearing A,2.26,-0.223757
Bearing A,2.261,-0.440052
Bearing A,2.262,-0.029133
Bearing A,2.263,0.682544
Bearing A,2.264,0.614202
Bearing A,2.265,0.684009
Bearing A,2.266,0.204847
Bearing A,2.267,0.215971
Bearing A,2.268,0.694574
Bearing A,2.269,0.51405
Bearing A,2.27,0.371365
Bearing A,2.271,0.119362
Bearing A,2.272,-0.864673
Bearing A,2.273,-1.181914
Bearing A,2.274,-1.556178
Bearing A,2.275,-2.040362
Bearing A,2.276,-1.644611
Bearing A,2.277,-1.137085
Bearing A,2.278,-0.549391
Bearing A,2.279,-0.22553
Bearing A,2.28,0.25632
Bearing A,2.281,0.250604
Bearing A,2.282,0.357395
Bearing A,2.283,0.386763
Bearing A,2.284,0.884375
Bearing A,2.285,0.622916
Bearing A,2.286,0.3619
Bearing A,2.287,-0.005494
Bearing A,2.288,0.184244
Bearing A,2.289,0.277358
Bearing A,2.29,0.016673
Bearing A,2.291,-0.171458
Bearing A,2.292,-0.734801
Bearing A,2.293,-1.653404
Bearing A,2.294,-2.220235
Bearing A,2.295,-1.844279
Bearing A,2.296,-1.524205
Bearing A,2.297,-0.80551
Bearing A,2.298,-0.095821
Bearing A,2.299,-0.527329
Bearing A,2.3,-0.181038
Bearing A,2.301,0.120348
Bearing A,2.302,0.354074
Bearing A,2.303,0.699495
Bearing A,2.304,0.836083
Bearing A,2.305,0.783329
Bearing A,2.306,0.25723
Bearing A,2.307,0.10833
Bearing A,2.308,0.679069
Bearing A,2.309,0.667521
Bearing A,2.31,0.453373
Bearing A,2.311,0.81547
Bearing A,2.312,0.009426
Bearing A,2.313,-1.134205
Bearing A,2.314,-1.460617
Bearing A,2.315,-1.466386
Bearing A,2.316,-1.20142
Bearing A,2.317,-0.475368
Bearing A,2.318,0.141657
Bearing A,2.319,0.721084
Bearing A,2.32,0.606899
Bearing A,2.321,0.705868
Bearing A,2.322,0.897111
Bearing A,2.323,0.950115
Bearing A,2.324,0.63773
Bearing A,2.325,0.654272
Bearing A,2.326,0.617143
Bearing A,2.327,0.334014
Bearing A,2.328,0.337914
Bearing A,2.329,0.150121
Bearing A,2.33,0.421567
Bearing A,2.331,0.480118
Bearing A,2.332,0.022704
Bearing A,2.333,-1.088586
Bearing A,2.334,-1.26689
Bearing A,2.335,-1.259831
Bearing A,2.336,-0.850216
Bearing A,2.337,-0.490201
Bearing A,2.338,0.209728
Bearing A,2.339,0.474444
Bearing A,2.34,0.372769
Bearing A,2.341,0.794701
Bearing A,2.342,0.854634
Bearing A,2.343,0.991762
Bearing A,2.344,0.822005
Bearing A,2.345,0.86252
Bearing A,2.346,0.616356
Bearing A,2.347,0.501154
Bearing A,2.348,0.594584
Bearing A,2.349,0.673072
Bearing A,2.35,0.835299
Bearing A,2.351,0.551469
Bearing A,2.352,-0.290076
Bearing A,2.353,-0.751953
Bearing A,2.354,-1.10251
Bearing A,2.355,-1.401113
Bearing A,2.356,-0.864445
Bearing A,2.357,-0.308393
Bearing A,2.358,0.262621
Bearing A,2.359,0.594403
Bearing A,2.36,0.999759
Bearing A,2.361,0.864279
Bearing A,2.362,1.016054
Bearing A,2.363,1.204587
Bearing A,2.364,1.354273
Bearing A,2.365,1.174968
Bearing A,2.366,1.028871
Bearing A,2.367,0.729516
Bearing A,2.368,0.888225
Bearing A,2.369,0.926457
Bearing A,2.37,1.050459
Bearing A,2.371,0.902812
Bearing A,2.372,0.323178
Bearing A,2.373,-0.728674
Bearing A,2.374,-1.401951
Bearing A,2.375,-1.025114
Bearing A,2.376,-0.713945
Bearing A,2.377,-0.254428
Bearing A,2.378,0.037217
Bearing A,2.379,0.681799
Bearing A,2.38,1.088942
Bearing A,2.381,1.199007
Bearing A,2.382,0.708243
Bearing A,2.383,1.140843
Bearing A,2.384,1.268865
Bearing A,2.385,1.075754
Bearing A,2.386,0.75147
Bearing A,2.387,0.477254
Bearing A,2.388,0.349548
Bearing A,2.389,0.773402
Bearing A,2.39,0.763585
Bearing A,2.391,0.47224
Bearing A,2.392,-0.290735
Bearing A,2.393,-1.176674
Bearing A,2.394,-1.620535
Bearing A,2.395,-1.378131
Bearing A,2.396,-1.016322
Bearing A,2.397,-0.259749
Bearing A,2.398,-0.270328
Bearing A,2.399,0.386656
Bearing A,2.4,0.251829
Bearing A,2.401,0.674121
Bearing A,2.402,0.560257
Bearing A,2.403,1.120254
Bearing A,2.404,0.669355
Bearing A,2.405,0.605727
Bearing A,2.406,0.36995
Bearing A,2.407,0.089555
Bearing A,2.408,0.726126
Bearing A,2.409,0.900205
Bearing A,2.41,1.067419
Bearing A,2.411,0.656315
Bearing A,2.412,0.220211
Bearing A,2.413,-0.024314
Bearing A,2.414,-0.873327
Bearing A,2.415,-1.123317
Bearing A,2.416,-0.503874
Bearing A,2.417,0.223508
Bearing A,2.418,0.712054
Bearing A,2.419,0.777884
Bearing A,2.42,0.91169
Bearing A,2.421,0.926786
Bearing A,2.422,1.450301
Bearing A,2.423,1.478177
Bearing A,2.424,1.396993
Bearing A,2.425,1.356997
Bearing A,2.426,1.332194
Bearing A,2.427,1.346135
Bearing A,2.428,1.253153
Bearing A,2.429,1.473987
Bearing A,2.43,1.030598
Bearing A,2.431,0.628594
Bearing A,2.432,0.197984
Bearing A,2.433,-0.511088
Bearing A,2.434,-0.982392
Bearing A,2.435,-1.001609
Bearing A,2.436,-0.433254
Bearing A,2.437,-0.212371
Bearing A,2.438,0.674116
Bearing A,2.439,0.767522
Bearing A,2.44,0.977682
Bearing A,2.441,1.250974
Bearing A,2.442,1.047492
Bearing A,2.443,1.285112
Bearing A,2.444,1.398457
Bearing A,2.445,1.23157
Bearing A,2.446,0.806233
Bearing A,2.447,0.569624
Bearing A,2.448,0.378931
Bearing A,2.449,0.927897
Bearing A,2.45,1.142618
Bearing A,2.451,0.871163
Bearing A,2.452,0.163466
Bearing A,2.453,-0.627905
Bearing A,2.454,-1.197744
Bearing A,2.455,-1.2594
Bearing A,2.456,-1.027066
Bearing A,2.457,-0.471659
Bearing A,2.458,0.295236
Bearing A,2.459,0.780347
Bearing A,2.46,0.568616
Bearing A,2.461,0.720629
Bearing A,2.462,1.056825
Bearing A,2.463,1.134456
Bearing A,2.464,1.236753
Bearing A,2.465,1.206616
Bearing A,2.466,1.069576
Bearing A,2.467,0.736825
Bearing A,2.468,0.945336
Bearing A,2.469,0.949818
Bearing A,2.47,1.251289
Bearing A,2.471,0.607609
Bearing A,2.472,-0.30233
Bearing A,2.473,-1.016942
Bearing A,2.474,-1.471211
Bearing A,2.475,-1.549916
Bearing A,2.476,-1.063737
Bearing A,2.477,-0.580793
Bearing A,2.478,-0.190922
Bearing A,2.479,0.434334
Bearing A,2.48,0.658283
Bearing A,2.481,0.951627
Bearing A,2.482,1.381967
Bearing A,2.483,1.500662
Bearing A,2.484,1.371154
Bearing A,2.485,1.165209
Bearing A,2.486,0.859806
Bearing A,2.487,0.346188
Bearing A,2.488,0.320295
Bearing A,2.489,0.624972
Bearing A,2.49,0.59319
Bearing A,2.491,0.242713
Bearing A,2.492,-0.351187
Bearing A,2.493,-0.801694
Bearing A,2.494,-1.082265
Bearing A,2.495,-1.445358
Bearing A,2.496,-1.162597
Bearing A,2.497,-0.337419
Bearing A,2.498,0.06705
Bearing A,2.499,0.252141
Bearing A,2.5,0.422711
Bearing A,2.501,0.767195
Bearing A,2.502,0.980423
Bearing A,2.503,1.191335
Bearing A,2.504,1.040211
Bearing A,2.505,1.358253
Bearing A,2.506,1.033692
Bearing A,2.507,0.641041
Bearing A,2.508,0.780822
Bearing A,2.509,1.120412
Bearing A,2.51,0.984801
Bearing A,2.511,0.648292
Bearing A,2.512,0.117079
Bearing A,2.513,-1.015446
Bearing A,2.514,-1.236323
Bearing A,2.515,-1.262041
Bearing A,2.516,-1.040079
Bearing A,2.517,-0.193159
Bearing A,2.518,0.770836
Bearing A,2.519,0.768787
Bearing A,2.52,1.049039
Bearing A,2.521,1.350367
Bearing A,2.522,1.244372
Bearing A,2.523,1.310838
Bearing A,2.524,1.523235
Bearing A,2.525,1.411838
Bearing A,2.526,1.27845
Bearing A,2.527,0.891647
Bearing A,2.528,1.079856
Bearing A,2.529,1.025363
Bearing A,2.53,1.660936
Bearing A,2.531,1.146418
Bearing A,2.532,-0.00639
Bearing A,2.533,-0.482144
Bearing A,2.534,-1.296295
Bearing A,2.535,-0.959098
Bearing A,2.536,-0.612941
Bearing A,2.537,-0.002838
Bearing A,2.538,0.852909
Bearing A,2.539,1.028138
Bearing A,2.54,0.824215
Bearing A,2.541,0.845757
Bearing A,2.542,1.117936
Bearing A,2.543,1.426042
Bearing A,2.544,1.226205
Bearing A,2.545,1.270073
Bearing A,2.546,0.715931
Bearing A,2.547,0.291532
Bearing A,2.548,0.284336
Bearing A,2.549,0.383751
Bearing A,2.55,0.517416
Bearing A,2.551,0.550519
Bearing A,2.552,-0.019137
Bearing A,2.553,-0.837461
Bearing A,2.554,-1.08015
Bearing A,2.555,-1.284169
Bearing A,2.556,-0.887647
Bearing A,2.557,-0.625518
Bearing A,2.558,-0.154114
Bearing A,2.559,0.385724
Bearing A,2.56,0.519365
Bearing A,2.561,0.808113
Bearing A,2.562,0.749463
Bearing A,2.563,0.832291
Bearing A,2.564,0.708401
Bearing A,2.565,0.972939
Bearing A,2.566,0.56098
Bearing A,2.567,0.374124
Bearing A,2.568,0.643837
Bearing A,2.569,0.637799
Bearing A,2.57,0.463399
Bearing A,2.571,0.049632
Bearing A,2.572,-0.445197
Bearing A,2.573,-1.018626
Bearing A,2.574,-1.50927
Bearing A,2.575,-1.929521
Bearing A,2.576,-1.467011
Bearing A,2.577,-0.335685
Bearing A,2.578,0.012727
Bearing A,2.579,0.488532
Bearing A,2.58,0.54358
Bearing A,2.581,0.705034
Bearing A,2.582,0.742498
Bearing A,2.583,0.921831
Bearing A,2.584,1.071754
Bearing A,2.585,0.863215
Bearing A,2.586,0.325604
Bearing A,2.587,0.254102
Bearing A,2.588,0.273873
Bearing A,2.589,0.700849
Bearing A,2.59,0.607705
Bearing A,2.591,0.075605
Bearing A,2.592,-0.635435
Bearing A,2.593,-1.359769
Bearing A,2.594,-1.77117
Bearing A,2.595,-1.764176
Bearing A,2.596,-1.362538
Bearing A,2.597,-1.007993
Bearing A,2.598,-0.399308
Bearing A,2.599,0.147313
Bearing A,2.6,0.229051
Bearing A,2.601,0.279394
Bearing A,2.602,0.651364
Bearing A,2.603,0.814297
Bearing A,2.604,0.753733
Bearing A,2.605,0.725295
Bearing A,2.606,0.403756
Bearing A,2.607,0.11994
Bearing A,2.608,0.329982
Bearing A,2.609,0.747778
Bearing A,2.61,0.84217
Bearing A,2.611,0.458088
Bearing A,2.612,-0.035383
Bearing A,2.613,-0.759523
Bearing A,2.614,-1.428314
Bearing A,2.615,-2.062416
Bearing A,2.616,-1.357892
Bearing A,2.617,-0.799
Bearing A,2.618,-0.377734
Bearing A,2.619,-0.11295
Bearing A,2.62,0.038402
Bearing A,2.621,0.114142
Bearing A,2.622,0.286257
Bearing A,2.623,0.271606
Bearing A,2.624,0.899599
Bearing A,2.625,0.9808
Bearing A,2.626,0.602939
Bearing A,2.627,0.137936
Bearing A,2.628,0.20518
Bearing A,2.629,0.385924
Bearing A,2.63,0.332291
Bearing A,2.631,0.21764
Bearing A,2.632,-0.211419
Bearing A,2.633,-1.284953
Bearing A,2.634,-1.704077
Bearing A,2.635,-1.760697
Bearing A,2.636,-1.325155
Bearing A,2.637,-0.555136
Bearing A,2.638,-0.023032
Bearing A,2.639,-0.085241
Bearing A,2.64,0.274507
Bearing A,2.641,0.500954
Bearing A,2.642,0.759744
Bearing A,2.643,0.887387
Bearing A,2.644,0.840789
Bearing A,2.645,0.713377
Bearing A,2.646,0.8598
Bearing A,2.647,0.36926
Bearing A,2.648,0.307738
Bearing A,2.649,0.498817
Bearing A,2.65,0.353891
Bearing A,2.651,-0.024434
Bearing A,2.652,-0.147837
Bearing A,2.653,-1.166295
Bearing A,2.654,-1.558013
Bearing A,2.655,-2.020613
Bearing A,2.656,-1.157622
Bearing A,2.657,-0.497196
Bearing A,2.658,-0.256409
Bearing A,2.659,0.102526
Bearing A,2.66,0.135915
Bearing A,2.661,0.126208
Bearing A,2.662,0.485046
Bearing A,2.663,0.729799
Bearing A,2.664,1.133769
Bearing A,2.665,0.776843
Bearing A,2.666,0.861433
Bearing A,2.667,0.314995
Bearing A,2.668,0.538991
Bearing A,2.669,0.49935
Bearing A,2.67,0.599192
Bearing A,2.671,0.490422
Bearing A,2.672,-0.256749
Bearing A,2.673,-1.263352
Bearing A,2.674,-1.696029
Bearing A,2.675,-1.708278
Bearing A,2.676,-1.380288
Bearing A,2.677,-0.69118
Bearing A,2.678,-0.007048
Bearing A,2.679,0.193391
Bearing A,2.68,0.537446
Bearing A,2.681,0.960906
Bearing A,2.682,0.744248
Bearing A,2.683,0.93138
Bearing A,2.684,1.32811
Bearing A,2.685,0.911539
Bearing A,2.686,0.553061
Bearing A,2.687,0.328497
Bearing A,2.688,0.625191
Bearing A,2.689,0.523012
Bearing A,2.69,0.795813
Bearing A,2.691,0.218527
Bearing A,2.692,-0.122765
Bearing A,2.693,-1.073123
Bearing A,2.694,-1.575496
Bearing A,2.695,-1.703986
Bearing A,2.696,-1.624252
Bearing A,2.697,-0.79458
Bearing A,2.698,-0.03067
Bearing A,2.699,0.030505
Bearing A,2.7,0.047776
Bearing A,2.701,0.225625
Bearing A,2.702,0.683544
Bearing A,2.703,0.747305
Bearing A,2.704,0.936426
Bearing A,2.705,0.519265
Bearing A,2.706,0.49754
Bearing A,2.707,0.277845
Bearing A,2.708,0.569946
Bearing A,2.709,0.636516
Bearing A,2.71,0.707096
Bearing A,2.711,0.190279
Bearing A,2.712,-0.555554
Bearing A,2.713,-1.007226
Bearing A,2.714,-1.647963
Bearing A,2.715,-1.652145
Bearing A,2.716,-1.036307
Bearing A,2.717,-0.752027
Bearing A,2.718,-0.079404
Bearing A,2.719,0.189892
Bearing A,2.72,0.440626
Bearing A,2.721,0.365542
Bearing A,2.722,0.689768
Bearing A,2.723,0.834302
Bearing A,2.724,0.663692
Bearing A,2.725,0.568698
Bearing A,2.726,0.48548
Bearing A,2.727,0.982357
Bearing A,2.728,0.884296
Bearing A,2.729,0.997463
Bearing A,2.73,0.974159
Bearing A,2.731,0.467113
Bearing A,2.732,-0.158108
Bearing A,2.733,-0.979433
Bearing A,2.734,-1.882106
Bearing A,2.735,-1.595699
Bearing A,2.736,-1.070032
Bearing A,2.737,-0.328761
Bearing A,2.738,-0.050132
Bearing A,2.739,0.099271
Bearing A,2.74,-0.02455
Bearing A,2.741,0.445111
Bearing A,2.742,0.871836
Bearing A,2.743,1.082608
Bearing A,2.744,1.206263
Bearing A,2.745,1.164187
Bearing A,2.746,0.72195
Bearing A,2.747,0.490144
Bearing A,2.748,0.508296
Bearing A,2.749,0.616496
Bearing A,2.75,0.416021
Bearing A,2.751,-0.110808
Bearing A,2.752,-0.512812
Bearing A,2.753,-1.547161
Bearing A,2.754,-2.048646
Bearing A,2.755,-1.789109
Bearing A,2.756,-1.368928
Bearing A,2.757,-0.633832
Bearing A,2.758,-0.286114
Bearing A,2.759,-0.422559
Bearing A,2.76,-0.338722
Bearing A,2.761,0.215737
Bearing A,2.762,0.632873
Bearing A,2.763,0.715583
Bearing A,2.764,0.905901
Bearing A,2.765,0.615421
Bearing A,2.766,0.149608
Bearing A,2.767,0.058551
Bearing A,2.768,0.281877
Bearing A,2.769,0.818262
Bearing A,2.77,0.84865
Bearing A,2.771,0.185685
Bearing A,2.772,-0.53023
Bearing A,2.773,-1.010878
Bearing A,2.774,-1.812647
Bearing A,2.775,-1.697515
Bearing A,2.776,-1.314363
Bearing A,2.777,-0.733233
Bearing A,2.778,0.111978
Bearing A,2.779,0.306892
Bearing A,2.78,0.663366
Bearing A,2.781,0.748495
Bearing A,2.782,1.257958
Bearing A,2.783,1.492306
Bearing A,2.784,1.279483
Bearing A,2.785,1.159585
Bearing A,2.786,0.494896
Bearing A,2.787,0.877475
Bearing A,2.788,0.899227
Bearing A,2.789,1.185935
Bearing A,2.79,1.037631
Bearing A,2.791,0.82021
Bearing A,2.792,0.406481
Bearing A,2.793,-0.723838
Bearing A,2.794,-1.125994
Bearing A,2.795,-1.7365
Bearing A,2.796,-1.295898
Bearing A,2.797,-0.549479
Bearing A,2.798,-0.225726
Bearing A,2.799,0.183387
Bearing A,2.8,0.429467
Bearing A,2.801,0.540616
Bearing A,2.802,0.913114
Bearing A,2.803,1.114792
Bearing A,2.804,1.20154
Bearing A,2.805,1.046085
Bearing A,2.806,0.905681
Bearing A,2.807,0.827359
Bearing A,2.808,0.947544
Bearing A,2.809,1.037943
Bearing A,2.81,1.328748
Bearing A,2.811,0.980809
Bearing A,2.812,-0.314406
Bearing A,2.813,-0.866846
Bearing A,2.814,-1.338912
Bearing A,2.815,-1.214197
Bearing A,2.816,-0.80491
Bearing A,2.817,-0.336774
Bearing A,2.818,0.15858
Bearing A,2.819,0.201465
Bearing A,2.82,0.295898
Bearing A,2.821,0.392296
Bearing A,2.822,0.640687
Bearing A,2.823,0.511347
Bearing A,2.824,1.390239
Bearing A,2.825,1.178308
Bearing A,2.826,0.624793
Bearing A,2.827,0.295957
Bearing A,2.828,0.606547
Bearing A,2.829,0.777609
Bearing A,2.83,0.703408
Bearing A,2.831,0.27414
Bearing A,2.832,0.048578
Bearing A,2.833,-0.782016
Bearing A,2.834,-1.518103
Bearing A,2.835,-1.594306
Bearing A,2.836,-1.363893
Bearing A,2.837,-0.608664
Bearing A,2.838,0.149934
Bearing A,2.839,-0.066555
Bearing A,2.84,0.132177
Bearing A,2.841,0.085047
Bearing A,2.842,0.932369
Bearing A,2.843,0.490823
Bearing A,2.844,0.286468
Bearing A,2.845,0.17578
Bearing A,2.846,0.000629
Bearing A,2.847,-0.221713
Bearing A,2.848,0.213357
Bearing A,2.849,0.368264
Bearing A,2.85,0.143054
Bearing A,2.851,0.109643
Bearing A,2.852,-0.685935
Bearing A,2.853,-1.321518
Bearing A,2.854,-1.761959
Bearing A,2.855,-1.722294
Bearing A,2.856,-1.650562
Bearing A,2.857,-0.781924
Bearing A,2.858,-0.560123
Bearing A,2.859,-0.129084
Bearing A,2.86,0.341106
Bearing A,2.861,0.562293
Bearing A,2.862,0.504881
Bearing A,2.863,0.893308
Bearing A,2.864,0.90795
Bearing A,2.865,0.273931
Bearing A,2.866,0.24601
Bearing A,2.867,0.326049
Bearing A,2.868,0.129742
Bearing A,2.869,0.217624
Bearing A,2.87,0.379941
Bearing A,2.871,0.206198
Bearing A,2.872,-0.353525
Bearing A,2.873,-0.92789
Bearing A,2.874,-1.350329
Bearing A,2.875,-1.655717
Bearing A,2.876,-1.239214
Bearing A,2.877,-0.002722
Bearing A,2.878,0.549528
Bearing A,2.879,0.586198
Bearing A,2.88,0.483492
Bearing A,2.881,0.740063
Bearing A,2.882,0.678606
Bearing A,2.883,0.755653
Bearing A,2.884,0.835927
Bearing A,2.885,0.659162
Bearing A,2.886,0.602145
Bearing A,2.887,0.554941
Bearing A,2.888,0.499106
Bearing A,2.889,0.78353
Bearing A,2.89,0.643412
Bearing A,2.891,0.485323
Bearing A,2.892,-0.123355
Bearing A,2.893,-0.675719
Bearing A,2.894,-1.325942
Bearing A,2.895,-1.778111
Bearing A,2.896,-1.148711
Bearing A,2.897,-0.768106
Bearing A,2.898,0.00515
Bearing A,2.899,-0.021313
Bearing A,2.9,0.558878
Bearing A,2.901,0.481831
Bearing A,2.902,0.859013
Bearing A,2.903,0.921673
Bearing A,2.904,0.694882
Bearing A,2.905,0.411625
Bearing A,2.906,0.110466
Bearing A,2.907,0.207161
Bearing A,2.908,0.263188
Bearing A,2.909,0.509516
Bearing A,2.91,0.280102
Bearing A,2.911,-0.022293
Bearing A,2.912,-0.517071
Bearing A,2.913,-1.075563
Bearing A,2.914,-1.855019
Bearing A,2.915,-1.735368
Bearing A,2.916,-1.428783
Bearing A,2.917,-0.730547
Bearing A,2.918,-0.129644
Bearing A,2.919,0.049448
Bearing A,2.92,0.155542
Bearing A,2.921,0.417646
Bearing A,2.922,0.822066
Bearing A,2.923,0.704568
Bearing A,2.924,0.743163
Bearing A,2.925,0.768508
Bearing A,2.926,0.344474
Bearing A,2.927,0.224806
Bearing A,2.928,0.076608
Bearing A,2.929,0.701873
Bearing A,2.93,0.59624
Bearing A,2.931,0.573349
Bearing A,2.932,-0.378457
Bearing A,2.933,-1.318681
Bearing A,2.934,-1.622736
Bearing A,2.935,-1.756239
Bearing A,2.936,-1.216945
Bearing A,2.937,-0.807528
Bearing A,2.938,-0.139711
Bearing A,2.939,0.485352
Bearing A,2.94,0.662987
Bearing A,2.941,0.414123
Bearing A,2.942,0.649337
Bearing A,2.943,1.250249
Bearing A,2.944,1.060374
Bearing A,2.945,0.865205
Bearing A,2.946,0.666944
Bearing A,2.947,0.421561
Bearing A,2.948,0.360553
Bearing A,2.949,0.527573
Bearing A,2.95,0.736284
Bearing A,2.951,0.382082
Bearing A,2.952,-0.336547
Bearing A,2.953,-0.927595
Bearing A,2.954,-1.523711
Bearing A,2.955,-1.854138
Bearing A,2.956,-1.36165
Bearing A,2.957,-0.711894
Bearing A,2.958,-0.109889
Bearing A,2.959,0.327312
Bearing A,2.96,-0.093417
Bearing A,2.961,0.126586
Bearing A,2.962,0.492568
Bearing A,2.963,0.58204
Bearing A,2.964,0.72588
Bearing A,2.965,0.250053
Bearing A,2.966,0.209918
Bearing A,2.967,0.3165
Bearing A,2.968,0.231088
Bearing A,2.969,0.322373
Bearing A,2.97,0.656882
Bearing A,2.971,0.412022
Bearing A,2.972,-0.172999
Bearing A,2.973,-0.918686
Bearing A,2.974,-1.822483
Bearing A,2.975,-1.706681
Bearing A,2.976,-1.060815
Bearing A,2.977,-0.443997
Bearing A,2.978,0.176221
Bearing A,2.979,0.198447
Bearing A,2.98,0.528169
Bearing A,2.981,0.490683
Bearing A,2.982,0.976391
Bearing A,2.983,0.975631
Bearing A,2.984,1.071575
Bearing A,2.985,0.651075
Bearing A,2.986,0.620995
Bearing A,2.987,0.971896
Bearing A,2.988,0.779757
Bearing A,2.989,0.732307
Bearing A,2.99,0.96252
Bearing A,2.991,0.905066
Bearing A,2.992,-0.0212
Bearing A,2.993,-0.984852
Bearing A,2.994,-1.311838
Bearing A,2.995,-1.598487
Bearing A,2.996,-1.037391
Bearing A,2.997,-0.431176
Bearing A,2.998,0.25901
Bearing A,2.999,0.367286
Bearing A,3.0,0.272732
Bearing A,3.001,0.679327
Bearing A,3.002,0.820137
Bearing A,3.003,0.974028
Bearing A,3.004,0.923972
Bearing A,3.005,1.219515
Bearing A,3.006,0.772979
Bearing A,3.007,0.423009
Bearing A,3.008,0.821201
Bearing A,3.009,0.809658
Bearing A,3.01,0.69564
Bearing A,3.011,0.284817
Bearing A,3.012,-0.135015
Bearing A,3.013,-0.548405
Bearing A,3.014,-0.978134
Bearing A,3.015,-1.413427
Bearing A,3.016,-0.978513
Bearing A,3.017,-0.665417
Bearing A,3.018,0.018138
Bearing A,3.019,0.353658
Bearing A,3.02,0.747671
Bearing A,3.021,0.684213
Bearing A,3.022,1.090335
Bearing A,3.023,1.023451
Bearing A,3.024,1.091071
Bearing A,3.025,0.903562
Bearing A,3.026,0.371884
Bearing A,3.027,0.198807
Bearing A,3.028,0.223049
Bearing A,3.029,0.418862
Bearing A,3.03,0.746054
Bearing A,3.031,0.402815
Bearing A,3.032,0.047247
Bearing A,3.033,-0.584872
Bearing A,3.034,-1.216207
Bearing A,3.035,-1.261196
Bearing A,3.036,-0.927631
Bearing A,3.037,-0.458771
Bearing A,3.038,0.261451
Bearing A,3.039,0.480634
Bearing A,3.04,0.575301
Bearing A,3.041,0.53379
Bearing A,3.042,0.797176
Bearing A,3.043,1.003904
Bearing A,3.044,1.441483
Bearing A,3.045,1.231373
Bearing A,3.046,1.17119
Bearing A,3.047,0.553809
Bearing A,3.048,0.433166
Bearing A,3.049,0.784407
Bearing A,3.05,0.959653
Bearing A,3.051,0.982024
Bearing A,3.052,0.198884
Bearing A,3.053,-0.532581
Bearing A,3.054,-1.312263
Bearing A,3.055,-1.13632
Bearing A,3.056,-0.918246
Bearing A,3.057,-0.148896
Bearing A,3.058,0.490802
Bearing A,3.059,0.008811
Bearing A,3.06,0.477282
Bearing A,3.061,0.834683
Bearing A,3.062,1.100387
Bearing A,3.063,1.024604
Bearing A,3.064,1.210155
Bearing A,3.065,1.129156
Bearing A,3.066,0.74148
Bearing A,3.067,0.647131
Bearing A,3.068,0.70854
Bearing A,3.069,0.888909
Bearing A,3.07,1.031101
Bearing A,3.071,0.950798
Bearing A,3.072,0.27066
Bearing A,3.073,-0.897973
Bearing A,3.074,-1.322213
Bearing A,3.075,-1.226616
Bearing A,3.076,-0.769612
Bearing A,3.077,-0.517302
Bearing A,3.078,-0.358442
Bearing A,3.079,0.123237
Bearing A,3.08,0.432556
Bearing A,3.081,0.734663
Bearing A,3.082,1.272447
Bearing A,3.083,0.999891
Bearing A,3.084,1.037879
Bearing A,3.085,0.921242
Bearing A,3.086,0.797699
Bearing A,3.087,0.568697
Bearing A,3.088,0.542051
Bearing A,3.089,0.775964
Bearing A,3.09,0.524121
Bearing A,3.091,0.398705
Bearing A,3.092,-0.200457
Bearing A,3.093,-0.968694
Bearing A,3.094,-1.076897
Bearing A,3.095,-1.32062
Bearing A,3.096,-1.072273
Bearing A,3.097,-0.562852
Bearing A,3.098,-0.12772
Bearing A,3.099,0.287973
Bearing A,3.1,0.336409
Bearing A,3.101,0.498884
Bearing A,3.102,0.662378
Bearing A,3.103,0.957404
Bearing A,3.104,0.716726
Bearing A,3.105,0.527331
Bearing A,3.106,0.800722
Bearing A,3.107,0.357934
Bearing A,3.108,0.835084
Bearing A,3.109,0.915705
Bearing A,3.11,0.98761
Bearing A,3.111,0.811836
Bearing A,3.112,-0.357243
Bearing A,3.113,-1.047916
Bearing A,3.114,-1.455266
Bearing A,3.115,-1.344778
Bearing A,3.116,-0.846212
Bearing A,3.117,-0.190857
Bearing A,3.118,0.043468
Bearing A,3.119,0.501964
Bearing A,3.12,0.444084
Bearing A,3.121,0.495247
Bearing A,3.122,0.855707
Bearing A,3.123,1.70578
Bearing A,3.124,1.27057
Bearing A,3.125,1.187188
Bearing A,3.126,0.809637
Bearing A,3.127,0.669625
Bearing A,3.128,0.837544
Bearing A,3.129,1.012975
Bearing A,3.13,0.990445
Bearing A,3.131,0.432096
Bearing A,3.132,-0.242077
Bearing A,3.133,-0.984702
Bearing A,3.134,-1.130913
Bearing A,3.135,-1.260147
Bearing A,3.136,-0.993184
Bearing A,3.137,-0.363025
Bearing A,3.138,0.104074
Bearing A,3.139,0.419266
Bearing A,3.14,0.4518
Bearing A,3.141,0.204681
Bearing A,3.142,0.70953
Bearing A,3.143,0.672263
Bearing A,3.144,1.308154
Bearing A,3.145,0.914463
Bearing A,3.146,1.032167
Bearing A,3.147,1.164516
Bearing A,3.148,1.285908
Bearing A,3.149,1.198242
Bearing A,3.15,0.972633
Bearing A,3.151,0.70396
Bearing A,3.152,-0.067937
Bearing A,3.153,-0.962914
Bearing A,3.154,-1.66907
Bearing A,3.155,-1.586141
Bearing A,3.156,-1.207151
Bearing A,3.157,-0.561945
Bearing A,3.158,-0.228366
Bearing A,3.159,-0.23048
Bearing A,3.16,-0.20327
Bearing A,3.161,-0.247649
Bearing A,3.162,-0.017752
Bearing A,3.163,0.506367
Bearing A,3.164,0.209689
Bearing A,3.165,-0.058794
Bearing A,3.166,0.205909
Bearing A,3.167,-0.070136
Bearing A,3.168,-0.04231
Bearing A,3.169,0.068045
Bearing A,3.17,0.41709
Bearing A,3.171,-0.16298
Bearing A,3.172,-0.700918
Bearing A,3.173,-1.632913
Bearing A,3.174,-1.87581
Bearing A,3.175,-2.125933
Bearing A,3.176,-1.556464
Bearing A,3.177,-1.075714
Bearing A,3.178,-0.275603
Bearing A,3.179,-0.082651
Bearing A,3.18,0.201348
Bearing A,3.181,0.360857
Bearing A,3.182,0.802354
Bearing A,3.183,0.942906
Bearing A,3.184,0.984598
Bearing A,3.185,0.673534
Bearing A,3.186,0.610784
Bearing A,3.187,0.471505
Bearing A,3.188,0.111256
Bearing A,3.189,0.534752
Bearing A,3.19,0.858841
Bearing A,3.191,-0.014427
Bearing A,3.192,-0.724164
Bearing A,3.193,-1.267019
Bearing A,3.194,-1.911414
Bearing A,3.195,-2.026052
Bearing A,3.196,-1.37695
Bearing A,3.197,-0.710809
Bearing A,3.198,-0.082449
Bearing A,3.199,0.001744
Bearing A,3.2,0.442851
Bearing A,3.201,0.36993
Bearing A,3.202,0.660335
Bearing A,3.203,0.847992
Bearing A,3.204,1.027205
Bearing A,3.205,0.903082
Bearing A,3.206,0.847771
Bearing A,3.207,0.855077
Bearing A,3.208,0.37824
Bearing A,3.209,0.463099
Bearing A,3.21,0.784427
Bearing A,3.211,0.158158
Bearing A,3.212,-0.45965
Bearing A,3.213,-0.775159
Bearing A,3.214,-1.843951
Bearing A,3.215,-1.94763
Bearing A,3.216,-1.364133
Bearing A,3.217,-0.899722
Bearing A,3.218,-0.363401
Bearing A,3.219,0.179914
Bearing A,3.22,0.05131
Bearing A,3.221,0.343743
Bearing A,3.222,1.028147
Bearing A,3.223,0.757068
Bearing A,3.224,1.079319
Bearing A,3.225,0.88343
Bearing A,3.226,0.533766
Bearing A,3.227,0.859809
Bearing A,3.228,0.910837
Bearing A,3.229,0.675989
Bearing A,3.23,0.762264
Bearing A,3.231,0.511761
Bearing A,3.232,-0.129245
Bearing A,3.233,-1.141307
Bearing A,3.234,-1.572239
Bearing A,3.235,-1.809528
Bearing A,3.236,-1.09802
Bearing A,3.237,-0.792723
Bearing A,3.238,-0.120759
Bearing A,3.239,0.259715
Bearing A,3.24,0.568929
Bearing A,3.241,0.957775
Bearing A,3.242,1.166456
Bearing A,3.243,1.636241
Bearing A,3.244,1.320897
Bearing A,3.245,0.798955
Bearing A,3.246,0.755993
Bearing A,3.247,0.469494
Bearing A,3.248,0.577208
Bearing A,3.249,0.645186
Bearing A,3.25,0.295501
Bearing A,3.251,0.221815
Bearing A,3.252,-0.322265
Bearing A,3.253,-1.079341
Bearing A,3.254,-1.469711
Bearing A,3.255,-1.98997
Bearing A,3.256,-1.301665
Bearing A,3.257,-0.981454
Bearing A,3.258,-0.174969
Bearing A,3.259,-0.044328
Bearing A,3.26,-0.017956
Bearing A,3.261,0.233995
Bearing A,3.262,0.65482
Bearing A,3.263,0.81752
Bearing A,3.264,0.88351
Bearing A,3.265,0.611267
Bearing A,3.266,0.286801
Bearing A,3.267,0.15293
Bearing A,3.268,0.191276
Bearing A,3.269,0.7086
Bearing A,3.27,0.312963
Bearing A,3.271,-0.038077
Bearing A,3.272,-0.551772
Bearing A,3.273,-1.38707
Bearing A,3.274,-2.077181
Bearing A,3.275,-2.345781
Bearing A,3.276,-1.800522
Bearing A,3.277,-1.151153
Bearing A,3.278,-0.95321
Bearing A,3.279,-0.35536
Bearing A,3.28,-0.372879
Bearing A,3.281,0.079064
Bearing A,3.282,0.130385
Bearing A,3.283,0.523969
Bearing A,3.284,0.6303
Bearing A,3.285,0.47985
Bearing A,3.286,0.097691
Bearing A,3.287,-0.150883
Bearing A,3.288,0.03769
Bearing A,3.289,0.559549
Bearing A,3.29,0.44016
Bearing A,3.291,0.029889
Bearing A,3.292,-0.538017
Bearing A,3.293,-0.935508
Bearing A,3.294,-1.66603
Bearing A,3.295,-1.637727
Bearing A,3.296,-1.150269
Bearing A,3.297,-0.67877
Bearing A,3.298,-0.365694
Bearing A,3.299,-0.385938
Bearing A,3.3,0.259499
Bearing A,3.301,0.245591
Bearing A,3.302,0.590702
Bearing A,3.303,0.783379
Bearing A,3.304,1.173432
Bearing A,3.305,1.013964
Bearing A,3.306,0.63174
Bearing A,3.307,0.700304
Bearing A,3.308,0.30367
Bearing A,3.309,0.528623
Bearing A,3.31,0.371388
Bearing A,3.311,0.124273
Bearing A,3.312,-0.770378
Bearing A,3.313,-1.219161
Bearing A,3.314,-2.019583
Bearing A,3.315,-1.895139
Bearing A,3.316,-1.462543
Bearing A,3.317,-1.018027
Bearing A,3.318,-0.361852
Bearing A,3.319,-0.031709
Bearing A,3.32,0.384862
Bearing A,3.321,0.283222
Bearing A,3.322,0.533572
Bearing A,3.323,0.5179
Bearing A,3.324,0.644789
Bearing A,3.325,0.594429
Bearing A,3.326,0.269854
Bearing A,3.327,-0.232226
Bearing A,3.328,-0.070084
Bearing A,3.329,0.205859
Bearing A,3.33,0.223808
Bearing A,3.331,-0.098802
Bearing A,3.332,-0.565446
Bearing A,3.333,-1.757519
Bearing A,3.334,-2.247586
Bearing A,3.335,-2.271676
Bearing A,3.336,-1.547509
Bearing A,3.337,-1.152499
Bearing A,3.338,-0.914024
Bearing A,3.339,-0.371377
Bearing A,3.34,-0.309925
Bearing A,3.341,-0.151633
Bearing A,3.342,-0.003545
Bearing A,3.343,0.669832
Bearing A,3.344,0.559555
Bearing A,3.345,0.456387
Bearing A,3.346,0.068508
Bearing A,3.347,-0.216519
Bearing A,3.348,0.132858
Bearing A,3.349,0.384981
Bearing A,3.35,0.724234
Bearing A,3.351,0.250564
Bearing A,3.352,-0.618547
Bearing A,3.353,-1.261119
Bearing A,3.354,-2.00766
Bearing A,3.355,-1.970775
Bearing A,3.356,-2.007533
Bearing A,3.357,-1.441621
Bearing A,3.358,-0.628037
Bearing A,3.359,-0.497097
Bearing A,3.36,-0.313043
Bearing A,3.361,-0.087967
Bearing A,3.362,0.541852
Bearing A,3.363,0.659987
Bearing A,3.364,1.057226
Bearing A,3.365,0.633113
Bearing A,3.366,0.42423
Bearing A,3.367,0.431479
Bearing A,3.368,0.281288
Bearing A,3.369,0.482147
Bearing A,3.37,0.540921
Bearing A,3.371,0.395532
Bearing A,3.372,-0.494041
Bearing A,3.373,-1.344
Bearing A,3.374,-1.352614
Bearing A,3.375,-1.453705
Bearing A,3.376,-0.982076
Bearing A,3.377,-0.377356
Bearing A,3.378,0.168763
Bearing A,3.379,-0.165483
Bearing A,3.38,-0.148676
Bearing A,3.381,0.067964
Bearing A,3.382,0.306904
Bearing A,3.383,0.375721
Bearing A,3.384,0.83402
Bearing A,3.385,0.593411
Bearing A,3.386,0.348957
Bearing A,3.387,-0.102774
Bearing A,3.388,0.057699
Bearing A,3.389,0.122952
Bearing A,3.39,0.207881
Bearing A,3.391,0.331445
Bearing A,3.392,-0.253436
Bearing A,3.393,-1.3593
Bearing A,3.394,-2.040172
Bearing A,3.395,-2.200662
Bearing A,3.396,-1.284923
Bearing A,3.397,-0.811054
Bearing A,3.398,-0.391964
Bearing A,3.399,-0.283616
Bearing A,3.4,-0.332418
Bearing A,3.401,0.177026
Bearing A,3.402,0.523765
Bearing A,3.403,0.691566
Bearing A,3.404,0.644805
Bearing A,3.405,0.542354
Bearing A,3.406,0.356948
Bearing A,3.407,0.579936
Bearing A,3.408,0.080752
Bearing A,3.409,0.354839
Bearing A,3.41,0.627773
Bearing A,3.411,0.040839
Bearing A,3.412,-0.659045
Bearing A,3.413,-0.949896
Bearing A,3.414,-1.328045
Bearing A,3.415,-1.516133
Bearing A,3.416,-0.974781
Bearing A,3.417,-0.313224
Bearing A,3.418,0.050539
Bearing A,3.419,0.327376
Bearing A,3.42,0.49429
Bearing A,3.421,0.742761
Bearing A,3.422,0.932408
Bearing A,3.423,0.8856
Bearing A,3.424,0.619379
Bearing A,3.425,0.780958
Bearing A,3.426,0.443951
Bearing A,3.427,0.1365
Bearing A,3.428,0.475434
Bearing A,3.429,0.364319
Bearing A,3.43,0.879235
Bearing A,3.431,0.106209
Bearing A,3.432,-0.848549
Bearing A,3.433,-1.508049
Bearing A,3.434,-2.076009
Bearing A,3.435,-2.077773
Bearing A,3.436,-1.790565
Bearing A,3.437,-0.866427
Bearing A,3.438,-0.320797
Bearing A,3.439,-0.154612
Bearing A,3.44,-0.008416
Bearing A,3.441,-0.165102
Bearing A,3.442,0.363245
Bearing A,3.443,0.529808
Bearing A,3.444,0.301365
Bearing A,3.445,0.148624
Bearing A,3.446,0.358983
Bearing A,3.447,0.168966
Bearing A,3.448,0.283264
Bearing A,3.449,0.392979
Bearing A,3.45,0.461299
Bearing A,3.451,-0.488258
Bearing A,3.452,-0.642978
Bearing A,3.453,-1.27711
Bearing A,3.454,-2.1489
Bearing A,3.455,-1.78709
Bearing A,3.456,-1.402259
Bearing A,3.457,-0.998443
Bearing A,3.458,-0.368896
Bearing A,3.459,0.136172
Bearing A,3.46,-0.071231
Bearing A,3.461,0.175238
Bearing A,3.462,0.583277
Bearing A,3.463,0.706966
Bearing A,3.464,0.846715
Bearing A,3.465,0.679716
Bearing A,3.466,0.630839
Bearing A,3.467,0.526922
Bearing A,3.468,0.500663
Bearing A,3.469,0.668766
Bearing A,3.47,0.803675
Bearing A,3.471,0.449914
Bearing A,3.472,-0.422385
Bearing A,3.473,-1.515201
Bearing A,3.474,-2.093715
Bearing A,3.475,-1.901438
Bearing A,3.476,-1.773306
Bearing A,3.477,-0.6916
Bearing A,3.478,-0.497739
Bearing A,3.479,-0.401203
Bearing A,3.48,-0.201422
Bearing A,3.481,0.030939
Bearing A,3.482,0.740598
Bearing A,3.483,0.758463
Bearing A,3.484,1.188843
Bearing A,3.485,0.879669
Bearing A,3.486,0.409764
Bearing A,3.487,0.045585
Bearing A,3.488,0.160475
Bearing A,3.489,0.602706
Bearing A,3.49,0.575165
Bearing A,3.491,0.297925
Bearing A,3.492,-0.533359
Bearing A,3.493,-0.950639
Bearing A,3.494,-1.74432
Bearing A,3.495,-2.074434
Bearing A,3.496,-1.441943
Bearing A,3.497,-0.513536
Bearing A,3.498,-0.326427
Bearing A,3.499,-0.034008
Bearing A,3.5,-0.147952
Bearing A,3.501,0.147087
Bearing A,3.502,0.489761
Bearing A,3.503,1.036947
Bearing A,3.504,1.087322
Bearing A,3.505,0.742707
Bearing A,3.506,0.557241
Bearing A,3.507,0.028467
Bearing A,3.508,0.493167
Bearing A,3.509,0.712999
Bearing A,3.51,0.690176
Bearing A,3.511,0.215244
Bearing A,3.512,-0.144556
Bearing A,3.513,-0.959116
Bearing A,3.514,-1.624855
Bearing A,3.515,-1.496754
Bearing A,3.516,-1.432351
Bearing A,3.517,-0.842107
Bearing A,3.518,-0.071142
Bearing A,3.519,0.200261
Bearing A,3.52,0.448616
Bearing A,3.521,0.346376
Bearing A,3.522,0.229245
Bearing A,3.523,0.399109
Bearing A,3.524,0.564131
Bearing A,3.525,0.622306
Bearing A,3.526,0.254971
Bearing A,3.527,0.113079
Bearing A,3.528,0.36852
Bearing A,3.529,0.798769
Bearing A,3.53,0.787842
Bearing A,3.531,0.419206
Bearing A,3.532,-0.43104
Bearing A,3.533,-1.099597
Bearing A,3.534,-1.795035
Bearing A,3.535,-1.831177
Bearing A,3.536,-1.202757
Bearing A,3.537,-0.51097
Bearing A,3.538,-0.160173
Bearing A,3.539,0.101096
Bearing A,3.54,0.311756
Bearing A,3.541,0.424561
Bearing A,3.542,0.852932
Bearing A,3.543,1.316865
Bearing A,3.544,1.298843
Bearing A,3.545,1.113552
Bearing A,3.546,0.382273
Bearing A,3.547,0.368944
Bearing A,3.548,0.570475
Bearing A,3.549,0.692354
Bearing A,3.55,0.90855
Bearing A,3.551,0.170274
Bearing A,3.552,-0.441791
Bearing A,3.553,-1.16173
Bearing A,3.554,-2.00979
Bearing A,3.555,-1.817487
Bearing A,3.556,-1.620945
Bearing A,3.557,-1.10937
Bearing A,3.558,-0.763635
Bearing A,3.559,-0.256603
Bearing A,3.56,-0.193583
Bearing A,3.561,0.13887
Bearing A,3.562,0.458186
Bearing A,3.563,0.53135
Bearing A,3.564,0.731006
Bearing A,3.565,0.57062
Bearing A,3.566,0.14042
Bearing A,3.567,0.486428
Bearing A,3.568,0.385641
Bearing A,3.569,0.478527
Bearing A,3.57,0.136392
Bearing A,3.571,-0.023326
Bearing A,3.572,-0.420874
Bearing A,3.573,-1.066446
Bearing A,3.574,-1.439217
Bearing A,3.575,-1.769284
Bearing A,3.576,-1.460881
Bearing A,3.577,-0.865683
Bearing A,3.578,-0.292694
Bearing A,3.579,-0.173806
Bearing A,3.58,0.019572
Bearing A,3.581,0.230858
Bearing A,3.582,0.676402
Bearing A,3.583,0.60693
Bearing A,3.584,0.698187
Bearing A,3.585,0.763403
Bearing A,3.586,0.286212
Bearing A,3.587,0.352027
Bearing A,3.588,0.383305
Bearing A,3.589,0.60522
Bearing A,3.59,0.391086
Bearing A,3.591,0.123154
Bearing A,3.592,-0.304393
Bearing A,3.593,-1.249488
Bearing A,3.594,-1.56724
Bearing A,3.595,-1.781911
Bearing A,3.596,-1.613228
Bearing A,3.597,-0.983158
Bearing A,3.598,-0.611638
Bearing A,3.599,-0.651067
Bearing A,3.6,-0.373071
Bearing A,3.601,-0.07318
Bearing A,3.602,0.260008
Bearing A,3.603,0.238124
Bearing A,3.604,0.4615
Bearing A,3.605,0.710187
Bearing A,3.606,0.378575
Bearing A,3.607,0.000629
Bearing A,3.608,0.19096
Bearing A,3.609,0.41521
Bearing A,3.61,0.40226
Bearing A,3.611,-0.106374
Bearing A,3.612,-0.744865
Bearing A,3.613,-1.13006
Bearing A,3.614,-1.769715
Bearing A,3.615,-2.162557
Bearing A,3.616,-1.55182
Bearing A,3.617,-1.050754
Bearing A,3.618,-0.384192
Bearing A,3.619,-0.088085
Bearing A,3.62,-0.326685
Bearing A,3.621,-0.066879
Bearing A,3.622,0.254611
Bearing A,3.623,0.421066
Bearing A,3.624,0.816102
Bearing A,3.625,0.470432
Bearing A,3.626,0.218795
Bearing A,3.627,0.075745
Bearing A,3.628,0.324794
Bearing A,3.629,0.488743
Bearing A,3.63,0.443552
Bearing A,3.631,-0.167144
Bearing A,3.632,-0.732285
Bearing A,3.633,-1.759565
Bearing A,3.634,-2.122759
Bearing A,3.635,-2.100961
Bearing A,3.636,-1.541863
Bearing A,3.637,-0.881325
Bearing A,3.638,-0.512506
Bearing A,3.639,-0.124246
Bearing A,3.64,0.098263
Bearing A,3.641,0.260306
Bearing A,3.642,0.906225
Bearing A,3.643,0.918984
Bearing A,3.644,0.466971
Bearing A,3.645,0.422296
Bearing A,3.646,0.147401
Bearing A,3.647,0.061229
Bearing A,3.648,0.628963
Bearing A,3.649,0.988903
Bearing A,3.65,0.566867
Bearing A,3.651,0.20641
Bearing A,3.652,-0.366189
Bearing A,3.653,-0.996649
Bearing A,3.654,-1.347204
Bearing A,3.655,-1.99981
Bearing A,3.656,-1.489993
Bearing A,3.657,-0.843191
Bearing A,3.658,-0.640672
Bearing A,3.659,-0.280473
Bearing A,3.66,-0.172605
Bearing A,3.661,0.167968
Bearing A,3.662,0.558937
Bearing A,3.663,0.402051
Bearing A,3.664,0.414163
Bearing A,3.665,0.926573
Bearing A,3.666,0.345293
Bearing A,3.667,0.426094
Bearing A,3.668,0.465372
Bearing A,3.669,0.253031
Bearing A,3.67,-0.015749
Bearing A,3.671,-0.613426
Bearing A,3.672,-0.627561
Bearing A,3.673,-1.494321
Bearing A,3.674,-2.10568
Bearing A,3.675,-1.99489
Bearing A,3.676,-1.512508
Bearing A,3.677,-1.038027
Bearing A,3.678,-0.648187
Bearing A,3.679,-0.16788
Bearing A,3.68,0.363136
Bearing A,3.681,0.491629
Bearing A,3.682,0.33015
Bearing A,3.683,0.854878
Bearing A,3.684,0.674148
Bearing A,3.685,0.504171
Bearing A,3.686,0.428231
Bearing A,3.687,0.592059
Bearing A,3.688,0.74852
Bearing A,3.689,0.882789
Bearing A,3.69,0.916979
Bearing A,3.691,0.670616
Bearing A,3.692,-0.652213
Bearing A,3.693,-1.307096
Bearing A,3.694,-1.653716
Bearing A,3.695,-1.796484
Bearing A,3.696,-1.523728
Bearing A,3.697,-1.147421
Bearing A,3.698,-0.536645
Bearing A,3.699,-0.061964
Bearing A,3.7,-0.094694
Bearing A,3.701,0.190322
Bearing A,3.702,0.182527
Bearing A,3.703,0.373701
Bearing A,3.704,0.406906
Bearing A,3.705,0.332162
Bearing A,3.706,0.379558
Bearing A,3.707,0.624551
Bearing A,3.708,0.449222
Bearing A,3.709,0.212298
Bearing A,3.71,0.692782
Bearing A,3.711,0.532654
Bearing A,3.712,-0.299638
Bearing A,3.713,-1.289964
Bearing A,3.714,-1.808151
Bearing A,3.715,-1.744583
Bearing A,3.716,-1.283834
Bearing A,3.717,-0.178256
Bearing A,3.718,0.298578
Bearing A,3.719,0.55775
Bearing A,3.72,0.590137
Bearing A,3.721,0.566145
Bearing A,3.722,0.833164
Bearing A,3.723,1.113092
Bearing A,3.724,1.429583
Bearing A,3.725,0.898804
Bearing A,3.726,0.702716
Bearing A,3.727,0.730581
Bearing A,3.728,0.724829
Bearing A,3.729,0.827184
Bearing A,3.73,1.080046
Bearing A,3.731,0.975284
Bearing A,3.732,0.143585
Bearing A,3.733,-0.718109
Bearing A,3.734,-1.648759
Bearing A,3.735,-1.496113
Bearing A,3.736,-0.621107
Bearing A,3.737,-0.291679
Bearing A,3.738,-0.045475
Bearing A,3.739,0.09056
Bearing A,3.74,0.344093
Bearing A,3.741,0.352259
Bearing A,3.742,0.64215
Bearing A,3.743,1.256156
Bearing A,3.744,1.191114
Bearing A,3.745,0.892089
Bearing A,3.746,0.542464
Bearing A,3.747,0.225158
Bearing A,3.748,0.188346
Bearing A,3.749,0.000188
Bearing A,3.75,0.21574
Bearing A,3.751,0.451626
Bearing A,3.752,-0.10321
Bearing A,3.753,-0.933479
Bearing A,3.754,-1.294437
Bearing A,3.755,-1.620119
Bearing A,3.756,-1.186338
Bearing A,3.757,-0.647349
Bearing A,3.758,-0.201129
Bearing A,3.759,-0.041885
Bearing A,3.76,0.313039
Bearing A,3.761,0.683077
Bearing A,3.762,0.264234
Bearing A,3.763,0.716559
Bearing A,3.764,0.633823
Bearing A,3.765,0.475154
Bearing A,3.766,0.320426
Bearing A,3.767,0.280342
Bearing A,3.768,0.417842
Bearing A,3.769,0.190354
Bearing A,3.77,0.608424
Bearing A,3.771,0.018139
Bearing A,3.772,-0.642719
Bearing A,3.773,-1.456448
Bearing A,3.774,-1.741641
Bearing A,3.775,-1.817252
Bearing A,3.776,-1.233499
Bearing A,3.777,-0.497297
Bearing A,3.778,-0.030056
Bearing A,3.779,-0.301726
Bearing A,3.78,0.323188
Bearing A,3.781,0.68455
Bearing A,3.782,0.710519
Bearing A,3.783,0.904435
Bearing A,3.784,0.542279
Bearing A,3.785,0.661353
Bearing A,3.786,0.618409
Bearing A,3.787,0.362079
Bearing A,3.788,0.345293
Bearing A,3.789,0.521149
Bearing A,3.79,0.637085
Bearing A,3.791,0.698974
Bearing A,3.792,-0.068685
Bearing A,3.793,-0.562296
Bearing A,3.794,-1.307793
Bearing A,3.795,-1.360715
Bearing A,3.796,-1.026677
Bearing A,3.797,-0.388232
Bearing A,3.798,0.341725
Bearing A,3.799,0.33116
Bearing A,3.8,0.284191
Bearing A,3.801,0.598938
Bearing A,3.802,0.915705
Bearing A,3.803,1.187129
Bearing A,3.804,1.31977
Bearing A,3.805,1.226916
Bearing A,3.806,0.941586
Bearing A,3.807,0.764986
Bearing A,3.808,0.743515
Bearing A,3.809,0.776763
Bearing A,3.81,0.947825
Bearing A,3.811,0.825414
Bearing A,3.812,0.128339
Bearing A,3.813,-0.900432
Bearing A,3.814,-1.436218
Bearing A,3.815,-1.511559
Bearing A,3.816,-1.219048
Bearing A,3.817,-0.359563
Bearing A,3.818,0.318364
Bearing A,3.819,0.574427
Bearing A,3.82,0.633117
Bearing A,3.821,0.606071
Bearing A,3.822,1.137504
Bearing A,3.823,1.107085
Bearing A,3.824,1.056239
Bearing A,3.825,0.966702
Bearing A,3.826,0.741838
Bearing A,3.827,0.325283
Bearing A,3.828,0.628357
Bearing A,3.829,0.830303
Bearing A,3.83,0.964051
Bearing A,3.831,0.625926
Bearing A,3.832,-0.342236
Bearing A,3.833,-1.155364
Bearing A,3.834,-1.795272
Bearing A,3.835,-1.524599
Bearing A,3.836,-1.194417
Bearing A,3.837,-0.935963
Bearing A,3.838,-0.351407
Bearing A,3.839,0.309814
Bearing A,3.84,0.414889
Bearing A,3.841,0.453876
Bearing A,3.842,0.667994
Bearing A,3.843,0.946997
Bearing A,3.844,0.964343
Bearing A,3.845,0.777333
Bearing A,3.846,0.56678
Bearing A,3.847,0.358016
Bearing A,3.848,0.341358
Bearing A,3.849,0.981774
Bearing A,3.85,0.884707
Bearing A,3.851,0.174613
Bearing A,3.852,-0.318928
Bearing A,3.853,-0.985912
Bearing A,3.854,-1.656229
Bearing A,3.855,-2.037291
Bearing A,3.856,-1.677522
Bearing A,3.857,-0.719281
Bearing A,3.858,-0.29193
Bearing A,3.859,-0.120066
Bearing A,3.86,0.116571
Bearing A,3.861,0.008706
Bearing A,3.862,0.750823
Bearing A,3.863,0.962678
Bearing A,3.864,0.980715
Bearing A,3.865,1.252765
Bearing A,3.866,0.681154
Bearing A,3.867,0.381155
Bearing A,3.868,0.617558
Bearing A,3.869,0.794535
Bearing A,3.87,0.756397
Bearing A,3.871,0.654658
Bearing A,3.872,0.256711
Bearing A,3.873,-0.58928
Bearing A,3.874,-1.076399
Bearing A,3.875,-1.150875
Bearing A,3.876,-0.838024
Bearing A,3.877,-0.086656
Bearing A,3.878,0.403382
Bearing A,3.879,0.985337
Bearing A,3.88,0.766582
Bearing A,3.881,0.847664
Bearing A,3.882,1.319132
Bearing A,3.883,1.64963
Bearing A,3.884,1.040036
Bearing A,3.885,1.052459
Bearing A,3.886,1.000321
Bearing A,3.887,0.90058
Bearing A,3.888,0.711222
Bearing A,3.889,1.378201
Bearing A,3.89,1.308521
Bearing A,3.891,0.891203
Bearing A,3.892,0.244974
Bearing A,3.893,-0.92079
Bearing A,3.894,-1.596755
Bearing A,3.895,-1.350095
Bearing A,3.896,-1.335589
Bearing A,3.897,-0.672635
Bearing A,3.898,-0.164354
Bearing A,3.899,0.157869
Bearing A,3.9,0.466445
Bearing A,3.901,0.859478
Bearing A,3.902,1.170311
Bearing A,3.903,1.085391
Bearing A,3.904,1.335578
Bearing A,3.905,1.152128
Bearing A,3.906,1.026828
Bearing A,3.907,0.855225
Bearing A,3.908,0.595521
Bearing A,3.909,1.019193
Bearing A,3.91,0.962018
Bearing A,3.911,0.852535
Bearing A,3.912,0.219889
Bearing A,3.913,-0.463403
Bearing A,3.914,-1.037632
Bearing A,3.915,-1.191505
Bearing A,3.916,-0.990426
Bearing A,3.917,-0.355466
Bearing A,3.918,0.280753
Bearing A,3.919,0.433996
Bearing A,3.92,0.639277
Bearing A,3.921,0.586325
Bearing A,3.922,0.622631
Bearing A,3.923,0.807107
Bearing A,3.924,1.300283
Bearing A,3.925,0.924579
Bearing A,3.926,0.511019
Bearing A,3.927,0.853987
Bearing A,3.928,0.791353
Bearing A,3.929,1.490001
Bearing A,3.93,1.382705
Bearing A,3.931,0.701812
Bearing A,3.932,-0.373833
Bearing A,3.933,-0.393774
Bearing A,3.934,-1.266136
Bearing A,3.935,-0.986274
Bearing A,3.936,-0.699133
Bearing A,3.937,-0.025022
Bearing A,3.938,0.161243
Bearing A,3.939,0.661781
Bearing A,3.94,0.787249
Bearing A,3.941,1.103446
Bearing A,3.942,1.065502
Bearing A,3.943,1.391449
Bearing A,3.944,1.608453
Bearing A,3.945,1.087046
Bearing A,3.946,0.814146
Bearing A,3.947,0.717031
Bearing A,3.948,0.815161
Bearing A,3.949,1.202514
Bearing A,3.95,1.022799
Bearing A,3.951,0.805747
Bearing A,3.952,0.095153
Bearing A,3.953,-0.887242
Bearing A,3.954,-1.030838
Bearing A,3.955,-1.235137
Bearing A,3.956,-0.951602
Bearing A,3.957,-0.353712
Bearing A,3.958,0.032268
Bearing A,3.959,0.049493
Bearing A,3.96,0.113255
Bearing A,3.961,0.728402
Bearing A,3.962,0.962625
Bearing A,3.963,1.308555
Bearing A,3.964,1.329413
Bearing A,3.965,1.176499
Bearing A,3.966,0.935244
Bearing A,3.967,0.616152
Bearing A,3.968,0.778574
Bearing A,3.969,0.827
Bearing A,3.97,1.199277
Bearing A,3.971,0.554977
Bearing A,3.972,-0.320313
Bearing A,3.973,-0.976183
Bearing A,3.974,-1.560187
Bearing A,3.975,-1.731793
Bearing A,3.976,-0.868602
Bearing A,3.977,-0.408901
Bearing A,3.978,-0.13794
Bearing A,3.979,-0.106452
Bearing A,3.98,0.542901
Bearing A,3.981,0.751075
Bearing A,3.982,0.970083
Bearing A,3.983,1.263583
Bearing A,3.984,1.187656
Bearing A,3.985,0.743522
Bearing A,3.986,0.419021
Bearing A,3.987,0.339353
Bearing A,3.988,0.232579
Bearing A,3.989,0.229001
Bearing A,3.99,0.414029
Bearing A,3.991,0.719705
Bearing A,3.992,-0.137564
Bearing A,3.993,-1.02793
Bearing A,3.994,-1.465133
Bearing A,3.995,-1.661922
Bearing A,3.996,-1.232788
Bearing A,3.997,-0.835023
Bearing A,3.998,-0.59718
Bearing A,3.999,-0.567756
Bearing A,4.0,-0.074612
Bearing A,4.001,0.188204
Bearing A,4.002,0.4233
Bearing A,4.003,0.779424
Bearing A,4.004,0.914433
Bearing A,4.005,0.259329
Bearing A,4.006,-0.003573
Bearing A,4.007,0.099361
Bearing A,4.008,0.531051
Bearing A,4.009,0.71497
Bearing A,4.01,0.66304
Bearing A,4.011,0.542783
Bearing A,4.012,0.079812
Bearing A,4.013,-0.877234
Bearing A,4.014,-1.582624
Bearing A,4.015,-1.796433
Bearing A,4.016,-1.4241
Bearing A,4.017,-0.505215
Bearing A,4.018,0.331743
Bearing A,4.019,0.159329
Bearing A,4.02,0.515556
Bearing A,4.021,0.757633
Bearing A,4.022,1.086638
Bearing A,4.023,0.975765
Bearing A,4.024,1.397955
Bearing A,4.025,1.37775
Bearing A,4.026,1.039221
Bearing A,4.027,0.782224
Bearing A,4.028,0.740206
Bearing A,4.029,0.637324
Bearing A,4.03,0.60878
Bearing A,4.031,0.724847
Bearing A,4.032,-0.002008
Bearing A,4.033,-0.958682
Bearing A,4.034,-1.099513
Bearing A,4.035,-1.400962
Bearing A,4.036,-0.896785
Bearing A,4.037,-0.527885
Bearing A,4.038,-0.261733
Bearing A,4.039,0.043863
Bearing A,4.04,0.00796
Bearing A,4.041,0.601738
Bearing A,4.042,0.679128
Bearing A,4.043,1.258602
Bearing A,4.044,1.090314
Bearing A,4.045,1.11908
Bearing A,4.046,0.779608
Bearing A,4.047,0.678867
Bearing A,4.048,0.377818
Bearing A,4.049,0.567766
Bearing A,4.05,0.77447
Bearing A,4.051,0.439272
Bearing A,4.052,0.039836
Bearing A,4.053,-0.706345
Bearing A,4.054,-1.580688
Bearing A,4.055,-1.392596
Bearing A,4.056,-1.102699
Bearing A,4.057,-0.594968
Bearing A,4.058,-0.075721
Bearing A,4.059,0.155167
Bearing A,4.06,0.410299
Bearing A,4.061,0.828125
Bearing A,4.062,0.928189
Bearing A,4.063,1.13467
Bearing A,4.064,1.421919
Bearing A,4.065,1.134243
Bearing A,4.066,1.102135
Bearing A,4.067,0.75097
Bearing A,4.068,0.90496
Bearing A,4.069,1.045241
Bearing A,4.07,0.794211
Bearing A,4.071,0.506084
Bearing A,4.072,0.033703
Bearing A,4.073,-0.6412
Bearing A,4.074,-1.062086
Bearing A,4.075,-1.240241
Bearing A,4.076,-0.843172
Bearing A,4.077,-0.366616
Bearing A,4.078,-0.16284
Bearing A,4.079,0.166179
Bearing A,4.08,0.298605
Bearing A,4.081,0.358447
Bearing A,4.082,0.715449
Bearing A,4.083,1.336632
Bearing A,4.084,1.09644
Bearing A,4.085,1.07135
Bearing A,4.086,0.716432
Bearing A,4.087,0.484108
Bearing A,4.088,0.451072
Bearing A,4.089,0.654902
Bearing A,4.09,0.43641
Bearing A,4.091,0.282559
Bearing A,4.092,-0.459406
Bearing A,4.093,-1.091893
Bearing A,4.094,-1.427975
Bearing A,4.095,-1.282726
Bearing B,0.0,-0.786519
Bearing B,0.001,-1.050833
Bearing B,0.002,-1.097697
Bearing B,0.003,-1.170866
Bearing B,0.004,-0.885202
Bearing B,0.005,-0.459504
Bearing B,0.006,-0.40386
Bearing B,0.007,-0.137738
Bearing B,0.008,0.329684
Bearing B,0.009,0.905518
Bearing B,0.01,1.7281
Bearing B,0.011,1.771132
Bearing B,0.012,1.67439
Bearing B,0.013,1.201093
Bearing B,0.014,0.822397
Bearing B,0.015,0.095154
Bearing B,0.016,-0.023885
Bearing B,0.017,0.004357
Bearing B,0.018,0.104214
Bearing B,0.019,0.04204
Bearing B,0.02,0.1133
Bearing B,0.021,-0.595615
Bearing B,0.022,-1.004755
Bearing B,0.023,-1.093217
Bearing B,0.024,-0.743924
Bearing B,0.025,-0.450888
Bearing B,0.026,-0.123441
Bearing B,0.027,0.249073
Bearing B,0.028,0.183344
Bearing B,0.029,1.116056
Bearing B,0.03,1.674185
Bearing B,0.031,2.04788
Bearing B,0.032,1.640511
Bearing B,0.033,0.736287
Bearing B,0.034,0.352764
Bearing B,0.035,0.022926
Bearing B,0.036,-0.1087
Bearing B,0.037,0.102942
Bearing B,0.038,0.024813
Bearing B,0.039,-0.327424
Bearing B,0.04,-0.715071
Bearing B,0.041,-1.233793
Bearing B,0.042,-1.746946
Bearing B,0.043,-1.465017
Bearing B,0.044,-0.87165
Bearing B,0.045,-0.576464
Bearing B,0.046,-0.108857
Bearing B,0.047,-0.317837
Bearing B,0.048,0.149456
Bearing B,0.049,0.364518
Bearing B,0.05,0.802656
Bearing B,0.051,1.201902
Bearing B,0.052,1.334009
Bearing B,0.053,0.8546
Bearing B,0.054,0.363055
Bearing B,0.055,-0.081099
Bearing B,0.056,-0.184454
Bearing B,0.057,-0.29724
Bearing B,0.058,-0.191379
Bearing B,0.059,-0.514453
Bearing B,0.06,-0.396028
Bearing B,0.061,-0.892628
Bearing B,0.062,-1.205354
Bearing B,0.063,-1.299973
Bearing B,0.064,-1.083577
Bearing B,0.065,-1.064088
Bearing B,0.066,-0.5688
Bearing B,0.067,-0.757008
Bearing B,0.068,-0.248681
Bearing B,0.069,0.248646
Bearing B,0.07,0.575116
Bearing B,0.071,1.11843
Bearing B,0.072,1.467906
Bearing B,0.073,1.119056
Bearing B,0.074,0.351755
Bearing B,0.075,-0.203041
Bearing B,0.076,-0.311257
Bearing B,0.077,-0.03769
Bearing B,0.078,0.227408
Bearing B,0.079,0.185838
Bearing B,0.08,-0.467903
Bearing B,0.081,-0.916891
Bearing B,0.082,-1.280811
Bearing B,0.083,-1.207475
Bearing B,0.084,-0.938366
Bearing B,0.085,-0.560478
Bearing B,0.086,0.186275
Bearing B,0.087,0.007241
Bearing B,0.088,0.436196
Bearing B,0.089,0.90578
Bearing B,0.09,1.116091
Bearing B,0.091,0.928604
Bearing B,0.092,0.983843
Bearing B,0.093,0.493803
Bearing B,0.094,0.002204
Bearing B,0.095,-0.087177
Bearing B,0.096,-0.266652
Bearing B,0.097,0.148808
Bearing B,0.098,0.111403
Bearing B,0.099,-0.008966
Bearing B,0.1,-0.716574
Bearing B,0.101,-1.368745
Bearing B,0.102,-1.369078
Bearing B,0.103,-1.301733
Bearing B,0.104,-0.939346
Bearing B,0.105,-0.851993
Bearing B,0.106,-0.763222
Bearing B,0.107,-0.59733
Bearing B,0.108,-0.337533
Bearing B,0.109,0.039216
Bearing B,0.11,0.758976
Bearing B,0.111,1.144405
Bearing B,0.112,0.935545
Bearing B,0.113,0.31329
Bearing B,0.114,-0.044698
Bearing B,0.115,-0.42226
Bearing B,0.116,-0.48914
Bearing B,0.117,-0.379917
Bearing B,0.118,-0.360131
Bearing B,0.119,-0.164161
Bearing B,0.12,-0.836965
Bearing B,0.121,-1.433288
Bearing B,0.122,-1.695298
Bearing B,0.123,-1.471615
Bearing B,0.124,-1.293452
Bearing B,0.125,-1.155376
Bearing B,0.126,-0.787131
Bearing B,0.127,-0.569351
Bearing B,0.128,-0.115519
Bearing B,0.129,0.248205
Bearing B,0.13,0.629432
Bearing B,0.131,1.22893
Bearing B,0.132,1.037238
Bearing B,0.133,0.285306
Bearing B,0.134,-0.147587
Bearing B,0.135,-0.64156
Bearing B,0.136,-0.316658
Bearing B,0.137,-0.508047
Bearing B,0.138,-0.731677
Bearing B,0.139,-0.513429
Bearing B,0.14,-0.743244
Bearing B,0.141,-1.308208
Bearing B,0.142,-1.280408
Bearing B,0.143,-1.06121
Bearing B,0.144,-1.097068
Bearing B,0.145,-1.121343
Bearing B,0.146,-1.056554
Bearing B,0.147,-0.609955
Bearing B,0.148,-0.512759
Bearing B,0.149,0.158195
Bearing B,0.15,0.718934
Bearing B,0.151,1.161456
Bearing B,0.152,1.101334
Bearing B,0.153,0.587342
Bearing B,0.154,0.063793
Bearing B,0.155,-0.699674
Bearing B,0.156,-0.710734
Bearing B,0.157,-0.493289
Bearing B,0.158,-0.296814
Bearing B,0.159,-0.451317
Bearing B,0.16,-0.605472
Bearing B,0.161,-0.938498
Bearing B,0.162,-1.482419
Bearing B,0.163,-1.320857
Bearing B,0.164,-1.437938
Bearing B,0.165,-0.806157
Bearing B,0.166,-0.982978
Bearing B,0.167,-0.243689
Bearing B,0.168,-0.024382
Bearing B,0.169,0.696341
Bearing B,0.17,1.358276
Bearing B,0.171,2.008977
Bearing B,0.172,1.637452
Bearing B,0.173,1.133994
Bearing B,0.174,0.508592
Bearing B,0.175,0.493263
Bearing B,0.176,0.316157
Bearing B,0.177,-0.081009
Bearing B,0.178,-0.015758
Bearing B,0.179,-0.142604
Bearing B,0.18,-0.135489
Bearing B,0.181,-0.795592
Bearing B,0.182,-1.267075
Bearing B,0.183,-1.283237
Bearing B,0.184,-0.64874
Bearing B,0.185,-0.41858
Bearing B,0.186,-0.473322
Bearing B,0.187,-0.003782
Bearing B,0.188,0.30277
Bearing B,0.189,0.825571
Bearing B,0.19,1.110686
Bearing B,0.191,1.583184
Bearing B,0.192,1.839251
Bearing B,0.193,1.027226
Bearing B,0.194,0.198741
Bearing B,0.195,-0.322331
Bearing B,0.196,-0.258323
Bearing B,0.197,-0.397514
Bearing B,0.198,-0.289261
Bearing B,0.199,-0.086051
Bearing B,0.2,-0.680371
Bearing B,0.201,-0.990231
Bearing B,0.202,-1.10947
Bearing B,0.203,-1.184499
Bearing B,0.204,-1.232005
Bearing B,0.205,-0.837685
Bearing B,0.206,-0.626821
Bearing B,0.207,-0.014213
Bearing B,0.208,0.159431
Bearing B,0.209,1.090092
Bearing B,0.21,1.3621
Bearing B,0.211,1.423205
Bearing B,0.212,1.231694
Bearing B,0.213,0.719744
Bearing B,0.214,0.032098
Bearing B,0.215,-0.015496
Bearing B,0.216,0.007851
Bearing B,0.217,0.307786
Bearing B,0.218,0.217977
Bearing B,0.219,-0.284502
Bearing B,0.22,-0.531293
Bearing B,0.221,-0.633176
Bearing B,0.222,-1.156325
Bearing B,0.223,-1.262084
Bearing B,0.224,-1.195265
Bearing B,0.225,-0.820552
Bearing B,0.226,-0.791394
Bearing B,0.227,-0.22198
Bearing B,0.228,0.31849
Bearing B,0.229,1.022632
Bearing B,0.23,1.634544
Bearing B,0.231,1.247112
Bearing B,0.232,0.910053
Bearing B,0.233,1.117688
Bearing B,0.234,0.419565
Bearing B,0.235,-0.310852
Bearing B,0.236,-0.130873
Bearing B,0.237,0.395786
Bearing B,0.238,0.439412
Bearing B,0.239,0.412639
Bearing B,0.24,-0.29369
Bearing B,0.241,-0.846998
Bearing B,0.242,-0.891955
Bearing B,0.243,-0.64729
Bearing B,0.244,-0.776945
Bearing B,0.245,-0.301518
Bearing B,0.246,-0.18093
Bearing B,0.247,-0.247052
Bearing B,0.248,0.625046
Bearing B,0.249,1.226852
Bearing B,0.25,1.009867
Bearing B,0.251,1.47057
Bearing B,0.252,1.42963
Bearing B,0.253,0.713705
Bearing B,0.254,0.581827
Bearing B,0.255,-0.213418
Bearing B,0.256,-0.228247
Bearing B,0.257,0.151881
Bearing B,0.258,-0.114324
Bearing B,0.259,0.16053
Bearing B,0.26,0.085029
Bearing B,0.261,-1.237772
Bearing B,0.262,-1.323337
Bearing B,0.263,-1.224672
Bearing B,0.264,-0.799231
Bearing B,0.265,-0.530323
Bearing B,0.266,-0.466367
Bearing B,0.267,-0.286866
Bearing B,0.268,0.315785
Bearing B,0.269,0.80237
Bearing B,0.27,1.329588
Bearing B,0.271,1.741305
Bearing B,0.272,1.40942
Bearing B,0.273,0.466727
Bearing B,0.274,0.010625
Bearing B,0.275,-0.211176
Bearing B,0.276,-0.404258
Bearing B,0.277,-0.138588
Bearing B,0.278,-0.031976
Bearing B,0.279,-0.327894
Bearing B,0.28,-0.813256
Bearing B,0.281,-1.520307
Bearing B,0.282,-1.424583
Bearing B,0.283,-1.637197
Bearing B,0.284,-1.478015
Bearing B,0.285,-1.226311
Bearing B,0.286,-0.836082
Bearing B,0.287,-0.474468
Bearing B,0.288,0.072627
Bearing B,0.289,0.687228
Bearing B,0.29,1.408516
Bearing B,0.291,1.793676
Bearing B,0.292,1.29247
Bearing B,0.293,0.513841
Bearing B,0.294,0.009922
Bearing B,0.295,-0.307609
Bearing B,0.296,-0.600707
Bearing B,0.297,-0.3318
Bearing B,0.298,-0.065611
Bearing B,0.299,-0.211234
Bearing B,0.3,-0.66469
Bearing B,0.301,-1.215268
Bearing B,0.302,-1.670507
Bearing B,0.303,-1.404195
Bearing B,0.304,-1.234656
Bearing B,0.305,-0.742665
Bearing B,0.306,-1.013292
Bearing B,0.307,-0.876074
Bearing B,0.308,0.067917
Bearing B,0.309,0.504522
Bearing B,0.31,1.045342
Bearing B,0.311,1.303853
Bearing B,0.312,0.852715
Bearing B,0.313,0.396058
Bearing B,0.314,-0.297133
Bearing B,0.315,-0.795141
Bearing B,0.316,-0.721579
Bearing B,0.317,-0.911943
Bearing B,0.318,-0.694399
Bearing B,0.319,-0.609742
Bearing B,0.32,-1.307518
Bearing B,0.321,-1.41258
Bearing B,0.322,-1.481756
Bearing B,0.323,-1.662328
Bearing B,0.324,-1.613643
Bearing B,0.325,-1.118397
Bearing B,0.326,-0.619624
Bearing B,0.327,-0.641733
Bearing B,0.328,-0.120731
Bearing B,0.329,0.425927
Bearing B,0.33,1.207316
Bearing B,0.331,1.814829
Bearing B,0.332,1.185249
Bearing B,0.333,0.731333
Bearing B,0.334,0.215398
Bearing B,0.335,-0.220609
Bearing B,0.336,-0.047655
Bearing B,0.337,0.22253
Bearing B,0.338,0.339643
Bearing B,0.339,0.18552
Bearing B,0.34,-0.448696
Bearing B,0.341,-0.275893
Bearing B,0.342,-1.267537
Bearing B,0.343,-1.197077
Bearing B,0.344,-0.93931
Bearing B,0.345,-0.911895
Bearing B,0.346,-0.710474
Bearing B,0.347,-0.445679
Bearing B,0.348,0.154982
Bearing B,0.349,0.752055
Bearing B,0.35,1.0102
Bearing B,0.351,1.266726
Bearing B,0.352,1.227352
Bearing B,0.353,0.401501
Bearing B,0.354,-0.094445
Bearing B,0.355,-0.686659
Bearing B,0.356,-0.457056
Bearing B,0.357,-0.58856
Bearing B,0.358,-0.353451
Bearing B,0.359,-0.239181
Bearing B,0.36,-0.834991
Bearing B,0.361,-1.417197
Bearing B,0.362,-1.556985
Bearing B,0.363,-1.728935
Bearing B,0.364,-1.483181
Bearing B,0.365,-1.194146
Bearing B,0.366,-1.041349
Bearing B,0.367,-0.472556
Bearing B,0.368,-0.134087
Bearing B,0.369,0.303303
Bearing B,0.37,1.238063
Bearing B,0.371,1.013999
Bearing B,0.372,0.846225
Bearing B,0.373,0.336126
Bearing B,0.374,-0.077976
Bearing B,0.375,-0.406718
Bearing B,0.376,-0.050434
Bearing B,0.377,-0.324691
Bearing B,0.378,-0.402792
Bearing B,0.379,-0.40394
Bearing B,0.38,-0.476797
Bearing B,0.381,-1.229608
Bearing B,0.382,-1.581072
Bearing B,0.383,-1.281438
Bearing B,0.384,-0.949632
Bearing B,0.385,-0.679238
Bearing B,0.386,-0.607098
Bearing B,0.387,0.15537
Bearing B,0.388,0.132096
Bearing B,0.389,0.250422
Bearing B,0.39,0.888309
Bearing B,0.391,1.161602
Bearing B,0.392,0.787003
Bearing B,0.393,0.038174
Bearing B,0.394,-0.292419
Bearing B,0.395,-0.433517
Bearing B,0.396,-0.756851
Bearing B,0.397,-0.442873
Bearing B,0.398,-0.300434
Bearing B,0.399,-0.538399
Bearing B,0.4,-0.9165
Bearing B,0.401,-1.082133
Bearing B,0.402,-1.609236
Bearing B,0.403,-1.557666
Bearing B,0.404,-1.30769
Bearing B,0.405,-0.968843
Bearing B,0.406,-1.012718
Bearing B,0.407,-0.597384
Bearing B,0.408,-0.28208
Bearing B,0.409,0.219625
Bearing B,0.41,1.074576
Bearing B,0.411,1.593289
Bearing B,0.412,1.462371
Bearing B,0.413,0.497395
Bearing B,0.414,-0.202854
Bearing B,0.415,-0.839643
Bearing B,0.416,-0.898676
Bearing B,0.417,-0.800216
Bearing B,0.418,-0.732894
Bearing B,0.419,-0.740758
Bearing B,0.42,-0.976638
Bearing B,0.421,-1.420635
Bearing B,0.422,-1.452811
Bearing B,0.423,-1.704741
Bearing B,0.424,-1.289196
Bearing B,0.425,-0.998741
Bearing B,0.426,-0.471977
Bearing B,0.427,-0.363934
Bearing B,0.428,-0.15476
Bearing B,0.429,0.397907
Bearing B,0.43,0.965661
Bearing B,0.431,1.375219
Bearing B,0.432,1.221514
Bearing B,0.433,0.818986
Bearing B,0.434,0.006213
Bearing B,0.435,-0.279551
Bearing B,0.436,-0.302601
Bearing B,0.437,-0.223546
Bearing B,0.438,-0.28698
Bearing B,0.439,-0.278006
Bearing B,0.44,-0.756888
Bearing B,0.441,-1.248008
Bearing B,0.442,-1.314192
Bearing B,0.443,-1.353495
Bearing B,0.444,-1.065964
Bearing B,0.445,-0.434745
Bearing B,0.446,-0.414698
Bearing B,0.447,-0.438573
Bearing B,0.448,-0.472743
Bearing B,0.449,0.630582
Bearing B,0.45,1.345271
Bearing B,0.451,1.736456
Bearing B,0.452,1.218321
Bearing B,0.453,0.807875
Bearing B,0.454,0.290342
Bearing B,0.455,-0.480798
Bearing B,0.456,-0.755823
Bearing B,0.457,-0.356289
Bearing B,0.458,0.366129
Bearing B,0.459,0.302626
Bearing B,0.46,-0.521244
Bearing B,0.461,-0.852587
Bearing B,0.462,-1.394454
Bearing B,0.463,-1.05099
Bearing B,0.464,-1.090684
Bearing B,0.465,-0.66464
Bearing B,0.466,-0.766037
Bearing B,0.467,-0.688972
Bearing B,0.468,-0.248199
Bearing B,0.469,0.218099
Bearing B,0.47,0.835885
Bearing B,0.471,0.648861
Bearing B,0.472,0.323851
Bearing B,0.473,0.244611
Bearing B,0.474,-0.457817
Bearing B,0.475,-0.865124
Bearing B,0.476,-0.68238
Bearing B,0.477,-0.297691
Bearing B,0.478,-0.062038
Bearing B,0.479,-0.451215
Bearing B,0.48,-0.833239
Bearing B,0.481,-1.203662
Bearing B,0.482,-1.435716
Bearing B,0.483,-1.530177
Bearing B,0.484,-1.120501
Bearing B,0.485,-1.361932
Bearing B,0.486,-0.522184
Bearing B,0.487,-0.684467
Bearing B,0.488,-0.62969
Bearing B,0.489,0.540739
Bearing B,0.49,1.096239
Bearing B,0.491,0.850389
Bearing B,0.492,0.745382
Bearing B,0.493,0.246898
Bearing B,0.494,-0.237867
Bearing B,0.495,-0.495518
Bearing B,0.496,-0.226027
Bearing B,0.497,0.122771
Bearing B,0.498,-0.030824
Bearing B,0.499,-0.158791
Bearing B,0.5,-0.712823
Bearing B,0.501,-1.233717
Bearing B,0.502,-1.984686
Bearing B,0.503,-1.804394
Bearing B,0.504,-1.447538
Bearing B,0.505,-0.848832
Bearing B,0.506,-0.219222
Bearing B,0.507,-0.670101
Bearing B,0.508,-0.021567
Bearing B,0.509,0.896189
Bearing B,0.51,1.859956
Bearing B,0.511,1.725077
Bearing B,0.512,1.371988
Bearing B,0.513,1.379606
Bearing B,0.514,0.518919
Bearing B,0.515,-0.231557
Bearing B,0.516,-0.279095
Bearing B,0.517,-0.009485
Bearing B,0.518,0.280265
Bearing B,0.519,-0.139315
Bearing B,0.52,-0.386247
Bearing B,0.521,-0.722953
Bearing B,0.522,-1.53049
Bearing B,0.523,-1.215224
Bearing B,0.524,-1.133257
Bearing B,0.525,-0.286952
Bearing B,0.526,-0.493086
Bearing B,0.527,-0.233256
Bearing B,0.528,0.36043
Bearing B,0.529,1.191406
Bearing B,0.53,1.607914
Bearing B,0.531,1.869427
Bearing B,0.532,1.457638
Bearing B,0.533,1.00531
Bearing B,0.534,-0.166854
Bearing B,0.535,-0.645604
Bearing B,0.536,-0.498316
Bearing B,0.537,-0.423163
Bearing B,0.538,-0.335268
Bearing B,0.539,-0.066306
Bearing B,0.54,-0.742889
Bearing B,0.541,-1.243464
Bearing B,0.542,-1.407097
Bearing B,0.543,-1.337643
Bearing B,0.544,-1.500495
Bearing B,0.545,-0.973016
Bearing B,0.546,-0.634296
Bearing B,0.547,-0.736347
Bearing B,0.548,-0.171782
Bearing B,0.549,0.443208
Bearing B,0.55,1.023135
Bearing B,0.551,0.983133
Bearing B,0.552,1.243546
Bearing B,0.553,0.521154
Bearing B,0.554,-0.057292
Bearing B,0.555,-0.490063
Bearing B,0.556,-0.431316
Bearing B,0.557,-0.340617
Bearing B,0.558,-0.297098
Bearing B,0.559,-0.692176
Bearing B,0.56,-0.629383
Bearing B,0.561,-1.204066
Bearing B,0.562,-1.353917
Bearing B,0.563,-1.3461
Bearing B,0.564,-1.040935
Bearing B,0.565,-0.990752
Bearing B,0.566,-0.839598
Bearing B,0.567,-0.702114
Bearing B,0.568,0.065349
Bearing B,0.569,0.657914
Bearing B,0.57,0.998882
Bearing B,0.571,1.227201
Bearing B,0.572,1.188767
Bearing B,0.573,0.435904
Bearing B,0.574,-0.11364
Bearing B,0.575,-0.427706
Bearing B,0.576,-0.64077
Bearing B,0.577,-0.494788
Bearing B,0.578,-0.256176
Bearing B,0.579,-0.13512
Bearing B,0.58,-0.347188
Bearing B,0.581,-1.112932
Bearing B,0.582,-1.558491
Bearing B,0.583,-1.250463
Bearing B,0.584,-0.755013
Bearing B,0.585,-0.696584
Bearing B,0.586,-0.790793
Bearing B,0.587,-0.533218
Bearing B,0.588,-0.355266
Bearing B,0.589,0.333503
Bearing B,0.59,0.69114
Bearing B,0.591,1.822579
Bearing B,0.592,1.347394
Bearing B,0.593,0.843984
Bearing B,0.594,0.176426
Bearing B,0.595,0.173537
Bearing B,0.596,-0.370112
Bearing B,0.597,-0.581504
Bearing B,0.598,-0.262855
Bearing B,0.599,-0.25315
Bearing B,0.6,-0.388784
Bearing B,0.601,-1.364899
Bearing B,0.602,-1.313487
Bearing B,0.603,-1.029853
Bearing B,0.604,-1.050492
Bearing B,0.605,-0.62593
Bearing B,0.606,-0.74958
Bearing B,0.607,-0.529164
Bearing B,0.608,-0.18197
Bearing B,0.609,1.00393
Bearing B,0.61,1.471476
Bearing B,0.611,1.724257
Bearing B,0.612,1.45919
Bearing B,0.613,1.088919
Bearing B,0.614,0.205929
Bearing B,0.615,-0.438698
Bearing B,0.616,-0.069021
Bearing B,0.617,0.302624
Bearing B,0.618,0.346679
Bearing B,0.619,-0.120373
Bearing B,0.62,-0.385822
Bearing B,0.621,-0.542847
Bearing B,0.622,-1.176817
Bearing B,0.623,-1.099791
Bearing B,0.624,-1.105801
Bearing B,0.625,-0.604279
Bearing B,0.626,-0.827914
Bearing B,0.627,-0.676239
Bearing B,0.628,-0.38024
Bearing B,0.629,0.336927
Bearing B,0.63,0.974097
Bearing B,0.631,1.355567
Bearing B,0.632,1.261026
Bearing B,0.633,0.36667
Bearing B,0.634,-0.237003
Bearing B,0.635,-0.410603
Bearing B,0.636,-0.114591
Bearing B,0.637,-0.469586
Bearing B,0.638,-0.313509
Bearing B,0.639,-0.433411
Bearing B,0.64,-0.66933
Bearing B,0.641,-0.90292
Bearing B,0.642,-1.270068
Bearing B,0.643,-1.515853
Bearing B,0.644,-1.660526
Bearing B,0.645,-1.307725
Bearing B,0.646,-1.113492
Bearing B,0.647,-1.059739
Bearing B,0.648,-0.646692
Bearing B,0.649,-0.283274
Bearing B,0.65,0.532208
Bearing B,0.651,0.957121
Bearing B,0.652,0.923442
Bearing B,0.653,0.664366
Bearing B,0.654,-0.051535
Bearing B,0.655,0.037769
Bearing B,0.656,0.024116
Bearing B,0.657,-0.371567
Bearing B,0.658,-0.182398
Bearing B,0.659,-0.381421
Bearing B,0.66,-0.824783
Bearing B,0.661,-1.20818
Bearing B,0.662,-1.38254
Bearing B,0.663,-1.592625
Bearing B,0.664,-1.318023
Bearing B,0.665,-1.374985
Bearing B,0.666,-0.968398
Bearing B,0.667,-0.672185
Bearing B,0.668,-0.267933
Bearing B,0.669,0.676082
Bearing B,0.67,1.1917
Bearing B,0.671,1.796022
Bearing B,0.672,1.195273
Bearing B,0.673,0.826198
Bearing B,0.674,0.195861
Bearing B,0.675,-0.392989
Bearing B,0.676,-0.238419
Bearing B,0.677,0.117373
Bearing B,0.678,0.034027
Bearing B,0.679,0.059459
Bearing B,0.68,-0.498729
Bearing B,0.681,-0.800208
Bearing B,0.682,-1.203895
Bearing B,0.683,-1.34608
Bearing B,0.684,-1.130476
Bearing B,0.685,-1.229266
Bearing B,0.686,-0.957321
Bearing B,0.687,-0.858834
Bearing B,0.688,-0.24807
Bearing B,0.689,0.447279
Bearing B,0.69,0.944704
Bearing B,0.691,1.040932
Bearing B,0.692,0.832705
Bearing B,0.693,0.609662
Bearing B,0.694,0.128169
Bearing B,0.695,-0.357252
Bearing B,0.696,-0.793604
Bearing B,0.697,-0.396972
Bearing B,0.698,-0.008914
Bearing B,0.699,-0.000517
Bearing B,0.7,-0.345677
Bearing B,0.701,-1.061339
Bearing B,0.702,-1.429416
Bearing B,0.703,-0.854565
Bearing B,0.704,-0.861608
Bearing B,0.705,-0.365574
Bearing B,0.706,-0.484947
Bearing B,0.707,-0.117671
Bearing B,0.708,0.914727
Bearing B,0.709,1.2558
Bearing B,0.71,1.572083
Bearing B,0.711,1.685372
Bearing B,0.712,1.288932
Bearing B,0.713,0.878558
Bearing B,0.714,0.320978
Bearing B,0.715,-0.033502
Bearing B,0.716,-0.224711
Bearing B,0.717,0.52413
Bearing B,0.718,0.542697
Bearing B,0.719,0.294839
Bearing B,0.72,-0.148945
Bearing B,0.721,-0.877053
Bearing B,0.722,-1.028685
Bearing B,0.723,-1.008968
Bearing B,0.724,-0.961687
Bearing B,0.725,-0.827564
Bearing B,0.726,-0.336381
Bearing B,0.727,0.080389
Bearing B,0.728,0.461412
Bearing B,0.729,0.904424
Bearing B,0.73,1.036746
Bearing B,0.731,1.024198
Bearing B,0.732,0.964131
Bearing B,0.733,0.827118
Bearing B,0.734,0.331265
Bearing B,0.735,0.047867
Bearing B,0.736,-0.132856
Bearing B,0.737,-0.013115
Bearing B,0.738,-0.046029
Bearing B,0.739,-0.247654
Bearing B,0.74,-0.484706
Bearing B,0.741,-0.797905
Bearing B,0.742,-0.817402
Bearing B,0.743,-1.080418
Bearing B,0.744,-1.075244
Bearing B,0.745,-0.586619
Bearing B,0.746,-0.403322
Bearing B,0.747,-0.449289
Bearing B,0.748,-0.643346
Bearing B,0.749,0.20811
Bearing B,0.75,0.831357
Bearing B,0.751,0.804395
Bearing B,0.752,0.900222
Bearing B,0.753,0.23715
Bearing B,0.754,-0.124294
Bearing B,0.755,-0.720406
Bearing B,0.756,-0.457537
Bearing B,0.757,-0.198666
Bearing B,0.758,-0.203444
Bearing B,0.759,-0.106711
Bearing B,0.76,-0.487092
Bearing B,0.761,-0.90376
Bearing B,0.762,-1.11217
Bearing B,0.763,-1.167832
Bearing B,0.764,-1.065776
Bearing B,0.765,-1.020055
Bearing B,0.766,-0.979056
Bearing B,0.767,-0.597014
Bearing B,0.768,0.00444
Bearing B,0.769,0.63185
Bearing B,0.77,1.342591
Bearing B,0.771,1.469235
Bearing B,0.772,1.579729
Bearing B,0.773,1.18579
Bearing B,0.774,0.448747
Bearing B,0.775,-0.175205
Bearing B,0.776,-0.538378
Bearing B,0.777,-0.188633
Bearing B,0.778,0.467895
Bearing B,0.779,0.056745
Bearing B,0.78,-0.317531
Bearing B,0.781,-0.776068
Bearing B,0.782,-1.260577
Bearing B,0.783,-1.132101
Bearing B,0.784,-0.755851
Bearing B,0.785,-0.455757
Bearing B,0.786,-0.464859
Bearing B,0.787,-0.524414
Bearing B,0.788,-0.346458
Bearing B,0.789,0.359214
Bearing B,0.79,0.985165
Bearing B,0.791,0.66159
Bearing B,0.792,0.860033
Bearing B,0.793,0.608004
Bearing B,0.794,-0.360754
Bearing B,0.795,-0.634043
Bearing B,0.796,-0.483364
Bearing B,0.797,-0.092317
Bearing B,0.798,0.293592
Bearing B,0.799,-0.006124
Bearing B,0.8,-0.72399
Bearing B,0.801,-1.240695
Bearing B,0.802,-1.373011
Bearing B,0.803,-1.772634
Bearing B,0.804,-1.446417
Bearing B,0.805,-1.494742
Bearing B,0.806,-1.019667
Bearing B,0.807,-0.69679
Bearing B,0.808,-0.333621
Bearing B,0.809,0.58895
Bearing B,0.81,0.604938
Bearing B,0.811,1.402885
Bearing B,0.812,1.370872
Bearing B,0.813,0.725853
Bearing B,0.814,-0.143632
Bearing B,0.815,-0.191204
Bearing B,0.816,-0.369979
Bearing B,0.817,-0.221392
Bearing B,0.818,0.127619
Bearing B,0.819,-0.005613
Bearing B,0.82,-0.284984
Bearing B,0.821,-0.304033
Bearing B,0.822,-0.456349
Bearing B,0.823,-0.814231
Bearing B,0.824,-1.195106
Bearing B,0.825,-1.185231
Bearing B,0.826,-1.005489
Bearing B,0.827,-0.395914
Bearing B,0.828,0.174427
Bearing B,0.829,0.569526
Bearing B,0.83,1.559297
Bearing B,0.831,1.753721
Bearing B,0.832,1.999849
Bearing B,0.833,0.830084
Bearing B,0.834,-0.004471
Bearing B,0.835,0.072108
Bearing B,0.836,0.049084
Bearing B,0.837,0.449162
Bearing B,0.838,0.162855
Bearing B,0.839,0.20864
Bearing B,0.84,-0.189456
Bearing B,0.841,-0.335282
Bearing B,0.842,-0.67981
Bearing B,0.843,-0.769309
Bearing B,0.844,-0.532963
Bearing B,0.845,0.088609
Bearing B,0.846,-0.035037
Bearing B,0.847,0.076351
Bearing B,0.848,0.602156
Bearing B,0.849,1.002563
Bearing B,0.85,1.989373
Bearing B,0.851,1.946772
Bearing B,0.852,1.643334
Bearing B,0.853,0.959546
Bearing B,0.854,0.339311
Bearing B,0.855,-0.115545
Bearing B,0.856,-0.206
Bearing B,0.857,0.077986
Bearing B,0.858,0.206358
Bearing B,0.859,-0.038318
Bearing B,0.86,-0.162974
Bearing B,0.861,-0.414701
Bearing B,0.862,-0.826996
Bearing B,0.863,-0.857837
Bearing B,0.864,-0.881023
Bearing B,0.865,-0.75781
Bearing B,0.866,-0.045101
Bearing B,0.867,-0.166948
Bearing B,0.868,0.252637
Bearing B,0.869,0.985402
Bearing B,0.87,1.935202
Bearing B,0.871,2.140785
Bearing B,0.872,1.810812
Bearing B,0.873,1.0919
Bearing B,0.874,0.556479
Bearing B,0.875,-0.221447
Bearing B,0.876,-0.049042
Bearing B,0.877,0.131861
Bearing B,0.878,0.299998
Bearing B,0.879,0.224861
Bearing B,0.88,-0.2945
Bearing B,0.881,-0.961923
Bearing B,0.882,-1.314545
Bearing B,0.883,-1.162802
Bearing B,0.884,-1.03994
Bearing B,0.885,-0.707511
Bearing B,0.886,-0.59007
Bearing B,0.887,-0.163761
Bearing B,0.888,-0.371509
Bearing B,0.889,0.274473
Bearing B,0.89,1.282327
Bearing B,0.891,1.256517
Bearing B,0.892,1.214241
Bearing B,0.893,0.345117
Bearing B,0.894,-0.276354
Bearing B,0.895,-0.429563
Bearing B,0.896,-0.25901
Bearing B,0.897,-0.350788
Bearing B,0.898,-0.069931
Bearing B,0.899,-0.21315
Bearing B,0.9,-0.68345
Bearing B,0.901,-0.841026
Bearing B,0.902,-1.675887
Bearing B,0.903,-1.22937
Bearing B,0.904,-0.760845
Bearing B,0.905,-0.600829
Bearing B,0.906,-0.686668
Bearing B,0.907,-0.185263
Bearing B,0.908,0.047926
Bearing B,0.909,0.65664
Bearing B,0.91,1.19243
Bearing B,0.911,1.489937
Bearing B,0.912,1.488743
Bearing B,0.913,0.92134
Bearing B,0.914,0.210417
Bearing B,0.915,-0.171946
Bearing B,0.916,-0.034496
Bearing B,0.917,0.1616
Bearing B,0.918,0.587031
Bearing B,0.919,0.294996
Bearing B,0.92,-0.157072
Bearing B,0.921,-0.29644
Bearing B,0.922,-0.600425
Bearing B,0.923,-0.341342
Bearing B,0.924,-0.484064
Bearing B,0.925,0.084737
Bearing B,0.926,0.013396
Bearing B,0.927,0.107761
Bearing B,0.928,0.300179
Bearing B,0.929,1.154618
Bearing B,0.93,1.836798
Bearing B,0.931,1.996007
Bearing B,0.932,1.654507
Bearing B,0.933,0.926763
Bearing B,0.934,0.234876
Bearing B,0.935,-0.250351
Bearing B,0.936,-0.280121
Bearing B,0.937,-0.243638
Bearing B,0.938,0.153507
Bearing B,0.939,0.197666
Bearing B,0.94,-0.447302
Bearing B,0.941,-0.855232
Bearing B,0.942,-0.403175
Bearing B,0.943,-0.634302
Bearing B,0.944,-0.598829
Bearing B,0.945,-0.476608
Bearing B,0.946,0.05827
Bearing B,0.947,0.181146
Bearing B,0.948,0.503826
Bearing B,0.949,0.989372
Bearing B,0.95,1.803796
Bearing B,0.951,2.050055
Bearing B,0.952,1.847214
Bearing B,0.953,1.255243
Bearing B,0.954,0.716108
Bearing B,0.955,0.250748
Bearing B,0.956,-0.256592
Bearing B,0.957,-0.235121
Bearing B,0.958,0.166493
Bearing B,0.959,-0.207161
Bearing B,0.96,-0.473067
Bearing B,0.961,-0.68987
Bearing B,0.962,-1.308307
Bearing B,0.963,-1.20784
Bearing B,0.964,-1.255701
Bearing B,0.965,-1.372205
Bearing B,0.966,-0.753345
Bearing B,0.967,-0.660198
Bearing B,0.968,0.128429
Bearing B,0.969,0.841318
Bearing B,0.97,1.247295
Bearing B,0.971,1.633268
Bearing B,0.972,1.607887
Bearing B,0.973,1.001221
Bearing B,0.974,0.328381
Bearing B,0.975,-0.106484
Bearing B,0.976,-0.16101
Bearing B,0.977,-0.044308
Bearing B,0.978,0.435306
Bearing B,0.979,0.061179
Bearing B,0.98,0.098611
Bearing B,0.981,-0.430841
Bearing B,0.982,-0.595234
Bearing B,0.983,-1.004695
Bearing B,0.984,-0.654023
Bearing B,0.985,-0.554883
Bearing B,0.986,-0.521915
Bearing B,0.987,-0.407423
Bearing B,0.988,0.326588
Bearing B,0.989,0.734021
Bearing B,0.99,1.360289
Bearing B,0.991,1.51938
Bearing B,0.992,1.342001
Bearing B,0.993,0.996761
Bearing B,0.994,-0.110144
Bearing B,0.995,-0.375424
Bearing B,0.996,-0.469444
Bearing B,0.997,-0.169671
Bearing B,0.998,-0.145448
Bearing B,0.999,0.155806
Bearing B,1.0,0.01695
Bearing B,1.001,-0.503556
Bearing B,1.002,-1.285611
Bearing B,1.003,-1.124494
Bearing B,1.004,-0.679537
Bearing B,1.005,-0.545952
Bearing B,1.006,-0.290436
Bearing B,1.007,0.035963
Bearing B,1.008,0.316169
Bearing B,1.009,0.848707
Bearing B,1.01,1.340933
Bearing B,1.011,1.618772
Bearing B,1.012,1.965626
Bearing B,1.013,1.224313
Bearing B,1.014,0.826093
Bearing B,1.015,0.377902
Bearing B,1.016,-0.13528
Bearing B,1.017,0.146623
Bearing B,1.018,0.202858
Bearing B,1.019,0.134798
Bearing B,1.02,-0.053415
Bearing B,1.021,-0.43996
Bearing B,1.022,-0.441408
Bearing B,1.023,-0.494314
Bearing B,1.024,-0.684249
Bearing B,1.025,-0.122337
Bearing B,1.026,0.130039
Bearing B,1.027,-0.190259
Bearing B,1.028,0.294044
Bearing B,1.029,1.264464
Bearing B,1.03,1.671607
Bearing B,1.031,2.032473
Bearing B,1.032,2.088755
Bearing B,1.033,1.479561
Bearing B,1.034,0.783499
Bearing B,1.035,-0.146689
Bearing B,1.036,0.175372
Bearing B,1.037,0.75682
Bearing B,1.038,0.819859
Bearing B,1.039,0.496003
Bearing B,1.04,0.212237
Bearing B,1.041,-0.266897
Bearing B,1.042,-0.829356
Bearing B,1.043,-0.40084
Bearing B,1.044,-0.435443
Bearing B,1.045,0.045271
Bearing B,1.046,0.137087
Bearing B,1.047,0.337341
Bearing B,1.048,0.941036
Bearing B,1.049,1.283407
Bearing B,1.05,1.605109
Bearing B,1.051,2.335842
Bearing B,1.052,2.070347
Bearing B,1.053,1.738303
Bearing B,1.054,0.970692
Bearing B,1.055,0.700767
Bearing B,1.056,0.545403
Bearing B,1.057,0.869479
Bearing B,1.058,0.823281
Bearing B,1.059,0.819948
Bearing B,1.06,0.53219
Bearing B,1.061,-0.030355
Bearing B,1.062,-0.651027
Bearing B,1.063,-0.637716
Bearing B,1.064,-0.181539
Bearing B,1.065,0.031611
Bearing B,1.066,0.184939
Bearing B,1.067,0.633043
Bearing B,1.068,0.894256
Bearing B,1.069,1.266719
Bearing B,1.07,2.291833
Bearing B,1.071,1.969395
Bearing B,1.072,1.802818
Bearing B,1.073,1.312226
Bearing B,1.074,0.658052
Bearing B,1.075,0.408972
Bearing B,1.076,0.265407
Bearing B,1.077,0.980945
Bearing B,1.078,0.72806
Bearing B,1.079,0.572344
Bearing B,1.08,0.207519
Bearing B,1.081,0.180589
Bearing B,1.082,-0.272268
Bearing B,1.083,-0.57924
Bearing B,1.084,-0.010313
Bearing B,1.085,-0.201884
Bearing B,1.086,0.04723
Bearing B,1.087,0.472689
Bearing B,1.088,0.568689
Bearing B,1.089,1.134349
Bearing B,1.09,2.021726
Bearing B,1.091,2.316436
Bearing B,1.092,2.119702
Bearing B,1.093,1.483478
Bearing B,1.094,0.513295
Bearing B,1.095,-0.106335
Bearing B,1.096,0.361936
Bearing B,1.097,0.107516
Bearing B,1.098,0.378241
Bearing B,1.099,0.700975
Bearing B,1.1,0.360857
Bearing B,1.101,-0.282628
Bearing B,1.102,-0.243452
Bearing B,1.103,-0.362696
Bearing B,1.104,-0.366666
Bearing B,1.105,-0.007979
Bearing B,1.106,0.198612
Bearing B,1.107,0.703349
Bearing B,1.108,1.110915
Bearing B,1.109,1.642601
Bearing B,1.11,2.177643
Bearing B,1.111,2.013584
Bearing B,1.112,2.159033
Bearing B,1.113,1.346263
Bearing B,1.114,0.592797
Bearing B,1.115,0.530855
Bearing B,1.116,0.484745
Bearing B,1.117,0.72439
Bearing B,1.118,0.695981
Bearing B,1.119,0.843175
Bearing B,1.12,0.190215
Bearing B,1.121,-0.18778
Bearing B,1.122,-0.589723
Bearing B,1.123,-0.772364
Bearing B,1.124,-0.69416
Bearing B,1.125,-0.737594
Bearing B,1.126,-0.183399
Bearing B,1.127,0.376833
Bearing B,1.128,0.6074
Bearing B,1.129,0.99872
Bearing B,1.13,1.684045
Bearing B,1.131,2.196978
Bearing B,1.132,1.881762
Bearing B,1.133,1.144672
Bearing B,1.134,0.727492
Bearing B,1.135,0.320166
Bearing B,1.136,0.157014
Bearing B,1.137,0.504877
Bearing B,1.138,0.874031
Bearing B,1.139,0.822953
Bearing B,1.14,0.650147
Bearing B,1.141,-0.09533
Bearing B,1.142,-0.063732
Bearing B,1.143,-0.401477
Bearing B,1.144,0.051416
Bearing B,1.145,0.196808
Bearing B,1.146,0.224106
Bearing B,1.147,0.26202
Bearing B,1.148,0.96788
Bearing B,1.149,1.333106
Bearing B,1.15,1.691197
Bearing B,1.151,1.954769
Bearing B,1.152,1.664921
Bearing B,1.153,1.048922
Bearing B,1.154,0.609939
Bearing B,1.155,0.082132
Bearing B,1.156,0.093463
Bearing B,1.157,0.224209
Bearing B,1.158,0.394067
Bearing B,1.159,0.709477
Bearing B,1.16,0.234587
Bearing B,1.161,-0.34438
Bearing B,1.162,-0.919789
Bearing B,1.163,-1.029278
Bearing B,1.164,-0.764097
Bearing B,1.165,-0.450347
Bearing B,1.166,-0.135644
Bearing B,1.167,-0.088643
Bearing B,1.168,0.211305
Bearing B,1.169,1.291628
Bearing B,1.17,1.577479
Bearing B,1.171,1.775885
Bearing B,1.172,1.86706
Bearing B,1.173,1.460212
Bearing B,1.174,0.718442
Bearing B,1.175,0.045896
Bearing B,1.176,0.263021
Bearing B,1.177,0.041005
Bearing B,1.178,0.002009
Bearing B,1.179,0.320806
Bearing B,1.18,-0.434389
Bearing B,1.181,-1.101299
Bearing B,1.182,-1.360365
Bearing B,1.183,-1.233819
Bearing B,1.184,-1.262574
Bearing B,1.185,-0.776846
Bearing B,1.186,-0.226282
Bearing B,1.187,-0.277352
Bearing B,1.188,-0.085912
Bearing B,1.189,0.431717
Bearing B,1.19,1.177455
Bearing B,1.191,1.417176
Bearing B,1.192,1.563409
Bearing B,1.193,1.038574
Bearing B,1.194,0.489574
Bearing B,1.195,-0.141779
Bearing B,1.196,-0.132739
Bearing B,1.197,-0.268302
Bearing B,1.198,0.108707
Bearing B,1.199,-0.00046
Bearing B,1.2,-0.301379
Bearing B,1.201,-0.880538
Bearing B,1.202,-1.153893
Bearing B,1.203,-1.389241
Bearing B,1.204,-1.3965
Bearing B,1.205,-0.959602
Bearing B,1.206,-0.654244
Bearing B,1.207,-0.522588
Bearing B,1.208,-0.273747
Bearing B,1.209,0.293243
Bearing B,1.21,0.969742
Bearing B,1.211,1.302145
Bearing B,1.212,1.414179
Bearing B,1.213,0.893859
Bearing B,1.214,0.121229
Bearing B,1.215,-0.511119
Bearing B,1.216,-0.350015
Bearing B,1.217,-0.181558
Bearing B,1.218,0.180611
Bearing B,1.219,-0.428295
Bearing B,1.22,-1.128288
Bearing B,1.221,-1.278336
Bearing B,1.222,-1.72379
Bearing B,1.223,-1.470041
Bearing B,1.224,-0.915445
Bearing B,1.225,-0.535286
Bearing B,1.226,-0.468257
Bearing B,1.227,0.291025
Bearing B,1.228,0.198545
Bearing B,1.229,0.711431
Bearing B,1.23,1.564079
Bearing B,1.231,2.003988
Bearing B,1.232,1.639819
Bearing B,1.233,1.491294
Bearing B,1.234,0.515986
Bearing B,1.235,-0.136298
Bearing B,1.236,-0.794493
Bearing B,1.237,-0.292711
Bearing B,1.238,-0.024618
Bearing B,1.239,-0.175651
Bearing B,1.24,-0.096287
Bearing B,1.241,-0.809815
Bearing B,1.242,-1.319399
Bearing B,1.243,-1.131101
Bearing B,1.244,-1.053383
Bearing B,1.245,-0.441292
Bearing B,1.246,-0.502071
Bearing B,1.247,-0.235667
Bearing B,1.248,0.329981
Bearing B,1.249,0.90979
Bearing B,1.25,1.676608
Bearing B,1.251,1.576185
Bearing B,1.252,1.32896
Bearing B,1.253,0.699831
Bearing B,1.254,0.231888
Bearing B,1.255,-0.205386
Bearing B,1.256,-0.550209
Bearing B,1.257,-0.037117
Bearing B,1.258,-0.110906
Bearing B,1.259,0.212487
Bearing B,1.26,-0.671995
Bearing B,1.261,-1.137058
Bearing B,1.262,-0.972235
Bearing B,1.263,-0.837657
Bearing B,1.264,-0.787776
Bearing B,1.265,-0.500807
Bearing B,1.266,-0.453294
Bearing B,1.267,0.04602
Bearing B,1.268,0.30509
Bearing B,1.269,0.739985
Bearing B,1.27,1.866743
Bearing B,1.271,1.723091
Bearing B,1.272,1.857784
Bearing B,1.273,1.311583
Bearing B,1.274,0.528476
Bearing B,1.275,0.146983
Bearing B,1.276,-0.032362
Bearing B,1.277,0.211161
Bearing B,1.278,-0.012297
Bearing B,1.279,-0.25598
Bearing B,1.28,-0.577243
Bearing B,1.281,-0.786924
Bearing B,1.282,-1.575288
Bearing B,1.283,-1.443339
Bearing B,1.284,-0.92585
Bearing B,1.285,-1.025702
Bearing B,1.286,-0.563563
Bearing B,1.287,-0.399937
Bearing B,1.288,0.033968
Bearing B,1.289,0.680706
Bearing B,1.29,1.421859
Bearing B,1.291,1.785648
Bearing B,1.292,1.457948
Bearing B,1.293,1.044667
Bearing B,1.294,0.261713
Bearing B,1.295,0.022773
Bearing B,1.296,-0.085943
Bearing B,1.297,0.098456
Bearing B,1.298,0.300064
Bearing B,1.299,-0.199069
Bearing B,1.3,-0.32832
Bearing B,1.301,-1.115717
Bearing B,1.302,-1.213636
Bearing B,1.303,-0.929917
Bearing B,1.304,-0.685655
Bearing B,1.305,-0.352796
Bearing B,1.306,-0.121682
Bearing B,1.307,-0.101911
Bearing B,1.308,0.681143
Bearing B,1.309,1.115689
Bearing B,1.31,1.776432
Bearing B,1.311,1.628205
Bearing B,1.312,1.731411
Bearing B,1.313,1.095886
Bearing B,1.314,0.454891
Bearing B,1.315,0.351807
Bearing B,1.316,0.009571
Bearing B,1.317,-0.002529
Bearing B,1.318,0.097735
Bearing B,1.319,0.014313
Bearing B,1.32,-0.652624
Bearing B,1.321,-0.618725
Bearing B,1.322,-0.810754
Bearing B,1.323,-1.104029
Bearing B,1.324,-0.68536
Bearing B,1.325,-0.607335
Bearing B,1.326,-0.593289
Bearing B,1.327,-0.180593
Bearing B,1.328,0.341638
Bearing B,1.329,1.223708
Bearing B,1.33,1.763261
Bearing B,1.331,2.068947
Bearing B,1.332,2.255354
Bearing B,1.333,2.031346
Bearing B,1.334,1.153834
Bearing B,1.335,0.955123
Bearing B,1.336,0.594019
Bearing B,1.337,0.582539
Bearing B,1.338,0.447721
Bearing B,1.339,0.684666
Bearing B,1.34,0.227722
Bearing B,1.341,-0.4826
Bearing B,1.342,-0.706852
Bearing B,1.343,-0.664288
Bearing B,1.344,-0.321459
Bearing B,1.345,-0.302397
Bearing B,1.346,-0.155364
Bearing B,1.347,0.073312
Bearing B,1.348,0.34158
Bearing B,1.349,1.230098
Bearing B,1.35,1.821864
Bearing B,1.351,1.638908
Bearing B,1.352,1.33847
Bearing B,1.353,1.101006
Bearing B,1.354,0.544566
Bearing B,1.355,-0.110007
Bearing B,1.356,0.042007
Bearing B,1.357,0.229267
Bearing B,1.358,0.079467
Bearing B,1.359,0.219538
Bearing B,1.36,-0.196971
Bearing B,1.361,-0.4838
Bearing B,1.362,-0.875779
Bearing B,1.363,-0.277181
Bearing B,1.364,-0.392801
Bearing B,1.365,-0.170542
Bearing B,1.366,-0.122372
Bearing B,1.367,-0.08163
Bearing B,1.368,0.172451
Bearing B,1.369,0.774856
Bearing B,1.37,1.275963
Bearing B,1.371,1.711971
Bearing B,1.372,1.839432
Bearing B,1.373,1.531525
Bearing B,1.374,0.874105
Bearing B,1.375,0.125621
Bearing B,1.376,0.427816
Bearing B,1.377,0.202092
Bearing B,1.378,0.264031
Bearing B,1.379,0.070212
Bearing B,1.38,-0.4363
Bearing B,1.381,-0.880114
Bearing B,1.382,-0.514711
Bearing B,1.383,-0.744491
Bearing B,1.384,-0.661668
Bearing B,1.385,-0.31433
Bearing B,1.386,0.014445
Bearing B,1.387,-0.437311
Bearing B,1.388,-0.050295
Bearing B,1.389,0.686925
Bearing B,1.39,1.43282
Bearing B,1.391,1.83055
Bearing B,1.392,1.283612
Bearing B,1.393,0.944404
Bearing B,1.394,0.234055
Bearing B,1.395,0.230298
Bearing B,1.396,-0.240396
Bearing B,1.397,-0.033606
Bearing B,1.398,0.233678
Bearing B,1.399,0.25512
Bearing B,1.4,0.147155
Bearing B,1.401,-0.657679
Bearing B,1.402,-1.320948
Bearing B,1.403,-0.895285
Bearing B,1.404,-0.686487
Bearing B,1.405,-0.458298
Bearing B,1.406,-0.289832
Bearing B,1.407,-0.197818
Bearing B,1.408,0.118202
Bearing B,1.409,0.67382
Bearing B,1.41,1.248755
Bearing B,1.411,1.626978
Bearing B,1.412,1.492315
Bearing B,1.413,0.504947
Bearing B,1.414,0.317876
Bearing B,1.415,-0.019608
Bearing B,1.416,-0.228138
Bearing B,1.417,-0.079098
Bearing B,1.418,0.155047
Bearing B,1.419,-0.078411
Bearing B,1.42,-0.648236
Bearing B,1.421,-1.134155
Bearing B,1.422,-1.195061
Bearing B,1.423,-0.879066
Bearing B,1.424,-1.161328
Bearing B,1.425,-0.563578
Bearing B,1.426,-0.477403
Bearing B,1.427,-0.346378
Bearing B,1.428,0.095033
Bearing B,1.429,0.4899
Bearing B,1.43,1.084051
Bearing B,1.431,1.298796
Bearing B,1.432,1.08695
Bearing B,1.433,0.709159
Bearing B,1.434,-0.067366
Bearing B,1.435,-0.132253
Bearing B,1.436,-0.086666
Bearing B,1.437,0.291523
Bearing B,1.438,0.35223
Bearing B,1.439,0.467383
Bearing B,1.44,0.273673
Bearing B,1.441,-0.18558
Bearing B,1.442,-0.92189
Bearing B,1.443,-0.908435
Bearing B,1.444,-0.540388
Bearing B,1.445,-0.500133
Bearing B,1.446,-0.231151
Bearing B,1.447,-0.127926
Bearing B,1.448,0.447273
Bearing B,1.449,0.789838
Bearing B,1.45,1.510246
Bearing B,1.451,2.080381
Bearing B,1.452,1.744225
Bearing B,1.453,0.747513
Bearing B,1.454,0.027295
Bearing B,1.455,-0.093593
Bearing B,1.456,-0.250828
Bearing B,1.457,0.235474
Bearing B,1.458,0.571881
Bearing B,1.459,0.317587
Bearing B,1.46,-0.169108
Bearing B,1.461,-0.658104
Bearing B,1.462,-0.80097
Bearing B,1.463,-0.925662
Bearing B,1.464,-0.992567
Bearing B,1.465,-0.957133
Bearing B,1.466,-0.634309
Bearing B,1.467,-0.033579
Bearing B,1.468,0.616403
Bearing B,1.469,1.046951
Bearing B,1.47,1.178471
Bearing B,1.471,1.627453
Bearing B,1.472,1.995815
Bearing B,1.473,1.401937
Bearing B,1.474,0.824236
Bearing B,1.475,0.240398
Bearing B,1.476,0.094916
Bearing B,1.477,0.298556
Bearing B,1.478,0.409687
Bearing B,1.479,0.248328
Bearing B,1.48,-0.11612
Bearing B,1.481,-0.92725
Bearing B,1.482,-0.965351
Bearing B,1.483,-0.972112
Bearing B,1.484,-0.793242
Bearing B,1.485,-0.581532
Bearing B,1.486,-0.37242
Bearing B,1.487,-0.012638
Bearing B,1.488,0.553951
Bearing B,1.489,1.416558
Bearing B,1.49,2.087607
Bearing B,1.491,2.404041
Bearing B,1.492,1.606567
Bearing B,1.493,0.812799
Bearing B,1.494,0.554953
Bearing B,1.495,0.158649
Bearing B,1.496,0.073337
Bearing B,1.497,0.301082
Bearing B,1.498,0.327685
Bearing B,1.499,-0.064598
Bearing B,1.5,-0.300363
Bearing B,1.501,-0.411618
Bearing B,1.502,-0.757391
Bearing B,1.503,-0.807227
Bearing B,1.504,-0.490994
Bearing B,1.505,-0.104224
Bearing B,1.506,-0.195173
Bearing B,1.507,0.17742
Bearing B,1.508,0.639936
Bearing B,1.509,1.302939
Bearing B,1.51,1.756689
Bearing B,1.511,1.640902
Bearing B,1.512,1.518973
Bearing B,1.513,0.994034
Bearing B,1.514,0.067042
Bearing B,1.515,-0.331666
Bearing B,1.516,-0.321969
Bearing B,1.517,-0.022858
Bearing B,1.518,0.440967
Bearing B,1.519,-0.253044
Bearing B,1.52,-0.564412
Bearing B,1.521,-0.60354
Bearing B,1.522,-0.987052
Bearing B,1.523,-1.208042
Bearing B,1.524,-1.014125
Bearing B,1.525,-0.974408
Bearing B,1.526,-0.182649
Bearing B,1.527,-0.12922
Bearing B,1.528,0.213167
Bearing B,1.529,0.77508
Bearing B,1.53,1.431644
Bearing B,1.531,1.612193
Bearing B,1.532,1.295417
Bearing B,1.533,0.807835
Bearing B,1.534,-0.079168
Bearing B,1.535,-0.30791
Bearing B,1.536,-0.552571
Bearing B,1.537,-0.537717
Bearing B,1.538,-0.187256
Bearing B,1.539,-0.263404
Bearing B,1.54,-0.827293
Bearing B,1.541,-1.117854
Bearing B,1.542,-1.630408
Bearing B,1.543,-1.273197
Bearing B,1.544,-1.122491
Bearing B,1.545,-0.657135
Bearing B,1.546,-0.660735
Bearing B,1.547,-0.447473
Bearing B,1.548,-0.175194
Bearing B,1.549,0.844164
Bearing B,1.55,1.238643
Bearing B,1.551,1.37045
Bearing B,1.552,0.970482
Bearing B,1.553,0.705729
Bearing B,1.554,0.043578
Bearing B,1.555,-0.518385
Bearing B,1.556,-0.248071
Bearing B,1.557,-0.373796
Bearing B,1.558,-0.078157
Bearing B,1.559,-0.01622
Bearing B,1.56,-0.528826
Bearing B,1.561,-1.288025
Bearing B,1.562,-1.556457
Bearing B,1.563,-1.418293
Bearing B,1.564,-1.332994
Bearing B,1.565,-1.023243
Bearing B,1.566,-0.733581
Bearing B,1.567,-0.459427
Bearing B,1.568,-0.011885
Bearing B,1.569,0.858368
Bearing B,1.57,1.427114
Bearing B,1.571,1.368111
Bearing B,1.572,1.065042
Bearing B,1.573,0.885634
Bearing B,1.574,0.624166
Bearing B,1.575,0.193863
Bearing B,1.576,-0.057207
Bearing B,1.577,-0.011878
Bearing B,1.578,0.36386
Bearing B,1.579,0.550819
Bearing B,1.58,-0.065373
Bearing B,1.581,-0.73726
Bearing B,1.582,-0.845617
Bearing B,1.583,-0.757002
Bearing B,1.584,-0.927262
Bearing B,1.585,-0.824286
Bearing B,1.586,-0.310325
Bearing B,1.587,-0.114255
Bearing B,1.588,0.41125
Bearing B,1.589,1.195545
Bearing B,1.59,1.498135
Bearing B,1.591,1.891727
Bearing B,1.592,1.360072
Bearing B,1.593,0.801778
Bearing B,1.594,0.076
Bearing B,1.595,-0.320998
Bearing B,1.596,-0.139134
Bearing B,1.597,-0.164053
Bearing B,1.598,-0.198526
Bearing B,1.599,0.090358
Bearing B,1.6,-0.557814
Bearing B,1.601,-1.142456
Bearing B,1.602,-1.332413
Bearing B,1.603,-1.106486
Bearing B,1.604,-0.704336
Bearing B,1.605,-0.7271
Bearing B,1.606,-0.166704
Bearing B,1.607,-0.079605
Bearing B,1.608,0.303468
Bearing B,1.609,0.635801
Bearing B,1.61,1.330476
Bearing B,1.611,1.510501
Bearing B,1.612,1.252937
Bearing B,1.613,0.629339
Bearing B,1.614,0.224631
Bearing B,1.615,-0.187111
Bearing B,1.616,-0.491542
Bearing B,1.617,-0.153366
Bearing B,1.618,-0.223677
Bearing B,1.619,-0.349787
Bearing B,1.62,-0.855836
Bearing B,1.621,-1.173471
Bearing B,1.622,-1.51039
Bearing B,1.623,-0.959141
Bearing B,1.624,-0.585349
Bearing B,1.625,-0.71908
Bearing B,1.626,-0.821291
Bearing B,1.627,-0.456565
Bearing B,1.628,0.096067
Bearing B,1.629,0.726259
Bearing B,1.63,1.297195
Bearing B,1.631,1.34946
Bearing B,1.632,1.292342
Bearing B,1.633,0.648209
Bearing B,1.634,-0.010384
Bearing B,1.635,-0.184206
Bearing B,1.636,-0.203871
Bearing B,1.637,-0.059193
Bearing B,1.638,-0.091108
Bearing B,1.639,0.37664
Bearing B,1.64,-0.501473
Bearing B,1.641,-0.991394
Bearing B,1.642,-1.356452
Bearing B,1.643,-1.290241
Bearing B,1.644,-1.063042
Bearing B,1.645,-0.828341
Bearing B,1.646,-0.312734
Bearing B,1.647,-0.297215
Bearing B,1.648,0.000318
Bearing B,1.649,0.458235
Bearing B,1.65,1.48393
Bearing B,1.651,1.728849
Bearing B,1.652,1.678542
Bearing B,1.653,1.298109
Bearing B,1.654,0.53714
Bearing B,1.655,-0.216087
Bearing B,1.656,0.011465
Bearing B,1.657,-0.087927
Bearing B,1.658,0.399717
Bearing B,1.659,0.410489
Bearing B,1.66,-0.188721
Bearing B,1.661,-0.58584
Bearing B,1.662,-1.229064
Bearing B,1.663,-0.825134
Bearing B,1.664,-0.723364
Bearing B,1.665,-0.865556
Bearing B,1.666,-0.256547
Bearing B,1.667,0.183355
Bearing B,1.668,0.187804
Bearing B,1.669,1.147728
Bearing B,1.67,1.377669
Bearing B,1.671,1.641616
Bearing B,1.672,1.663107
Bearing B,1.673,0.87821
Bearing B,1.674,0.058514
Bearing B,1.675,-0.58839
Bearing B,1.676,-0.751082
Bearing B,1.677,-0.551274
Bearing B,1.678,-0.182941
Bearing B,1.679,0.047532
Bearing B,1.68,-0.545721
Bearing B,1.681,-0.888793
Bearing B,1.682,-1.589048
Bearing B,1.683,-1.23847
Bearing B,1.684,-1.188296
Bearing B,1.685,-0.575591
Bearing B,1.686,-0.774591
Bearing B,1.687,-0.288135
Bearing B,1.688,-0.089029
Bearing B,1.689,0.655685
Bearing B,1.69,1.396215
Bearing B,1.691,1.416931
Bearing B,1.692,1.23049
Bearing B,1.693,0.687326
Bearing B,1.694,0.323521
Bearing B,1.695,-0.152912
Bearing B,1.696,-0.032095
Bearing B,1.697,0.386105
Bearing B,1.698,0.509918
Bearing B,1.699,0.308011
Bearing B,1.7,-0.096111
Bearing B,1.701,-0.550119
Bearing B,1.702,-0.932284
Bearing B,1.703,-0.971615
Bearing B,1.704,-1.165013
Bearing B,1.705,-1.00453
Bearing B,1.706,-0.553814
Bearing B,1.707,0.176726
Bearing B,1.708,0.101534
Bearing B,1.709,0.697073
Bearing B,1.71,1.423928
Bearing B,1.711,1.542761
Bearing B,1.712,1.584139
Bearing B,1.713,1.181343
Bearing B,1.714,0.205549
Bearing B,1.715,-0.077559
Bearing B,1.716,0.117382
Bearing B,1.717,0.109382
Bearing B,1.718,0.568905
Bearing B,1.719,0.170285
Bearing B,1.72,-0.612156
Bearing B,1.721,-0.638018
Bearing B,1.722,-0.889003
Bearing B,1.723,-0.682274
Bearing B,1.724,-0.878918
Bearing B,1.725,-0.708393
Bearing B,1.726,-0.22856
Bearing B,1.727,-0.033611
Bearing B,1.728,0.399843
Bearing B,1.729,0.783199
Bearing B,1.73,1.039373
Bearing B,1.731,1.572471
Bearing B,1.732,1.582442
Bearing B,1.733,0.961553
Bearing B,1.734,0.254051
Bearing B,1.735,-0.43593
Bearing B,1.736,-0.160204
Bearing B,1.737,0.0122
Bearing B,1.738,-0.169073
Bearing B,1.739,0.107772
Bearing B,1.74,-0.127549
Bearing B,1.741,-0.757205
Bearing B,1.742,-0.741355
Bearing B,1.743,-0.731602
Bearing B,1.744,-0.901692
Bearing B,1.745,-0.851403
Bearing B,1.746,-0.386892
Bearing B,1.747,0.300436
Bearing B,1.748,0.448971
Bearing B,1.749,1.413685
Bearing B,1.75,1.942622
Bearing B,1.751,2.100262
Bearing B,1.752,2.047595
Bearing B,1.753,1.258454
Bearing B,1.754,0.733876
Bearing B,1.755,-0.245496
Bearing B,1.756,0.028729
Bearing B,1.757,0.254375
Bearing B,1.758,0.159021
Bearing B,1.759,0.320879
Bearing B,1.76,0.047824
Bearing B,1.761,-0.400663
Bearing B,1.762,-0.68071
Bearing B,1.763,-0.525446
Bearing B,1.764,-0.786109
Bearing B,1.765,-0.997741
Bearing B,1.766,-0.454266
Bearing B,1.767,-0.314502
Bearing B,1.768,0.29456
Bearing B,1.769,0.851041
Bearing B,1.77,1.330947
Bearing B,1.771,1.787427
Bearing B,1.772,1.988705
Bearing B,1.773,1.37729
Bearing B,1.774,0.605246
Bearing B,1.775,-0.018115
Bearing B,1.776,0.139994
Bearing B,1.777,-0.034231
Bearing B,1.778,0.413379
Bearing B,1.779,0.229087
Bearing B,1.78,-0.141743
Bearing B,1.781,-0.9018
Bearing B,1.782,-1.278133
Bearing B,1.783,-0.828586
Bearing B,1.784,-1.121077
Bearing B,1.785,-0.96699
Bearing B,1.786,-0.864662
Bearing B,1.787,-0.640227
Bearing B,1.788,-0.265193
Bearing B,1.789,0.871647
Bearing B,1.79,1.173864
Bearing B,1.791,1.196106
Bearing B,1.792,0.996129
Bearing B,1.793,0.833168
Bearing B,1.794,0.199922
Bearing B,1.795,-0.45036
Bearing B,1.796,-0.436694
Bearing B,1.797,-0.402302
Bearing B,1.798,-0.063296
Bearing B,1.799,-0.39934
Bearing B,1.8,-0.467694
Bearing B,1.801,-0.835955
Bearing B,1.802,-0.91301
Bearing B,1.803,-1.196717
Bearing B,1.804,-0.698822
Bearing B,1.805,-0.538102
Bearing B,1.806,-0.257037
Bearing B,1.807,-0.289766
Bearing B,1.808,0.187661
Bearing B,1.809,0.568972
Bearing B,1.81,1.259618
Bearing B,1.811,1.342665
Bearing B,1.812,1.198854
Bearing B,1.813,1.000974
Bearing B,1.814,0.384481
Bearing B,1.815,0.334504
Bearing B,1.816,0.092605
Bearing B,1.817,0.103802
Bearing B,1.818,0.507627
Bearing B,1.819,0.126072
Bearing B,1.82,-0.151059
Bearing B,1.821,-0.188817
Bearing B,1.822,-0.741818
Bearing B,1.823,-0.616625
Bearing B,1.824,-0.552921
Bearing B,1.825,-0.835822
Bearing B,1.826,0.019188
Bearing B,1.827,0.337197
Bearing B,1.828,0.734731
Bearing B,1.829,1.115566
Bearing B,1.83,1.770532
Bearing B,1.831,2.095922
Bearing B,1.832,1.520545
Bearing B,1.833,0.942783
Bearing B,1.834,0.484767
Bearing B,1.835,0.055464
Bearing B,1.836,0.007154
Bearing B,1.837,-0.396543
Bearing B,1.838,-0.360116
Bearing B,1.839,-0.408489
Bearing B,1.84,-0.74597
Bearing B,1.841,-1.322432
Bearing B,1.842,-1.439954
Bearing B,1.843,-1.563706
Bearing B,1.844,-1.394001
Bearing B,1.845,-0.996066
Bearing B,1.846,-1.023856
Bearing B,1.847,-0.604915
Bearing B,1.848,-0.041979
Bearing B,1.849,0.283645
Bearing B,1.85,0.647243
Bearing B,1.851,1.383724
Bearing B,1.852,1.071615
Bearing B,1.853,0.741747
Bearing B,1.854,0.147231
Bearing B,1.855,0.004839
Bearing B,1.856,-0.444207
Bearing B,1.857,0.00943
Bearing B,1.858,-0.353565
Bearing B,1.859,-0.759261
Bearing B,1.86,-0.760253
Bearing B,1.861,-1.210995
Bearing B,1.862,-1.276409
Bearing B,1.863,-1.198448
Bearing B,1.864,-0.849121
Bearing B,1.865,-0.728105
Bearing B,1.866,-0.671774
Bearing B,1.867,-0.493524
Bearing B,1.868,-0.023082
Bearing B,1.869,0.549205
Bearing B,1.87,1.347267
Bearing B,1.871,1.501652
Bearing B,1.872,1.177512
Bearing B,1.873,0.767843
Bearing B,1.874,0.119652
Bearing B,1.875,-0.381179
Bearing B,1.876,-0.393182
Bearing B,1.877,-0.311156
Bearing B,1.878,-0.151205
Bearing B,1.879,-0.06282
Bearing B,1.88,-0.035356
Bearing B,1.881,-0.730351
Bearing B,1.882,-1.172969
Bearing B,1.883,-1.284692
Bearing B,1.884,-1.126249
Bearing B,1.885,-0.723804
Bearing B,1.886,-0.390535
Bearing B,1.887,0.093973
Bearing B,1.888,0.196171
Bearing B,1.889,0.696522
Bearing B,1.89,1.315573
Bearing B,1.891,1.636707
Bearing B,1.892,1.398882
Bearing B,1.893,0.678773
Bearing B,1.894,0.223489
Bearing B,1.895,-0.36196
Bearing B,1.896,-0.248913
Bearing B,1.897,0.263824
Bearing B,1.898,0.128722
Bearing B,1.899,-0.436843
Bearing B,1.9,-0.722653
Bearing B,1.901,-0.792381
Bearing B,1.902,-1.090195
Bearing B,1.903,-0.949461
Bearing B,1.904,-0.837823
Bearing B,1.905,-0.717776
Bearing B,1.906,-0.131717
Bearing B,1.907,-0.129092
Bearing B,1.908,0.458888
Bearing B,1.909,0.838249
Bearing B,1.91,1.271461
Bearing B,1.911,1.548148
Bearing B,1.912,1.592723
Bearing B,1.913,0.996996
Bearing B,1.914,0.340317
Bearing B,1.915,-0.042921
Bearing B,1.916,0.17196
Bearing B,1.917,-0.229965
Bearing B,1.918,0.042636
Bearing B,1.919,0.333253
Bearing B,1.92,-0.050455
Bearing B,1.921,-0.578043
Bearing B,1.922,-1.088205
Bearing B,1.923,-1.187377
Bearing B,1.924,-0.968646
Bearing B,1.925,-0.53151
Bearing B,1.926,-0.18432
Bearing B,1.927,-0.416755
Bearing B,1.928,0.268961
Bearing B,1.929,1.029272
Bearing B,1.93,1.427242
Bearing B,1.931,1.987243
Bearing B,1.932,1.756618
Bearing B,1.933,1.023169
Bearing B,1.934,0.567824
Bearing B,1.935,0.187885
Bearing B,1.936,-0.040412
Bearing B,1.937,0.487059
Bearing B,1.938,-0.407028
Bearing B,1.939,-0.176114
Bearing B,1.94,-0.456354
Bearing B,1.941,-0.969967
Bearing B,1.942,-0.914476
Bearing B,1.943,-1.106448
Bearing B,1.944,-0.980085
Bearing B,1.945,-0.690341
Bearing B,1.946,-0.557403
Bearing B,1.947,-0.520003
Bearing B,1.948,-0.089599
Bearing B,1.949,0.475971
Bearing B,1.95,1.510892
Bearing B,1.951,1.823289
Bearing B,1.952,1.742097
Bearing B,1.953,0.87719
Bearing B,1.954,0.379326
Bearing B,1.955,0.280096
Bearing B,1.956,0.074453
Bearing B,1.957,0.137712
Bearing B,1.958,0.240866
Bearing B,1.959,-0.16379
Bearing B,1.96,-0.421418
Bearing B,1.961,-1.0872
Bearing B,1.962,-1.396217
Bearing B,1.963,-0.973282
Bearing B,1.964,-1.176561
Bearing B,1.965,-0.761555
Bearing B,1.966,-0.512908
Bearing B,1.967,-0.226852
Bearing B,1.968,0.392099
Bearing B,1.969,0.757848
Bearing B,1.97,1.444612
Bearing B,1.971,1.954406
Bearing B,1.972,1.586203
Bearing B,1.973,1.15111
Bearing B,1.974,0.560148
Bearing B,1.975,-0.349405
Bearing B,1.976,-0.236718
Bearing B,1.977,0.059146
Bearing B,1.978,-0.039633
Bearing B,1.979,-0.061673
Bearing B,1.98,-0.648355
Bearing B,1.981,-1.092481
Bearing B,1.982,-1.276295
Bearing B,1.983,-1.216884
Bearing B,1.984,-0.953561
Bearing B,1.985,-0.869374
Bearing B,1.986,-1.086588
Bearing B,1.987,-0.829279
Bearing B,1.988,-0.524335
Bearing B,1.989,0.439882
Bearing B,1.99,0.979628
Bearing B,1.991,1.126104
Bearing B,1.992,1.100752
Bearing B,1.993,0.814486
Bearing B,1.994,-0.421873
Bearing B,1.995,-0.811692
Bearing B,1.996,-1.265398
Bearing B,1.997,-0.723234
Bearing B,1.998,-0.449346
Bearing B,1.999,-0.579354
Bearing B,2.0,-0.793572
Bearing B,2.001,-1.138176
Bearing B,2.002,-1.422499
Bearing B,2.003,-1.516745
Bearing B,2.004,-0.901921
Bearing B,2.005,-1.084995
Bearing B,2.006,-1.020774
Bearing B,2.007,-0.451802
Bearing B,2.008,-0.103721
Bearing B,2.009,0.576879
Bearing B,2.01,1.222679
Bearing B,2.011,1.828546
Bearing B,2.012,1.39623
Bearing B,2.013,1.003074
Bearing B,2.014,0.238202
Bearing B,2.015,-0.232684
Bearing B,2.016,-0.483244
Bearing B,2.017,-0.135035
Bearing B,2.018,-0.182904
Bearing B,2.019,-0.312679
Bearing B,2.02,-0.431146
Bearing B,2.021,-0.947588
Bearing B,2.022,-1.177384
Bearing B,2.023,-1.229072
Bearing B,2.024,-0.99092
Bearing B,2.025,-0.536923
Bearing B,2.026,-0.527247
Bearing B,2.027,-0.588371
Bearing B,2.028,-0.459668
Bearing B,2.029,0.298331
Bearing B,2.03,1.043038
Bearing B,2.031,1.466298
Bearing B,2.032,1.129163
Bearing B,2.033,0.567371
Bearing B,2.034,0.289558
Bearing B,2.035,-0.459325
Bearing B,2.036,-0.680065
Bearing B,2.037,-0.177743
Bearing B,2.038,0.224141
Bearing B,2.039,0.208445
Bearing B,2.04,-0.387377
Bearing B,2.041,-0.776014
Bearing B,2.042,-1.065164
Bearing B,2.043,-1.030595
Bearing B,2.044,-0.837396
Bearing B,2.045,-0.848587
Bearing B,2.046,-0.749265
Bearing B,2.047,-0.544757
Bearing B,2.048,-0.336215
Bearing B,2.049,0.297359
Bearing B,2.05,1.157484
Bearing B,2.051,1.433708
Bearing B,2.052,1.090455
Bearing B,2.053,0.670845
Bearing B,2.054,0.185102
Bearing B,2.055,-0.180237
Bearing B,2.056,-0.394027
Bearing B,2.057,-0.275934
Bearing B,2.058,-0.114224
Bearing B,2.059,-0.449768
Bearing B,2.06,-0.557072
Bearing B,2.061,-1.302307
Bearing B,2.062,-1.015536
Bearing B,2.063,-1.0069
Bearing B,2.064,-0.829521
Bearing B,2.065,-0.434725
Bearing B,2.066,-0.458748
Bearing B,2.067,-0.466904
Bearing B,2.068,-0.023508
Bearing B,2.069,0.386258
Bearing B,2.07,1.386131
Bearing B,2.071,1.306698
Bearing B,2.072,1.206146
Bearing B,2.073,0.602363
Bearing B,2.074,-0.302409
Bearing B,2.075,-0.387696
Bearing B,2.076,-0.354134
Bearing B,2.077,-0.178897
Bearing B,2.078,0.166535
Bearing B,2.079,0.169974
Bearing B,2.08,-0.460615
Bearing B,2.081,-0.597527
Bearing B,2.082,-1.174697
Bearing B,2.083,-0.886826
Bearing B,2.084,-0.404599
Bearing B,2.085,-0.760024
Bearing B,2.086,-0.362015
Bearing B,2.087,-0.156395
Bearing B,2.088,0.104653
Bearing B,2.089,0.610065
Bearing B,2.09,1.228829
Bearing B,2.091,1.611488
Bearing B,2.092,1.49065
Bearing B,2.093,0.494954
Bearing B,2.094,0.159171
Bearing B,2.095,-0.101414
Bearing B,2.096,-0.481509
Bearing B,2.097,0.137549
Bearing B,2.098,0.391685
Bearing B,2.099,0.289175
Bearing B,2.1,0.111737
Bearing B,2.101,-0.401881
Bearing B,2.102,-1.00105
Bearing B,2.103,-1.072507
Bearing B,2.104,-0.533796
Bearing B,2.105,-0.475029
Bearing B,2.106,-0.664006
Bearing B,2.107,-0.193034
Bearing B,2.108,0.292563
Bearing B,2.109,0.982951
Bearing B,2.11,1.278055
Bearing B,2.111,1.701249
Bearing B,2.112,1.029555
Bearing B,2.113,0.812011
Bearing B,2.114,0.32687
Bearing B,2.115,-0.401118
Bearing B,2.116,0.457365
Bearing B,2.117,0.33033
Bearing B,2.118,0.494508
Bearing B,2.119,-0.112182
Bearing B,2.12,-0.888709
Bearing B,2.121,-1.377833
Bearing B,2.122,-1.567186
Bearing B,2.123,-1.439164
Bearing B,2.124,-1.421744
Bearing B,2.125,-0.973618
Bearing B,2.126,-0.770945
Bearing B,2.127,-0.371792
Bearing B,2.128,0.132281
Bearing B,2.129,0.666649
Bearing B,2.13,1.089966
Bearing B,2.131,1.223623
Bearing B,2.132,1.22949
Bearing B,2.133,0.299132
Bearing B,2.134,-0.189984
Bearing B,2.135,-0.429203
Bearing B,2.136,-0.414547
Bearing B,2.137,-0.289531
Bearing B,2.138,-0.023816
Bearing B,2.139,0.251689
Bearing B,2.14,-0.428756
Bearing B,2.141,-1.146282
Bearing B,2.142,-1.340719
Bearing B,2.143,-1.095844
Bearing B,2.144,-0.993343
Bearing B,2.145,-0.776994
Bearing B,2.146,-0.623852
Bearing B,2.147,-0.293581
Bearing B,2.148,-0.142909
Bearing B,2.149,0.123461
Bearing B,2.15,0.774779
Bearing B,2.151,1.532933
Bearing B,2.152,1.140601
Bearing B,2.153,0.45855
Bearing B,2.154,0.34543
Bearing B,2.155,-0.30906
Bearing B,2.156,-0.254922
Bearing B,2.157,-0.423594
Bearing B,2.158,-0.191323
Bearing B,2.159,-0.488116
Bearing B,2.16,-0.747886
Bearing B,2.161,-0.870736
Bearing B,2.162,-1.272131
Bearing B,2.163,-1.247499
Bearing B,2.164,-1.126786
Bearing B,2.165,-0.52303
Bearing B,2.166,-0.687624
Bearing B,2.167,-0.260938
Bearing B,2.168,-0.333158
Bearing B,2.169,0.075367
Bearing B,2.17,0.92204
Bearing B,2.171,1.291569
Bearing B,2.172,0.854291
Bearing B,2.173,0.69789
Bearing B,2.174,-0.176784
Bearing B,2.175,-0.427548
Bearing B,2.176,-0.235517
Bearing B,2.177,-0.092542
Bearing B,2.178,0.279908
Bearing B,2.179,-0.055997
Bearing B,2.18,-0.66416
Bearing B,2.181,-1.140672
Bearing B,2.182,-1.266522
Bearing B,2.183,-0.942301
Bearing B,2.184,-0.903607
Bearing B,2.185,-0.781464
Bearing B,2.186,-0.346147
Bearing B,2.187,-0.196932
Bearing B,2.188,0.086383
Bearing B,2.189,0.644924
Bearing B,2.19,1.044647
Bearing B,2.191,1.328553
Bearing B,2.192,1.078378
Bearing B,2.193,0.385779
Bearing B,2.194,-0.142386
Bearing B,2.195,-0.621872
Bearing B,2.196,-0.794838
Bearing B,2.197,-0.489738
Bearing B,2.198,-0.541078
Bearing B,2.199,-0.492922
Bearing B,2.2,-0.63587
Bearing B,2.201,-0.996616
Bearing B,2.202,-1.708563
Bearing B,2.203,-1.743449
Bearing B,2.204,-1.455394
Bearing B,2.205,-1.200255
Bearing B,2.206,-0.823051
Bearing B,2.207,-0.344578
Bearing B,2.208,-0.009256
Bearing B,2.209,0.288819
Bearing B,2.21,0.816427
Bearing B,2.211,0.976629
Bearing B,2.212,0.908601
Bearing B,2.213,0.358691
Bearing B,2.214,-0.091135
Bearing B,2.215,-0.667674
Bearing B,2.216,-0.190856
Bearing B,2.217,0.004986
Bearing B,2.218,-0.312155
Bearing B,2.219,-0.36585
Bearing B,2.22,-0.886202
Bearing B,2.221,-0.801145
Bearing B,2.222,-0.925748
Bearing B,2.223,-0.63333
Bearing B,2.224,-0.85344
Bearing B,2.225,-0.765248
Bearing B,2.226,-0.223614
Bearing B,2.227,-0.323418
Bearing B,2.228,0.282248
Bearing B,2.229,0.930006
Bearing B,2.23,1.047904
Bearing B,2.231,1.228716
Bearing B,2.232,1.274937
Bearing B,2.233,0.567514
Bearing B,2.234,0.037118
Bearing B,2.235,-0.28445
Bearing B,2.236,-0.290447
Bearing B,2.237,-0.276326
Bearing B,2.238,-0.460936
Bearing B,2.239,-0.508883
Bearing B,2.24,-0.898789
Bearing B,2.241,-0.937778
Bearing B,2.242,-1.904929
Bearing B,2.243,-1.802586
Bearing B,2.244,-1.347442
Bearing B,2.245,-0.907587
Bearing B,2.246,-0.84548
Bearing B,2.247,-0.507441
Bearing B,2.248,-0.201542
Bearing B,2.249,0.574235
Bearing B,2.25,1.151572
Bearing B,2.251,1.537713
Bearing B,2.252,1.378151
Bearing B,2.253,0.702658
Bearing B,2.254,0.212019
Bearing B,2.255,-0.126657
Bearing B,2.256,-0.146243
Bearing B,2.257,-0.270045
Bearing B,2.258,-0.08318
Bearing B,2.259,-0.29002
Bearing B,2.26,-0.763938
Bearing B,2.261,-1.175407
Bearing B,2.262,-1.189264
Bearing B,2.263,-1.079495
Bearing B,2.264,-0.86287
Bearing B,2.265,-0.789959
Bearing B,2.266,-1.014612
Bearing B,2.267,-0.848936
Bearing B,2.268,-0.382202
Bearing B,2.269,0.464097
Bearing B,2.27,1.425118
Bearing B,2.271,1.774754
Bearing B,2.272,1.310337
Bearing B,2.273,0.879642
Bearing B,2.274,0.402125
Bearing B,2.275,0.040528
Bearing B,2.276,-0.498012
Bearing B,2.277,-0.620915
Bearing B,2.278,-0.168773
Bearing B,2.279,-0.240993
Bearing B,2.28,-0.883112
Bearing B,2.281,-1.725386
Bearing B,2.282,-1.803819
Bearing B,2.283,-1.449113
Bearing B,2.284,-1.349888
Bearing B,2.285,-1.03471
Bearing B,2.286,-1.023557
Bearing B,2.287,-0.882934
Bearing B,2.288,-0.395141
Bearing B,2.289,0.234851
Bearing B,2.29,0.636265
Bearing B,2.291,0.953294
Bearing B,2.292,1.437578
Bearing B,2.293,0.765942
Bearing B,2.294,-0.218484
Bearing B,2.295,-0.774898
Bearing B,2.296,-0.671989
Bearing B,2.297,-0.652066
Bearing B,2.298,0.11483
Bearing B,2.299,-0.004356
Bearing B,2.3,-0.759772
Bearing B,2.301,-1.142742
Bearing B,2.302,-1.118098
Bearing B,2.303,-1.892482
Bearing B,2.304,-1.663768
Bearing B,2.305,-1.040076
Bearing B,2.306,-0.720033
Bearing B,2.307,-0.503004
Bearing B,2.308,-0.306852
Bearing B,2.309,0.129761
Bearing B,2.31,1.275296
Bearing B,2.311,1.471254
Bearing B,2.312,1.098357
Bearing B,2.313,0.179969
Bearing B,2.314,-0.323054
Bearing B,2.315,-0.840307
Bearing B,2.316,-0.5103
Bearing B,2.317,-0.489419
Bearing B,2.318,-0.13524
Bearing B,2.319,-0.549924
Bearing B,2.32,-0.729427
Bearing B,2.321,-1.123718
Bearing B,2.322,-1.537539
Bearing B,2.323,-1.922963
Bearing B,2.324,-1.503044
Bearing B,2.325,-0.958487
Bearing B,2.326,-0.617356
Bearing B,2.327,-0.865625
Bearing B,2.328,-0.112503
Bearing B,2.329,0.734303
Bearing B,2.33,1.047122
Bearing B,2.331,1.045301
Bearing B,2.332,0.524468
Bearing B,2.333,-0.476006
Bearing B,2.334,-0.404458
Bearing B,2.335,-0.710181
Bearing B,2.336,-1.021592
Bearing B,2.337,-1.078502
Bearing B,2.338,-0.821192
Bearing B,2.339,-0.499868
Bearing B,2.34,-0.636427
Bearing B,2.341,-1.143114
Bearing B,2.342,-1.651136
Bearing B,2.343,-1.548078
Bearing B,2.344,-1.062944
Bearing B,2.345,-1.118239
Bearing B,2.346,-1.032584
Bearing B,2.347,-0.936797
Bearing B,2.348,-0.529623
Bearing B,2.349,0.039704
Bearing B,2.35,0.520389
Bearing B,2.351,1.196774
Bearing B,2.352,0.912311
Bearing B,2.353,0.333584
Bearing B,2.354,0.131274
Bearing B,2.355,-0.470513
Bearing B,2.356,-0.387806
Bearing B,2.357,-0.149319
Bearing B,2.358,0.241849
Bearing B,2.359,0.01284
Bearing B,2.36,-0.177138
Bearing B,2.361,-0.903032
Bearing B,2.362,-0.926237
Bearing B,2.363,-0.966019
Bearing B,2.364,-0.764828
Bearing B,2.365,-0.852807
Bearing B,2.366,-0.685747
Bearing B,2.367,-0.409438
Bearing B,2.368,-0.175128
Bearing B,2.369,0.357468
Bearing B,2.37,0.778519
Bearing B,2.371,1.358749
Bearing B,2.372,1.564145
Bearing B,2.373,0.990545
Bearing B,2.374,0.696331
Bearing B,2.375,-0.071224
Bearing B,2.376,-0.208266
Bearing B,2.377,0.085707
Bearing B,2.378,-0.016555
Bearing B,2.379,-0.042683
Bearing B,2.38,-0.234406
Bearing B,2.381,-1.049508
Bearing B,2.382,-1.159798
Bearing B,2.383,-1.149753
Bearing B,2.384,-0.895564
Bearing B,2.385,-0.914219
Bearing B,2.386,-0.518832
Bearing B,2.387,-0.106515
Bearing B,2.388,-0.023695
Bearing B,2.389,0.621988
Bearing B,2.39,1.237441
Bearing B,2.391,1.294868
Bearing B,2.392,1.02042
Bearing B,2.393,0.529593
Bearing B,2.394,0.119415
Bearing B,2.395,-0.308762
Bearing B,2.396,-0.190458
Bearing B,2.397,-0.091271
Bearing B,2.398,-0.198173
Bearing B,2.399,0.200454
Bearing B,2.4,-0.113026
Bearing B,2.401,-0.924754
Bearing B,2.402,-0.918382
Bearing B,2.403,-0.833167
Bearing B,2.404,-0.49773
Bearing B,2.405,-0.192128
Bearing B,2.406,0.002227
Bearing B,2.407,-0.238223
Bearing B,2.408,-0.109358
Bearing B,2.409,0.543946
Bearing B,2.41,1.611437
Bearing B,2.411,1.526228
Bearing B,2.412,1.635709
Bearing B,2.413,1.023178
Bearing B,2.414,0.438971
Bearing B,2.415,0.112559
Bearing B,2.416,0.079001
Bearing B,2.417,0.000527
Bearing B,2.418,0.194168
Bearing B,2.419,0.357585
Bearing B,2.42,-0.180612
Bearing B,2.421,-0.959289
Bearing B,2.422,-1.32789
Bearing B,2.423,-1.677814
Bearing B,2.424,-1.005621
Bearing B,2.425,-1.024911
Bearing B,2.426,-1.155193
Bearing B,2.427,-0.070773
Bearing B,2.428,0.077402
Bearing B,2.429,0.156782
Bearing B,2.43,0.859102
Bearing B,2.431,1.274281
Bearing B,2.432,1.098416
Bearing B,2.433,1.009964
Bearing B,2.434,0.617449
Bearing B,2.435,0.122093
Bearing B,2.436,-0.545539
Bearing B,2.437,-0.555439
Bearing B,2.438,0.206255
Bearing B,2.439,-0.284557
Bearing B,2.44,-0.743692
Bearing B,2.441,-1.037755
Bearing B,2.442,-1.309185
Bearing B,2.443,-1.645524
Bearing B,2.444,-1.397646
Bearing B,2.445,-1.392488
Bearing B,2.446,-0.878726
Bearing B,2.447,-0.605583
Bearing B,2.448,-0.162211
Bearing B,2.449,0.405542
Bearing B,2.45,1.085421
Bearing B,2.451,1.174983
Bearing B,2.452,1.45506
Bearing B,2.453,1.210431
Bearing B,2.454,0.48565
Bearing B,2.455,0.198417
Bearing B,2.456,0.187478
Bearing B,2.457,0.171051
Bearing B,2.458,0.410497
Bearing B,2.459,-0.080627
Bearing B,2.46,-0.359556
Bearing B,2.461,-0.626093
Bearing B,2.462,-1.253451
Bearing B,2.463,-1.465566
Bearing B,2.464,-1.160349
Bearing B,2.465,-0.794264
Bearing B,2.466,-0.446351
Bearing B,2.467,-0.525791
Bearing B,2.468,-0.303182
Bearing B,2.469,0.375449
Bearing B,2.47,0.994288
Bearing B,2.471,1.415857
Bearing B,2.472,0.8269
Bearing B,2.473,0.328292
Bearing B,2.474,-0.039701
Bearing B,2.475,-0.480586
Bearing B,2.476,-0.341341
Bearing B,2.477,-0.305751
Bearing B,2.478,-0.267612
Bearing B,2.479,-0.61489
Bearing B,2.48,-0.934902
Bearing B,2.481,-1.158368
Bearing B,2.482,-1.566107
Bearing B,2.483,-1.707689
Bearing B,2.484,-1.224325
Bearing B,2.485,-0.806622
Bearing B,2.486,-1.06345
Bearing B,2.487,-0.591223
Bearing B,2.488,0.112197
Bearing B,2.489,0.683372
Bearing B,2.49,1.200384
Bearing B,2.491,1.489275
Bearing B,2.492,1.337078
Bearing B,2.493,0.627985
Bearing B,2.494,-0.012734
Bearing B,2.495,-0.586668
Bearing B,2.496,-0.549215
Bearing B,2.497,-0.200112
Bearing B,2.498,0.329473
Bearing B,2.499,-0.0724
Bearing B,2.5,-0.649918
Bearing B,2.501,-0.901971
Bearing B,2.502,-1.247064
Bearing B,2.503,-1.180142
Bearing B,2.504,-0.788275
Bearing B,2.505,-0.857639
Bearing B,2.506,-0.692253
Bearing B,2.507,-0.240913
Bearing B,2.508,-0.171772
Bearing B,2.509,0.544906
Bearing B,2.51,1.306377
Bearing B,2.511,1.445879
Bearing B,2.512,1.320674
Bearing B,2.513,0.9215
Bearing B,2.514,0.144023
Bearing B,2.515,-0.716875
Bearing B,2.516,-0.202806
Bearing B,2.517,0.153387
Bearing B,2.518,0.121592
Bearing B,2.519,0.091222
Bearing B,2.52,-0.379918
Bearing B,2.521,-0.694771
Bearing B,2.522,-0.891736
Bearing B,2.523,-1.226321
Bearing B,2.524,-1.15488
Bearing B,2.525,-1.053559
Bearing B,2.526,-0.788083
Bearing B,2.527,-0.697219
Bearing B,2.528,-0.103759
Bearing B,2.529,0.698035
Bearing B,2.53,1.456069
Bearing B,2.531,1.784384
Bearing B,2.532,1.581808
Bearing B,2.533,0.751789
Bearing B,2.534,-0.090252
Bearing B,2.535,-0.168869
Bearing B,2.536,-0.221028
Bearing B,2.537,-0.185058
Bearing B,2.538,0.027625
Bearing B,2.539,-0.42555
Bearing B,2.54,-0.643359
Bearing B,2.541,-0.47372
Bearing B,2.542,-1.061393
Bearing B,2.543,-1.480383
Bearing B,2.544,-1.355378
Bearing B,2.545,-0.852869
Bearing B,2.546,-0.841862
Bearing B,2.547,-0.583367
Bearing B,2.548,-0.132259
Bearing B,2.549,0.860352
Bearing B,2.55,1.391721
Bearing B,2.551,1.940572
Bearing B,2.552,1.825801
Bearing B,2.553,1.066541
Bearing B,2.554,0.327396
Bearing B,2.555,0.042708
Bearing B,2.556,-0.236207
Bearing B,2.557,0.10808
Bearing B,2.558,0.3045
Bearing B,2.559,-0.163149
Bearing B,2.56,-0.322661
Bearing B,2.561,-0.635732
Bearing B,2.562,-1.433838
Bearing B,2.563,-1.460067
Bearing B,2.564,-1.098741
Bearing B,2.565,-0.780487
Bearing B,2.566,-0.512972
Bearing B,2.567,-0.400928
Bearing B,2.568,0.042956
Bearing B,2.569,0.582004
Bearing B,2.57,1.266582
Bearing B,2.571,1.413472
Bearing B,2.572,1.327853
Bearing B,2.573,0.772605
Bearing B,2.574,0.301388
Bearing B,2.575,-0.432642
Bearing B,2.576,-0.161132
Bearing B,2.577,-0.24211
Bearing B,2.578,0.260981
Bearing B,2.579,0.077747
Bearing B,2.58,-0.743611
Bearing B,2.581,-1.297197
Bearing B,2.582,-0.956802
Bearing B,2.583,-1.272523
Bearing B,2.584,-0.466567
Bearing B,2.585,-0.204995
Bearing B,2.586,0.24949
Bearing B,2.587,0.065349
Bearing B,2.588,0.376299
Bearing B,2.589,0.66199
Bearing B,2.59,0.953133
Bearing B,2.591,1.272419
Bearing B,2.592,1.144719
Bearing B,2.593,0.624457
Bearing B,2.594,0.019699
Bearing B,2.595,0.074545
Bearing B,2.596,-0.053247
Bearing B,2.597,0.101056
Bearing B,2.598,0.261398
Bearing B,2.599,0.089787
Bearing B,2.6,-0.591125
Bearing B,2.601,-1.038678
Bearing B,2.602,-1.2517
Bearing B,2.603,-1.50642
Bearing B,2.604,-1.324618
Bearing B,2.605,-1.163638
Bearing B,2.606,-0.906289
Bearing B,2.607,-0.987541
Bearing B,2.608,-0.701821
Bearing B,2.609,-0.273438
Bearing B,2.61,1.252039
Bearing B,2.611,1.801703
Bearing B,2.612,1.463806
Bearing B,2.613,0.984768
Bearing B,2.614,0.190397
Bearing B,2.615,-0.492248
Bearing B,2.616,-0.750612
Bearing B,2.617,-0.684863
Bearing B,2.618,-0.327084
Bearing B,2.619,-0.990846
Bearing B,2.62,-0.970662
Bearing B,2.621,-1.566187
Bearing B,2.622,-1.80093
Bearing B,2.623,-1.508238
Bearing B,2.624,-1.242938
Bearing B,2.625,-1.008091
Bearing B,2.626,-1.035225
Bearing B,2.627,-1.077575
Bearing B,2.628,-0.49954
Bearing B,2.629,0.184702
Bearing B,2.63,0.867475
Bearing B,2.631,1.28267
Bearing B,2.632,0.890611
Bearing B,2.633,0.400894
Bearing B,2.634,0.091952
Bearing B,2.635,-0.435894
Bearing B,2.636,-0.261766
Bearing B,2.637,-0.327746
Bearing B,2.638,-0.126933
Bearing B,2.639,0.40051
Bearing B,2.64,-0.548436
Bearing B,2.641,-0.648519
Bearing B,2.642,-1.184696
Bearing B,2.643,-1.041111
Bearing B,2.644,-0.582954
Bearing B,2.645,-0.526309
Bearing B,2.646,-0.811409
Bearing B,2.647,-0.67212
Bearing B,2.648,0.060322
Bearing B,2.649,0.430643
Bearing B,2.65,0.876503
Bearing B,2.651,1.116925
Bearing B,2.652,1.228667
Bearing B,2.653,0.708437
Bearing B,2.654,0.321044
Bearing B,2.655,-0.308288
Bearing B,2.656,-0.424895
Bearing B,2.657,0.142273
Bearing B,2.658,0.760401
Bearing B,2.659,0.504859
Bearing B,2.66,-0.234136
Bearing B,2.661,-0.567073
Bearing B,2.662,-0.906544
Bearing B,2.663,-0.906419
Bearing B,2.664,-0.607235
Bearing B,2.665,-0.487396
Bearing B,2.666,-0.685905
Bearing B,2.667,-0.057684
Bearing B,2.668,0.579799
Bearing B,2.669,1.134586
Bearing B,2.67,1.619063
Bearing B,2.671,1.95452
Bearing B,2.672,1.95514
Bearing B,2.673,1.145007
Bearing B,2.674,0.507054
Bearing B,2.675,0.215706
Bearing B,2.676,0.165506
Bearing B,2.677,0.780163
Bearing B,2.678,0.937166
Bearing B,2.679,0.095688
Bearing B,2.68,-0.162958
Bearing B,2.681,-0.098692
Bearing B,2.682,-0.458177
Bearing B,2.683,-0.721738
Bearing B,2.684,-0.797506
Bearing B,2.685,-0.352492
Bearing B,2.686,0.17161
Bearing B,2.687,0.08568
Bearing B,2.688,0.537907
Bearing B,2.689,0.846957
Bearing B,2.69,1.740564
Bearing B,2.691,2.598998
Bearing B,2.692,2.213515
Bearing B,2.693,1.430406
Bearing B,2.694,0.839729
Bearing B,2.695,0.509051
Bearing B,2.696,0.904258
Bearing B,2.697,0.769517
Bearing B,2.698,0.373583
Bearing B,2.699,0.668174
Bearing B,2.7,0.858824
Bearing B,2.701,0.42768
Bearing B,2.702,-0.271327
Bearing B,2.703,-0.860765
Bearing B,2.704,-0.575145
Bearing B,2.705,0.097488
Bearing B,2.706,0.319617
Bearing B,2.707,0.102219
Bearing B,2.708,0.554044
Bearing B,2.709,1.439107
Bearing B,2.71,2.125783
Bearing B,2.711,2.38031
Bearing B,2.712,2.163985
Bearing B,2.713,1.619569
Bearing B,2.714,0.961424
Bearing B,2.715,0.739575
Bearing B,2.716,0.256372
Bearing B,2.717,0.408715
Bearing B,2.718,0.599476
Bearing B,2.719,0.724261
Bearing B,2.72,0.224145
Bearing B,2.721,-0.232558
Bearing B,2.722,-0.683054
Bearing B,2.723,-0.35786
Bearing B,2.724,-0.057307
Bearing B,2.725,-0.313146
Bearing B,2.726,-0.361626
Bearing B,2.727,0.029411
Bearing B,2.728,0.751731
Bearing B,2.729,1.361301
Bearing B,2.73,2.15526
Bearing B,2.731,2.289475
Bearing B,2.732,1.746109
Bearing B,2.733,1.078601
Bearing B,2.734,0.667587
Bearing B,2.735,0.133626
Bearing B,2.736,-0.373947
Bearing B,2.737,0.118391
Bearing B,2.738,0.282867
Bearing B,2.739,0.016506
Bearing B,2.74,-0.298967
Bearing B,2.741,-0.728483
Bearing B,2.742,-0.622109
Bearing B,2.743,-0.498088
Bearing B,2.744,-0.531103
Bearing B,2.745,-0.509026
Bearing B,2.746,-0.665474
Bearing B,2.747,-0.000701
Bearing B,2.748,0.400328
Bearing B,2.749,0.913193
Bearing B,2.75,1.053962
Bearing B,2.751,1.401002
Bearing B,2.752,1.750779
Bearing B,2.753,1.299414
Bearing B,2.754,0.733242
Bearing B,2.755,-0.240142
Bearing B,2.756,0.294839
Bearing B,2.757,0.826158
Bearing B,2.758,0.734261
Bearing B,2.759,0.454558
Bearing B,2.76,-0.102411
Bearing B,2.761,-0.426454
Bearing B,2.762,-0.306342
Bearing B,2.763,-0.385785
Bearing B,2.764,-0.771247
Bearing B,2.765,-0.353486
Bearing B,2.766,0.074372
Bearing B,2.767,0.471081
Bearing B,2.768,0.535259
Bearing B,2.769,0.733069
Bearing B,2.77,1.683673
Bearing B,2.771,1.994411
Bearing B,2.772,2.146098
Bearing B,2.773,1.010471
Bearing B,2.774,0.856413
Bearing B,2.775,0.490625
Bearing B,2.776,0.426508
Bearing B,2.777,0.711188
Bearing B,2.778,0.551826
Bearing B,2.779,0.650915
Bearing B,2.78,0.299675
Bearing B,2.781,-0.10154
Bearing B,2.782,-0.464672
Bearing B,2.783,-0.731328
Bearing B,2.784,-0.002153
Bearing B,2.785,0.317703
Bearing B,2.786,0.519714
Bearing B,2.787,0.44094
Bearing B,2.788,0.63201
Bearing B,2.789,1.457424
Bearing B,2.79,2.546539
Bearing B,2.791,2.513259
Bearing B,2.792,1.949653
Bearing B,2.793,1.571901
Bearing B,2.794,0.626235
Bearing B,2.795,0.601347
Bearing B,2.796,0.363273
Bearing B,2.797,-0.023893
Bearing B,2.798,0.200946
Bearing B,2.799,0.734274
Bearing B,2.8,0.19015
Bearing B,2.801,-0.702559
Bearing B,2.802,-0.805826
Bearing B,2.803,-0.736242
Bearing B,2.804,-0.466363
Bearing B,2.805,-0.215063
Bearing B,2.806,-0.572185
Bearing B,2.807,-0.013547
Bearing B,2.808,0.666026
Bearing B,2.809,1.60342
Bearing B,2.81,1.960162
Bearing B,2.811,1.688695
Bearing B,2.812,1.577414
Bearing B,2.813,1.339762
Bearing B,2.814,0.76318
Bearing B,2.815,0.089757
Bearing B,2.816,-0.283686
Bearing B,2.817,0.314793
Bearing B,2.818,0.49608
Bearing B,2.819,0.178793
Bearing B,2.82,-0.598212
Bearing B,2.821,-0.971186
Bearing B,2.822,-0.793096
Bearing B,2.823,-0.611797
Bearing B,2.824,-0.682483
Bearing B,2.825,-0.593276
Bearing B,2.826,-0.151333
Bearing B,2.827,0.459099
Bearing B,2.828,0.55462
Bearing B,2.829,0.774609
Bearing B,2.83,1.294963
Bearing B,2.831,1.781729
Bearing B,2.832,1.918248
Bearing B,2.833,1.296771
Bearing B,2.834,0.268775
Bearing B,2.835,-0.215163
Bearing B,2.836,0.023091
Bearing B,2.837,0.094191
Bearing B,2.838,0.142004
Bearing B,2.839,-0.146636
Bearing B,2.84,-0.391246
Bearing B,2.841,-0.40818
Bearing B,2.842,-0.888845
Bearing B,2.843,-0.659683
Bearing B,2.844,-0.860056
Bearing B,2.845,-0.722259
Bearing B,2.846,-0.367697
Bearing B,2.847,-0.306223
Bearing B,2.848,0.130205
Bearing B,2.849,0.5669
Bearing B,2.85,1.238431
Bearing B,2.851,1.541732
Bearing B,2.852,1.422208
Bearing B,2.853,0.605484
Bearing B,2.854,0.498795
Bearing B,2.855,0.15806
Bearing B,2.856,0.386976
Bearing B,2.857,0.174885
Bearing B,2.858,-0.019743
Bearing B,2.859,0.10299
Bearing B,2.86,0.458345
Bearing B,2.861,-0.091262
Bearing B,2.862,-0.744653
Bearing B,2.863,-0.888293
Bearing B,2.864,-0.462755
Bearing B,2.865,0.026747
Bearing B,2.866,-0.204894
Bearing B,2.867,-0.318896
Bearing B,2.868,0.346948
Bearing B,2.869,0.927121
Bearing B,2.87,1.343139
Bearing B,2.871,1.857509
Bearing B,2.872,1.544128
Bearing B,2.873,0.900756
Bearing B,2.874,0.789698
Bearing B,2.875,0.089834
Bearing B,2.876,-0.056723
Bearing B,2.877,-0.069292
Bearing B,2.878,0.199171
Bearing B,2.879,0.023789
Bearing B,2.88,-0.766587
Bearing B,2.881,-1.102296
Bearing B,2.882,-1.167047
Bearing B,2.883,-1.026483
Bearing B,2.884,-0.524285
Bearing B,2.885,-0.173593
Bearing B,2.886,-0.674858
Bearing B,2.887,-0.668513
Bearing B,2.888,0.371139
Bearing B,2.889,1.076512
Bearing B,2.89,1.183375
Bearing B,2.891,1.429901
Bearing B,2.892,1.150973
Bearing B,2.893,1.122073
Bearing B,2.894,0.533762
Bearing B,2.895,-0.17898
Bearing B,2.896,-0.41045
Bearing B,2.897,0.060723
Bearing B,2.898,1.065415
Bearing B,2.899,0.439621
Bearing B,2.9,-0.157253
Bearing B,2.901,-0.918184
Bearing B,2.902,-0.877292
Bearing B,2.903,-0.764685
Bearing B,2.904,-1.075862
Bearing B,2.905,-0.731815
Bearing B,2.906,-0.283587
Bearing B,2.907,-0.077698
Bearing B,2.908,0.49053
Bearing B,2.909,0.540546
Bearing B,2.91,1.472903
Bearing B,2.911,1.664764
Bearing B,2.912,1.687554
Bearing B,2.913,1.150414
Bearing B,2.914,0.46519
Bearing B,2.915,-0.307682
Bearing B,2.916,-0.131678
Bearing B,2.917,0.516846
Bearing B,2.918,-0.018073
Bearing B,2.919,-0.555935
Bearing B,2.92,-0.78478
Bearing B,2.921,-0.97052
Bearing B,2.922,-0.736931
Bearing B,2.923,-1.390344
Bearing B,2.924,-1.154067
Bearing B,2.925,-0.762026
Bearing B,2.926,-0.407761
Bearing B,2.927,-0.027339
Bearing B,2.928,-0.260977
Bearing B,2.929,0.711265
Bearing B,2.93,1.579452
Bearing B,2.931,1.458989
Bearing B,2.932,1.151295
Bearing B,2.933,0.448437
Bearing B,2.934,0.230646
Bearing B,2.935,0.309114
Bearing B,2.936,0.43155
Bearing B,2.937,0.34147
Bearing B,2.938,0.522292
Bearing B,2.939,0.410517
Bearing B,2.94,0.543774
Bearing B,2.941,-0.268201
Bearing B,2.942,-1.020108
Bearing B,2.943,-0.657559
Bearing B,2.944,-0.491135
Bearing B,2.945,-0.181594
Bearing B,2.946,-0.462637
Bearing B,2.947,-0.133914
Bearing B,2.948,0.319548
Bearing B,2.949,1.677997
Bearing B,2.95,1.831888
Bearing B,2.951,2.034287
Bearing B,2.952,1.415059
Bearing B,2.953,0.889351
Bearing B,2.954,0.737278
Bearing B,2.955,0.18898
Bearing B,2.956,-0.029821
Bearing B,2.957,-0.169212
Bearing B,2.958,0.187273
Bearing B,2.959,0.60751
Bearing B,2.96,0.170038
Bearing B,2.961,-0.798379
Bearing B,2.962,-0.933325
Bearing B,2.963,-0.67638
Bearing B,2.964,-0.531697
Bearing B,2.965,-0.624536
Bearing B,2.966,-0.551369
Bearing B,2.967,-0.001623
Bearing B,2.968,0.184897
Bearing B,2.969,1.01943
Bearing B,2.97,1.396287
Bearing B,2.971,1.185625
Bearing B,2.972,1.540579
Bearing B,2.973,1.146155
Bearing B,2.974,0.04315
Bearing B,2.975,-0.644136
Bearing B,2.976,-0.187625
Bearing B,2.977,0.493293
Bearing B,2.978,0.983137
Bearing B,2.979,0.635403
Bearing B,2.98,0.066819
Bearing B,2.981,-0.606695
Bearing B,2.982,-0.830651
Bearing B,2.983,-0.791259
Bearing B,2.984,-0.431139
Bearing B,2.985,-0.529477
Bearing B,2.986,-0.205957
Bearing B,2.987,0.216045
Bearing B,2.988,0.516933
Bearing B,2.989,0.839375
Bearing B,2.99,1.401007
Bearing B,2.991,1.949254
Bearing B,2.992,1.54354
Bearing B,2.993,0.848258
Bearing B,2.994,0.12187
Bearing B,2.995,-0.004561
Bearing B,2.996,0.39798
Bearing B,2.997,0.261236
Bearing B,2.998,0.224372
Bearing B,2.999,0.279325
Bearing B,3.0,-0.373632
Bearing B,3.001,-0.548627
Bearing B,3.002,-0.796597
Bearing B,3.003,-1.392893
Bearing B,3.004,-1.101652
Bearing B,3.005,-0.669127
Bearing B,3.006,-0.589784
Bearing B,3.007,-0.483909
Bearing B,3.008,-0.128205
Bearing B,3.009,0.251421
Bearing B,3.01,1.31124
Bearing B,3.011,1.591648
Bearing B,3.012,1.359067
Bearing B,3.013,0.353757
Bearing B,3.014,-0.108255
Bearing B,3.015,-0.32615
Bearing B,3.016,-0.246671
Bearing B,3.017,-0.581142
Bearing B,3.018,-0.382778
Bearing B,3.019,-0.139966
Bearing B,3.02,-0.29861
Bearing B,3.021,-1.336433
Bearing B,3.022,-1.622441
Bearing B,3.023,-1.617317
Bearing B,3.024,-0.824229
Bearing B,3.025,-0.593898
Bearing B,3.026,-0.489746
Bearing B,3.027,-0.905891
Bearing B,3.028,-0.263676
Bearing B,3.029,0.914806
Bearing B,3.03,1.405188
Bearing B,3.031,1.231884
Bearing B,3.032,1.23317
Bearing B,3.033,0.886258
Bearing B,3.034,0.744657
Bearing B,3.035,0.151006
Bearing B,3.036,-0.716196
Bearing B,3.037,-0.661243
Bearing B,3.038,0.077844
Bearing B,3.039,-0.016028
Bearing B,3.04,-0.591416
Bearing B,3.041,-1.234284
Bearing B,3.042,-1.556572
Bearing B,3.043,-1.279784
Bearing B,3.044,-1.408277
Bearing B,3.045,-1.4202
Bearing B,3.046,-1.260921
Bearing B,3.047,-0.597605
Bearing B,3.048,0.213772
Bearing B,3.049,0.322082
Bearing B,3.05,0.409344
Bearing B,3.051,0.83797
Bearing B,3.052,1.163649
Bearing B,3.053,0.577073
Bearing B,3.054,-0.230347
Bearing B,3.055,-0.769021
Bearing B,3.056,-0.995342
Bearing B,3.057,-0.251192
Bearing B,3.058,0.030337
Bearing B,3.059,-0.44948
Bearing B,3.06,-1.270173
Bearing B,3.061,-1.723478
Bearing B,3.062,-1.52359
Bearing B,3.063,-1.756966
Bearing B,3.064,-1.973276
Bearing B,3.065,-1.808048
Bearing B,3.066,-1.17548
Bearing B,3.067,-0.86725
Bearing B,3.068,-0.564485
Bearing B,3.069,-0.381661
Bearing B,3.07,0.796249
Bearing B,3.071,1.626669
Bearing B,3.072,1.591458
Bearing B,3.073,0.75046
Bearing B,3.074,-0.578696
Bearing B,3.075,-0.861682
Bearing B,3.076,-0.62746
Bearing B,3.077,0.016532
Bearing B,3.078,-0.048565
Bearing B,3.079,-0.235481
Bearing B,3.08,-0.269135
Bearing B,3.081,-0.294546
Bearing B,3.082,-0.817512
Bearing B,3.083,-1.297466
Bearing B,3.084,-0.940475
Bearing B,3.085,-0.499204
Bearing B,3.086,-0.337683
Bearing B,3.087,-0.610672
Bearing B,3.088,-0.24908
Bearing B,3.089,0.177615
Bearing B,3.09,1.310462
Bearing B,3.091,1.604561
Bearing B,3.092,1.101814
Bearing B,3.093,0.050329
Bearing B,3.094,-0.054328
Bearing B,3.095,-0.330211
Bearing B,3.096,-0.526729
Bearing B,3.097,-0.72569
Bearing B,3.098,-0.622653
Bearing B,3.099,-0.090216
Bearing B,3.1,-0.304333
Bearing B,3.101,-1.079507
Bearing B,3.102,-1.542101
Bearing B,3.103,-1.505801
Bearing B,3.104,-0.881388
Bearing B,3.105,-0.667467
Bearing B,3.106,-1.224729
Bearing B,3.107,-0.861379
Bearing B,3.108,-0.139405
Bearing B,3.109,0.540089
Bearing B,3.11,1.151436
Bearing B,3.111,1.169431
Bearing B,3.112,1.062198
Bearing B,3.113,1.025039
Bearing B,3.114,0.848343
Bearing B,3.115,0.09046
Bearing B,3.116,-0.432167
Bearing B,3.117,0.040573
Bearing B,3.118,0.467605
Bearing B,3.119,0.220134
Bearing B,3.12,-0.823523
Bearing B,3.121,-1.520314
Bearing B,3.122,-1.106792
Bearing B,3.123,-1.01719
Bearing B,3.124,-1.058913
Bearing B,3.125,-1.348321
Bearing B,3.126,-1.067552
Bearing B,3.127,-0.261557
Bearing B,3.128,0.486235
Bearing B,3.129,0.804953
Bearing B,3.13,0.532835
Bearing B,3.131,1.115906
Bearing B,3.132,1.215905
Bearing B,3.133,0.980616
Bearing B,3.134,-0.03794
Bearing B,3.135,-0.693308
Bearing B,3.136,-0.462046
Bearing B,3.137,0.253371
Bearing B,3.138,0.121082
Bearing B,3.139,-0.491133
Bearing B,3.14,-0.933305
Bearing B,3.141,-0.845898
Bearing B,3.142,-0.81698
Bearing B,3.143,-1.025668
Bearing B,3.144,-0.692674
Bearing B,3.145,-0.602688
Bearing B,3.146,0.071209
Bearing B,3.147,0.055316
Bearing B,3.148,0.065726
Bearing B,3.149,0.692574
Bearing B,3.15,1.65167
Bearing B,3.151,1.993533
Bearing B,3.152,1.785599
Bearing B,3.153,0.989463
Bearing B,3.154,0.004436
Bearing B,3.155,0.075893
Bearing B,3.156,-0.087354
Bearing B,3.157,-0.028138
Bearing B,3.158,-0.037216
Bearing B,3.159,-0.443572
Bearing B,3.16,-0.177944
Bearing B,3.161,-0.774565
Bearing B,3.162,-1.344293
Bearing B,3.163,-1.519517
Bearing B,3.164,-1.562334
Bearing B,3.165,-0.913575
Bearing B,3.166,-0.426743
Bearing B,3.167,-0.795646
Bearing B,3.168,-0.651625
Bearing B,3.169,0.686305
Bearing B,3.17,1.334842
Bearing B,3.171,1.663992
Bearing B,3.172,1.11738
Bearing B,3.173,0.737595
Bearing B,3.174,0.230697
Bearing B,3.175,0.159203
Bearing B,3.176,-0.32185
Bearing B,3.177,-0.243094
Bearing B,3.178,-0.071643
Bearing B,3.179,0.095156
Bearing B,3.18,-0.194531
Bearing B,3.181,-0.656268
Bearing B,3.182,-1.46961
Bearing B,3.183,-0.70874
Bearing B,3.184,-0.300108
Bearing B,3.185,-0.117674
Bearing B,3.186,0.116628
Bearing B,3.187,0.096723
Bearing B,3.188,1.338222
Bearing B,3.189,1.662146
Bearing B,3.19,1.786501
Bearing B,3.191,2.079127
Bearing B,3.192,1.621334
Bearing B,3.193,1.651783
Bearing B,3.194,0.872176
Bearing B,3.195,0.175233
Bearing B,3.196,-0.182897
Bearing B,3.197,-0.04777
Bearing B,3.198,0.811775
Bearing B,3.199,0.317608
Bearing B,3.2,-0.13996
Bearing B,3.201,-0.729509
Bearing B,3.202,-0.754466
Bearing B,3.203,-0.452353
Bearing B,3.204,-0.462739
Bearing B,3.205,-0.697969
Bearing B,3.206,-0.925062
Bearing B,3.207,-0.33474
Bearing B,3.208,0.268013
Bearing B,3.209,0.604213
Bearing B,3.21,1.078891
Bearing B,3.211,1.233997
Bearing B,3.212,1.624872
Bearing B,3.213,0.845214
Bearing B,3.214,0.080102
Bearing B,3.215,-0.387825
Bearing B,3.216,-0.265824
Bearing B,3.217,0.218792
Bearing B,3.218,0.100011
Bearing B,3.219,-0.311634
Bearing B,3.22,-0.526416
Bearing B,3.221,-0.512781
Bearing B,3.222,-0.719054
Bearing B,3.223,-1.126527
Bearing B,3.224,-1.220891
Bearing B,3.225,-1.181347
Bearing B,3.226,-0.327803
Bearing B,3.227,0.087869
Bearing B,3.228,0.222695
Bearing B,3.229,0.878778
Bearing B,3.23,2.145623
Bearing B,3.231,1.707511
Bearing B,3.232,1.921177
Bearing B,3.233,0.725961
Bearing B,3.234,0.065801
Bearing B,3.235,-0.033152
Bearing B,3.236,0.136578
Bearing B,3.237,0.295657
Bearing B,3.238,-0.024249
Bearing B,3.239,-0.217263
Bearing B,3.24,-0.08387
Bearing B,3.241,-0.483362
Bearing B,3.242,-1.485138
Bearing B,3.243,-1.197964
Bearing B,3.244,-0.901961
Bearing B,3.245,-0.205043
Bearing B,3.246,-0.007381
Bearing B,3.247,-0.358579
Bearing B,3.248,-0.136117
Bearing B,3.249,1.34546
Bearing B,3.25,2.288423
Bearing B,3.251,2.302504
Bearing B,3.252,1.286473
Bearing B,3.253,0.681757
Bearing B,3.254,0.838122
Bearing B,3.255,0.019261
Bearing B,3.256,-0.119598
Bearing B,3.257,-0.005641
Bearing B,3.258,0.539966
Bearing B,3.259,0.725737
Bearing B,3.26,0.179422
Bearing B,3.261,-0.852182
Bearing B,3.262,-1.442991
Bearing B,3.263,-0.923826
Bearing B,3.264,-0.421993
Bearing B,3.265,0.139261
Bearing B,3.266,-0.304425
Bearing B,3.267,-0.163299
Bearing B,3.268,0.778085
Bearing B,3.269,1.673899
Bearing B,3.27,1.486343
Bearing B,3.271,1.711658
Bearing B,3.272,2.011379
Bearing B,3.273,2.158359
Bearing B,3.274,1.333565
Bearing B,3.275,0.385154
Bearing B,3.276,-0.137374
Bearing B,3.277,0.417079
Bearing B,3.278,0.535358
Bearing B,3.279,0.368505
Bearing B,3.28,-0.2905
Bearing B,3.281,-0.809613
Bearing B,3.282,-0.928764
Bearing B,3.283,-0.363074
Bearing B,3.284,-0.361902
Bearing B,3.285,-0.728627
Bearing B,3.286,-0.602889
Bearing B,3.287,-0.007694
Bearing B,3.288,0.60627
Bearing B,3.289,0.460846
Bearing B,3.29,0.98617
Bearing B,3.291,1.579607
Bearing B,3.292,2.214982
Bearing B,3.293,1.26088
Bearing B,3.294,-0.290964
Bearing B,3.295,-0.399087
Bearing B,3.296,-0.324797
Bearing B,3.297,-0.209227
Bearing B,3.298,-0.223971
Bearing B,3.299,-0.254733
Bearing B,3.3,-0.723872
Bearing B,3.301,-0.588899
Bearing B,3.302,-0.737821
Bearing B,3.303,-1.364103
Bearing B,3.304,-1.827228
Bearing B,3.305,-0.993004
Bearing B,3.306,-0.399971
Bearing B,3.307,-0.470474
Bearing B,3.308,-0.684389
Bearing B,3.309,-0.456799
Bearing B,3.31,0.659075
Bearing B,3.311,1.256538
Bearing B,3.312,1.18079
Bearing B,3.313,0.10636
Bearing B,3.314,-0.238028
Bearing B,3.315,-0.403789
Bearing B,3.316,-0.569959
Bearing B,3.317,-0.55841
Bearing B,3.318,-0.279374
Bearing B,3.319,-0.340316
Bearing B,3.32,-0.448833
Bearing B,3.321,-0.951649
Bearing B,3.322,-1.622169
Bearing B,3.323,-1.731988
Bearing B,3.324,-1.197546
Bearing B,3.325,-0.61719
Bearing B,3.326,-0.693831
Bearing B,3.327,-1.133958
Bearing B,3.328,-0.54864
Bearing B,3.329,0.695142
Bearing B,3.33,1.275082
Bearing B,3.331,1.234045
Bearing B,3.332,0.696533
Bearing B,3.333,0.438304
Bearing B,3.334,0.167992
Bearing B,3.335,-0.017254
Bearing B,3.336,-0.660722
Bearing B,3.337,-0.919742
Bearing B,3.338,-0.336852
Bearing B,3.339,0.26208
Bearing B,3.34,-0.205603
Bearing B,3.341,-1.208906
Bearing B,3.342,-1.212595
Bearing B,3.343,-0.87575
Bearing B,3.344,-0.334351
Bearing B,3.345,-0.878667
Bearing B,3.346,-1.250287
Bearing B,3.347,-1.145212
Bearing B,3.348,0.16763
Bearing B,3.349,0.781062
Bearing B,3.35,0.511461
Bearing B,3.351,0.813615
Bearing B,3.352,0.885125
Bearing B,3.353,0.665775
Bearing B,3.354,0.050873
Bearing B,3.355,-0.530237
Bearing B,3.356,-0.662157
Bearing B,3.357,-0.511348
Bearing B,3.358,0.209418
Bearing B,3.359,-0.570994
Bearing B,3.36,-1.334427
Bearing B,3.361,-1.106744
Bearing B,3.362,-1.096785
Bearing B,3.363,-1.032837
Bearing B,3.364,-1.223505
Bearing B,3.365,-1.639818
Bearing B,3.366,-0.832068
Bearing B,3.367,-0.144222
Bearing B,3.368,0.003866
Bearing B,3.369,0.32024
Bearing B,3.37,1.075985
Bearing B,3.371,1.748357
Bearing B,3.372,1.518837
Bearing B,3.373,0.944431
Bearing B,3.374,-0.340687
Bearing B,3.375,-0.74337
Bearing B,3.376,-0.106671
Bearing B,3.377,0.252757
Bearing B,3.378,0.014302
Bearing B,3.379,-0.132082
Bearing B,3.38,-0.48848
Bearing B,3.381,-0.394605
Bearing B,3.382,-0.611393
Bearing B,3.383,-1.229445
Bearing B,3.384,-1.431058
Bearing B,3.385,-1.08751
Bearing B,3.386,-0.690436
Bearing B,3.387,-0.783309
Bearing B,3.388,-0.724453
Bearing B,3.389,0.279701
Bearing B,3.39,1.186229
Bearing B,3.391,1.621556
Bearing B,3.392,1.255086
Bearing B,3.393,0.512394
Bearing B,3.394,-0.152508
Bearing B,3.395,-0.443296
Bearing B,3.396,0.07295
Bearing B,3.397,-0.415476
Bearing B,3.398,0.045401
Bearing B,3.399,0.358999
Bearing B,3.4,0.176817
Bearing B,3.401,-0.473904
Bearing B,3.402,-1.079023
Bearing B,3.403,-1.436437
Bearing B,3.404,-0.683712
Bearing B,3.405,-0.282639
Bearing B,3.406,-0.578238
Bearing B,3.407,-0.66735
Bearing B,3.408,0.233596
Bearing B,3.409,1.014588
Bearing B,3.41,1.902856
Bearing B,3.411,1.540926
Bearing B,3.412,1.271107
Bearing B,3.413,1.067193
Bearing B,3.414,0.814693
Bearing B,3.415,0.443794
Bearing B,3.416,-0.174661
Bearing B,3.417,-0.126452
Bearing B,3.418,0.475049
Bearing B,3.419,0.728182
Bearing B,3.42,-0.38799
Bearing B,3.421,-1.300973
Bearing B,3.422,-1.404039
Bearing B,3.423,-0.431171
Bearing B,3.424,0.122552
Bearing B,3.425,-0.317426
Bearing B,3.426,-0.347075
Bearing B,3.427,-0.088811
Bearing B,3.428,0.81497
Bearing B,3.429,1.103834
Bearing B,3.43,1.718742
Bearing B,3.431,1.789486
Bearing B,3.432,2.118843
Bearing B,3.433,1.514967
Bearing B,3.434,0.753449
Bearing B,3.435,0.000456
Bearing B,3.436,-0.545935
Bearing B,3.437,0.42285
Bearing B,3.438,0.628925
Bearing B,3.439,0.002912
Bearing B,3.44,-0.692227
Bearing B,3.441,-1.160705
Bearing B,3.442,-0.775607
Bearing B,3.443,-0.493266
Bearing B,3.444,-0.836428
Bearing B,3.445,-0.679769
Bearing B,3.446,-0.197108
Bearing B,3.447,0.286849
Bearing B,3.448,0.362862
Bearing B,3.449,0.371036
Bearing B,3.45,1.126031
Bearing B,3.451,1.876256
Bearing B,3.452,2.148197
Bearing B,3.453,1.298082
Bearing B,3.454,0.337712
Bearing B,3.455,0.102136
Bearing B,3.456,0.403508
Bearing B,3.457,0.470975
Bearing B,3.458,-0.111021
Bearing B,3.459,-0.127298
Bearing B,3.46,-0.143647
Bearing B,3.461,-0.474577
Bearing B,3.462,-0.777168
Bearing B,3.463,-1.331615
Bearing B,3.464,-1.046348
Bearing B,3.465,-0.700856
Bearing B,3.466,-0.210779
Bearing B,3.467,-0.036717
Bearing B,3.468,-0.345665
Bearing B,3.469,0.413885
Bearing B,3.47,1.496026
Bearing B,3.471,1.979252
Bearing B,3.472,1.341199
Bearing B,3.473,0.421425
Bearing B,3.474,-0.319682
Bearing B,3.475,-0.127339
Bearing B,3.476,-0.391217
Bearing B,3.477,-0.365786
Bearing B,3.478,-0.460296
Bearing B,3.479,0.166264
Bearing B,3.48,0.034357
Bearing B,3.481,-0.463603
Bearing B,3.482,-1.077373
Bearing B,3.483,-0.697856
Bearing B,3.484,-0.24814
Bearing B,3.485,-0.193703
Bearing B,3.486,-0.204933
Bearing B,3.487,-0.444788
Bearing B,3.488,0.071283
Bearing B,3.489,1.083839
Bearing B,3.49,1.285846
Bearing B,3.491,1.578733
Bearing B,3.492,1.576426
Bearing B,3.493,0.864758
Bearing B,3.494,0.909235
Bearing B,3.495,0.223896
Bearing B,3.496,-0.26469
Bearing B,3.497,0.028817
Bearing B,3.498,0.651115
Bearing B,3.499,0.514531
Bearing B,3.5,-0.080285
Bearing B,3.501,-0.999061
Bearing B,3.502,-1.094492
Bearing B,3.503,-0.442502
Bearing B,3.504,-0.427091
Bearing B,3.505,-0.685838
Bearing B,3.506,-0.982497
Bearing B,3.507,-0.253522
Bearing B,3.508,0.778083
Bearing B,3.509,1.235565
Bearing B,3.51,1.408199
Bearing B,3.511,1.50249
Bearing B,3.512,1.708278
Bearing B,3.513,1.301847
Bearing B,3.514,0.36179
Bearing B,3.515,-0.411421
Bearing B,3.516,-0.360412
Bearing B,3.517,0.514287
Bearing B,3.518,0.882277
Bearing B,3.519,0.003924
Bearing B,3.52,-0.383878
Bearing B,3.521,-0.283188
Bearing B,3.522,-0.010023
Bearing B,3.523,-0.315505
Bearing B,3.524,-0.855779
Bearing B,3.525,-0.356015
Bearing B,3.526,-0.08346
Bearing B,3.527,0.496841
Bearing B,3.528,0.3496
Bearing B,3.529,0.637449
Bearing B,3.53,1.35258
Bearing B,3.531,2.037854
Bearing B,3.532,1.970318
Bearing B,3.533,1.081091
Bearing B,3.534,-0.122985
Bearing B,3.535,-0.250843
Bearing B,3.536,0.482218
Bearing B,3.537,0.497862
Bearing B,3.538,-0.026772
Bearing B,3.539,-0.476781
Bearing B,3.54,-0.802365
Bearing B,3.541,-1.093199
Bearing B,3.542,-1.285367
Bearing B,3.543,-1.529312
Bearing B,3.544,-1.204489
Bearing B,3.545,-1.01699
Bearing B,3.546,-0.458536
Bearing B,3.547,-0.325827
Bearing B,3.548,-0.667073
Bearing B,3.549,0.493803
Bearing B,3.55,1.324262
Bearing B,3.551,1.564986
Bearing B,3.552,1.295763
Bearing B,3.553,0.494536
Bearing B,3.554,0.300719
Bearing B,3.555,0.34667
Bearing B,3.556,-0.092966
Bearing B,3.557,-0.348721
Bearing B,3.558,0.147717
Bearing B,3.559,0.710174
Bearing B,3.56,0.821151
Bearing B,3.561,-0.086623
Bearing B,3.562,-1.207788
Bearing B,3.563,-1.190301
Bearing B,3.564,-0.513733
Bearing B,3.565,0.292515
Bearing B,3.566,-0.970335
Bearing B,3.567,-1.14157
Bearing B,3.568,-0.334895
Bearing B,3.569,0.822991
Bearing B,3.57,1.036096
Bearing B,3.571,0.90103
Bearing B,3.572,0.652458
Bearing B,3.573,0.523692
Bearing B,3.574,0.488324
Bearing B,3.575,-0.463113
Bearing B,3.576,-0.757552
Bearing B,3.577,-0.422147
Bearing B,3.578,0.359486
Bearing B,3.579,0.802802
Bearing B,3.58,-0.642232
Bearing B,3.581,-0.874919
Bearing B,3.582,-1.325203
Bearing B,3.583,-0.802082
Bearing B,3.584,-0.704149
Bearing B,3.585,-0.900283
Bearing B,3.586,-0.72607
Bearing B,3.587,0.177223
Bearing B,3.588,0.735166
Bearing B,3.589,0.444242
Bearing B,3.59,0.64898
Bearing B,3.591,1.184372
Bearing B,3.592,1.646668
Bearing B,3.593,1.56787
Bearing B,3.594,0.003556
Bearing B,3.595,-0.574345
Bearing B,3.596,-0.31273
Bearing B,3.597,0.631355
Bearing B,3.598,0.58287
Bearing B,3.599,-0.228529
Bearing B,3.6,-0.836821
Bearing B,3.601,-0.489088
Bearing B,3.602,-0.837169
Bearing B,3.603,-1.308116
Bearing B,3.604,-1.491966
Bearing B,3.605,-1.252094
Bearing B,3.606,-0.658575
Bearing B,3.607,-0.037457
Bearing B,3.608,0.363537
Bearing B,3.609,0.456209
Bearing B,3.61,1.212062
Bearing B,3.611,1.95113
Bearing B,3.612,2.019876
Bearing B,3.613,0.824177
Bearing B,3.614,0.11145
Bearing B,3.615,-0.310437
Bearing B,3.616,0.200138
Bearing B,3.617,0.113773
Bearing B,3.618,-0.368145
Bearing B,3.619,-0.594348
Bearing B,3.62,-0.770327
Bearing B,3.621,-0.434662
Bearing B,3.622,-1.18709
Bearing B,3.623,-1.368959
Bearing B,3.624,-1.096843
Bearing B,3.625,-0.692269
Bearing B,3.626,-0.50403
Bearing B,3.627,-0.603418
Bearing B,3.628,-0.139655
Bearing B,3.629,0.486678
Bearing B,3.63,1.654659
Bearing B,3.631,1.767657
Bearing B,3.632,0.710163
Bearing B,3.633,0.048848
Bearing B,3.634,0.080305
Bearing B,3.635,0.240115
Bearing B,3.636,-0.107145
Bearing B,3.637,-0.513117
Bearing B,3.638,0.233709
Bearing B,3.639,0.130904
Bearing B,3.64,-0.328185
Bearing B,3.641,-1.263637
Bearing B,3.642,-1.755994
Bearing B,3.643,-1.293837
Bearing B,3.644,-0.355955
Bearing B,3.645,-0.170252
Bearing B,3.646,-0.414519
Bearing B,3.647,-0.048573
Bearing B,3.648,0.500366
Bearing B,3.649,1.735599
Bearing B,3.65,1.98203
Bearing B,3.651,1.803273
Bearing B,3.652,1.499388
Bearing B,3.653,1.746956
Bearing B,3.654,0.934445
Bearing B,3.655,-0.297062
Bearing B,3.656,-0.438516
Bearing B,3.657,-0.299075
Bearing B,3.658,0.762725
Bearing B,3.659,0.475629
Bearing B,3.66,-0.327657
Bearing B,3.661,-1.039518
Bearing B,3.662,-0.787841
Bearing B,3.663,-0.383312
Bearing B,3.664,-0.364268
Bearing B,3.665,-0.790942
Bearing B,3.666,-0.825791
Bearing B,3.667,-0.165248
Bearing B,3.668,0.757404
Bearing B,3.669,0.939155
Bearing B,3.67,1.335791
Bearing B,3.671,1.585654
Bearing B,3.672,1.838142
Bearing B,3.673,1.574669
Bearing B,3.674,0.489924
Bearing B,3.675,-0.542582
Bearing B,3.676,-0.047471
Bearing B,3.677,0.615749
Bearing B,3.678,0.675475
Bearing B,3.679,-0.544362
Bearing B,3.68,-0.328025
Bearing B,3.681,-0.288905
Bearing B,3.682,-0.283616
Bearing B,3.683,-0.787983
Bearing B,3.684,-0.778481
Bearing B,3.685,-0.463631
Bearing B,3.686,0.00122
Bearing B,3.687,0.027446
Bearing B,3.688,-0.161219
Bearing B,3.689,0.308303
Bearing B,3.69,0.957681
Bearing B,3.691,1.886468
Bearing B,3.692,1.958487
Bearing B,3.693,0.537982
Bearing B,3.694,-0.422423
Bearing B,3.695,-0.21679
Bearing B,3.696,-0.008663
Bearing B,3.697,-0.057974
Bearing B,3.698,-0.246439
Bearing B,3.699,-0.307637
Bearing B,3.7,0.251322
Bearing B,3.701,-0.232621
Bearing B,3.702,-0.865089
Bearing B,3.703,-1.006794
Bearing B,3.704,-0.455069
Bearing B,3.705,-0.056581
Bearing B,3.706,0.119003
Bearing B,3.707,-0.843441
Bearing B,3.708,-0.385795
Bearing B,3.709,0.993568
Bearing B,3.71,1.551498
Bearing B,3.711,1.459072
Bearing B,3.712,1.092735
Bearing B,3.713,0.79915
Bearing B,3.714,0.446335
Bearing B,3.715,0.494964
Bearing B,3.716,0.00428
Bearing B,3.717,-0.624204
Bearing B,3.718,0.063095
Bearing B,3.719,0.604114
Bearing B,3.72,-0.098509
Bearing B,3.721,-1.249052
Bearing B,3.722,-1.24117
Bearing B,3.723,-0.943224
Bearing B,3.724,-0.347202
Bearing B,3.725,0.041846
Bearing B,3.726,-0.439665
Bearing B,3.727,-0.118666
Bearing B,3.728,0.881975
Bearing B,3.729,1.300509
Bearing B,3.73,1.603462
Bearing B,3.731,1.615699
Bearing B,3.732,1.244214
Bearing B,3.733,1.234597
Bearing B,3.734,0.950789
Bearing B,3.735,0.298968
Bearing B,3.736,-0.377967
Bearing B,3.737,0.146617
Bearing B,3.738,0.785737
Bearing B,3.739,0.365954
Bearing B,3.74,-0.457974
Bearing B,3.741,-1.139383
Bearing B,3.742,-0.7041
Bearing B,3.743,-0.525412
Bearing B,3.744,-0.807335
Bearing B,3.745,-1.275468
Bearing B,3.746,-0.882022
Bearing B,3.747,0.479793
Bearing B,3.748,0.644307
Bearing B,3.749,0.716429
Bearing B,3.75,0.953577
Bearing B,3.751,1.677281
Bearing B,3.752,1.803362
Bearing B,3.753,1.370239
Bearing B,3.754,-0.097667
Bearing B,3.755,-0.511442
Bearing B,3.756,-0.133537
Bearing B,3.757,0.44487
Bearing B,3.758,0.118165
Bearing B,3.759,-0.769248
Bearing B,3.76,-0.922951
Bearing B,3.761,-0.599945
Bearing B,3.762,-0.660559
Bearing B,3.763,-1.336499
Bearing B,3.764,-1.788926
Bearing B,3.765,-1.229671
Bearing B,3.766,-0.068506
Bearing B,3.767,0.171735
Bearing B,3.768,-0.170991
Bearing B,3.769,0.708664
Bearing B,3.77,1.530306
Bearing B,3.771,2.603596
Bearing B,3.772,2.227111
Bearing B,3.773,0.605839
Bearing B,3.774,0.070277
Bearing B,3.775,0.2342
Bearing B,3.776,0.691337
Bearing B,3.777,0.379716
Bearing B,3.778,0.167753
Bearing B,3.779,-0.156464
Bearing B,3.78,0.139303
Bearing B,3.781,0.15085
Bearing B,3.782,-1.205557
Bearing B,3.783,-1.875452
Bearing B,3.784,-1.299717
Bearing B,3.785,-0.602912
Bearing B,3.786,-0.482701
Bearing B,3.787,-0.635793
Bearing B,3.788,-0.600373
Bearing B,3.789,0.567915
Bearing B,3.79,1.296029
Bearing B,3.791,1.702225
Bearing B,3.792,0.852406
Bearing B,3.793,0.432368
Bearing B,3.794,0.360092
Bearing B,3.795,0.286574
Bearing B,3.796,-0.55277
Bearing B,3.797,-0.632179
Bearing B,3.798,-0.655168
Bearing B,3.799,-0.211076
Bearing B,3.8,-0.496288
Bearing B,3.801,-1.549231
Bearing B,3.802,-1.807321
Bearing B,3.803,-1.400924
Bearing B,3.804,-0.825192
Bearing B,3.805,-0.683084
Bearing B,3.806,-1.252878
Bearing B,3.807,-0.531021
Bearing B,3.808,0.561626
Bearing B,3.809,1.276497
Bearing B,3.81,1.106522
Bearing B,3.811,0.940783
Bearing B,3.812,1.026742
Bearing B,3.813,1.053368
Bearing B,3.814,0.040551
Bearing B,3.815,-0.760791
Bearing B,3.816,-0.949432
Bearing B,3.817,-0.216528
Bearing B,3.818,0.570102
Bearing B,3.819,0.091019
Bearing B,3.82,-0.876093
Bearing B,3.821,-1.183292
Bearing B,3.822,-0.589287
Bearing B,3.823,-0.327081
Bearing B,3.824,-0.829516
Bearing B,3.825,-1.456579
Bearing B,3.826,-0.910689
Bearing B,3.827,-0.14567
Bearing B,3.828,0.418303
Bearing B,3.829,0.318939
Bearing B,3.83,0.363552
Bearing B,3.831,1.615952
Bearing B,3.832,2.222078
Bearing B,3.833,1.506023
Bearing B,3.834,0.269485
Bearing B,3.835,-0.33023
Bearing B,3.836,0.340999
Bearing B,3.837,0.557748
Bearing B,3.838,0.024414
Bearing B,3.839,-0.451743
Bearing B,3.84,-0.554675
Bearing B,3.841,-0.37902
Bearing B,3.842,-0.697593
Bearing B,3.843,-1.190492
Bearing B,3.844,-1.464182
Bearing B,3.845,-0.895783
Bearing B,3.846,-0.061723
Bearing B,3.847,-0.211817
Bearing B,3.848,-0.503258
Bearing B,3.849,0.166114
Bearing B,3.85,1.647383
Bearing B,3.851,1.967387
Bearing B,3.852,0.939984
Bearing B,3.853,0.560801
Bearing B,3.854,-0.158498
Bearing B,3.855,-0.050343
Bearing B,3.856,0.321554
Bearing B,3.857,-0.334574
Bearing B,3.858,-0.508468
Bearing B,3.859,3e-05
Bearing B,3.86,0.373228
Bearing B,3.861,-0.319982
Bearing B,3.862,-1.241204
Bearing B,3.863,-1.603407
Bearing B,3.864,-0.909954
Bearing B,3.865,0.108216
Bearing B,3.866,0.035034
Bearing B,3.867,-0.132947
Bearing B,3.868,0.035771
Bearing B,3.869,1.277008
Bearing B,3.87,2.072309
Bearing B,3.871,1.468203
Bearing B,3.872,0.89498
Bearing B,3.873,0.582245
Bearing B,3.874,0.66645
Bearing B,3.875,0.306013
Bearing B,3.876,-0.362457
Bearing B,3.877,-0.12991
Bearing B,3.878,0.715114
Bearing B,3.879,1.015469
Bearing B,3.88,0.140486
Bearing B,3.881,-0.825489
Bearing B,3.882,-1.267266
Bearing B,3.883,-0.513516
Bearing B,3.884,-0.159305
Bearing B,3.885,-0.670094
Bearing B,3.886,-0.947174
Bearing B,3.887,-0.526803
Bearing B,3.888,0.464595
Bearing B,3.889,1.332141
Bearing B,3.89,1.306336
Bearing B,3.891,0.629217
Bearing B,3.892,1.564452
Bearing B,3.893,1.293525
Bearing B,3.894,0.366594
Bearing B,3.895,-0.543905
Bearing B,3.896,-0.73689
Bearing B,3.897,0.314549
Bearing B,3.898,0.884351
Bearing B,3.899,0.255103
Bearing B,3.9,-0.727424
Bearing B,3.901,-0.851462
Bearing B,3.902,-0.771044
Bearing B,3.903,-0.913284
Bearing B,3.904,-1.16319
Bearing B,3.905,-1.748835
Bearing B,3.906,-1.032026
Bearing B,3.907,-0.143135
Bearing B,3.908,-0.024864
Bearing B,3.909,0.02827
Bearing B,3.91,0.739435
Bearing B,3.911,1.575446
Bearing B,3.912,1.600037
Bearing B,3.913,1.155669
Bearing B,3.914,-0.303437
Bearing B,3.915,-0.470488
Bearing B,3.916,0.031253
Bearing B,3.917,0.362709
Bearing B,3.918,-0.111661
Bearing B,3.919,-0.688073
Bearing B,3.92,-0.690283
Bearing B,3.921,-0.381229
Bearing B,3.922,-0.945771
Bearing B,3.923,-1.719272
Bearing B,3.924,-1.577718
Bearing B,3.925,-0.885781
Bearing B,3.926,0.004762
Bearing B,3.927,-0.426991
Bearing B,3.928,-0.290059
Bearing B,3.929,0.438239
Bearing B,3.93,1.497841
Bearing B,3.931,1.963187
Bearing B,3.932,1.636467
Bearing B,3.933,0.623694
Bearing B,3.934,0.183471
Bearing B,3.935,0.430457
Bearing B,3.936,0.061355
Bearing B,3.937,-0.008768
Bearing B,3.938,0.0909
Bearing B,3.939,0.256891
Bearing B,3.94,0.562634
Bearing B,3.941,0.193353
Bearing B,3.942,-0.581974
Bearing B,3.943,-0.816324
Bearing B,3.944,0.162682
Bearing B,3.945,0.546819
Bearing B,3.946,0.222895
Bearing B,3.947,0.077907
Bearing B,3.948,0.880523
Bearing B,3.949,1.48043
Bearing B,3.95,2.344594
Bearing B,3.951,2.069968
Bearing B,3.952,1.449598
Bearing B,3.953,1.160528
Bearing B,3.954,1.245892
Bearing B,3.955,0.247817
Bearing B,3.956,-0.118695
Bearing B,3.957,0.048676
Bearing B,3.958,0.445365
Bearing B,3.959,0.445657
Bearing B,3.96,-0.255382
Bearing B,3.961,-1.008825
Bearing B,3.962,-0.985442
Bearing B,3.963,-0.188729
Bearing B,3.964,-0.095304
Bearing B,3.965,-0.535825
Bearing B,3.966,-0.98776
Bearing B,3.967,-0.067759
Bearing B,3.968,0.759335
Bearing B,3.969,1.223146
Bearing B,3.97,1.101352
Bearing B,3.971,1.260257
Bearing B,3.972,1.678007
Bearing B,3.973,1.809824
Bearing B,3.974,0.404494
Bearing B,3.975,-0.354415
Bearing B,3.976,-0.167619
Bearing B,3.977,0.412831
Bearing B,3.978,0.771765
Bearing B,3.979,-0.028144
Bearing B,3.98,-1.113349
Bearing B,3.981,-0.614582
Bearing B,3.982,-0.1053
Bearing B,3.983,-0.50344
Bearing B,3.984,-1.012064
Bearing B,3.985,-1.138052
Bearing B,3.986,-0.217511
Bearing B,3.987,0.531741
Bearing B,3.988,1.054522
Bearing B,3.989,1.010796
Bearing B,3.99,1.169278
Bearing B,3.991,2.125462
Bearing B,3.992,2.356333
Bearing B,3.993,1.205709
Bearing B,3.994,0.289995
Bearing B,3.995,-0.101431
Bearing B,3.996,0.337966
Bearing B,3.997,0.496402
Bearing B,3.998,-0.188997
Bearing B,3.999,-0.311395
Bearing B,4.0,-0.359665
Bearing B,4.001,-0.200417
Bearing B,4.002,-0.744243
Bearing B,4.003,-1.403678
Bearing B,4.004,-1.2135
Bearing B,4.005,0.088186
Bearing B,4.006,0.39137
Bearing B,4.007,-0.284342
Bearing B,4.008,-0.435857
Bearing B,4.009,0.20081
Bearing B,4.01,1.567716
Bearing B,4.011,1.91199
Bearing B,4.012,1.148124
Bearing B,4.013,0.079786
Bearing B,4.014,0.074157
Bearing B,4.015,0.478133
Bearing B,4.016,0.194932
Bearing B,4.017,-0.682424
Bearing B,4.018,-0.571689
Bearing B,4.019,-0.238217
Bearing B,4.02,-0.131898
Bearing B,4.021,-0.962426
Bearing B,4.022,-2.0167
Bearing B,4.023,-1.842799
Bearing B,4.024,-1.07401
Bearing B,4.025,-0.486922
Bearing B,4.026,-0.865801
Bearing B,4.027,-0.763411
Bearing B,4.028,-0.120899
Bearing B,4.029,1.265588
Bearing B,4.03,2.021707
Bearing B,4.031,1.60681
Bearing B,4.032,1.583203
Bearing B,4.033,1.145514
Bearing B,4.034,0.73305
Bearing B,4.035,0.285744
Bearing B,4.036,-0.104752
Bearing B,4.037,-0.334474
Bearing B,4.038,0.216844
Bearing B,4.039,0.431106
Bearing B,4.04,-0.555011
Bearing B,4.041,-1.401276
Bearing B,4.042,-1.158377
Bearing B,4.043,-0.505075
Bearing B,4.044,-0.586087
Bearing B,4.045,-1.422387
Bearing B,4.046,-0.960335
Bearing B,4.047,-0.08166
Bearing B,4.048,0.573296
Bearing B,4.049,1.205803
Bearing B,4.05,1.448758
Bearing B,4.051,2.006298
Bearing B,4.052,2.043338
Bearing B,4.053,1.800084
Bearing B,4.054,0.854458
Bearing B,4.055,-0.397188
Bearing B,4.056,-0.250224
Bearing B,4.057,0.351867
Bearing B,4.058,0.856254
Bearing B,4.059,-0.133877
Bearing B,4.06,-1.119665
Bearing B,4.061,-0.883969
Bearing B,4.062,-0.737593
Bearing B,4.063,-0.632397
Bearing B,4.064,-1.22202
Bearing B,4.065,-1.356924
Bearing B,4.066,-0.373043
Bearing B,4.067,-0.066578
Bearing B,4.068,-0.107685
Bearing B,4.069,0.091525
Bearing B,4.07,0.824247
Bearing B,4.071,1.931925
Bearing B,4.072,1.731705
Bearing B,4.073,0.563561
Bearing B,4.074,-0.224934
Bearing B,4.075,-0.262233
Bearing B,4.076,0.248198
Bearing B,4.077,0.249804
Bearing B,4.078,-0.454918
Bearing B,4.079,-0.396402
Bearing B,4.08,-0.466809
Bearing B,4.081,-0.2302
Bearing B,4.082,-1.033786
Bearing B,4.083,-1.427788
Bearing B,4.084,-1.130872
Bearing B,4.085,-0.249391
Bearing B,4.086,-0.073294
Bearing B,4.087,-0.442236
Bearing B,4.088,-0.157654
Bearing B,4.089,0.588511
Bearing B,4.09,1.984619
Bearing B,4.091,2.153357
Bearing B,4.092,1.395892
Bearing B,4.093,0.610222
Bearing B,4.094,0.060998
Bearing B,4.095,0.137033
Gearbox,0.0,-0.948163
Gearbox,0.001,-1.285017
Gearbox,0.002,-0.71999
Gearbox,0.003,-0.040345
Gearbox,0.004,-0.02498
Gearbox,0.005,0.869267
Gearbox,0.006,0.825359
Gearbox,0.007,0.075147
Gearbox,0.008,-0.402859
Gearbox,0.009,0.034293
Gearbox,0.01,0.433273
Gearbox,0.011,-0.00309
Gearbox,0.012,0.647076
Gearbox,0.013,1.691219
Gearbox,0.014,1.303357
Gearbox,0.015,-0.310005
Gearbox,0.016,-1.189941
Gearbox,0.017,-0.850253
Gearbox,0.018,-0.506764
Gearbox,0.019,0.040221
Gearbox,0.02,-0.010588
Gearbox,0.021,0.79746
Gearbox,0.022,1.448636
Gearbox,0.023,0.21747
Gearbox,0.024,-0.855353
Gearbox,0.025,-1.150282
Gearbox,0.026,-0.31373
Gearbox,0.027,0.139061
Gearbox,0.028,0.703458
Gearbox,0.029,1.156963
Gearbox,0.03,1.650032
Gearbox,0.031,0.636799
Gearbox,0.032,-0.566893
Gearbox,0.033,-0.92223
Gearbox,0.034,-0.816878
Gearbox,0.035,0.172801
Gearbox,0.036,0.322012
Gearbox,0.037,0.557284
Gearbox,0.038,1.358977
Gearbox,0.039,1.154312
Gearbox,0.04,0.185748
Gearbox,0.041,-0.928539
Gearbox,0.042,-1.028033
Gearbox,0.043,-0.195907
Gearbox,0.044,-0.066012
Gearbox,0.045,-0.098831
Gearbox,0.046,1.344924
Gearbox,0.047,1.884847
Gearbox,0.048,0.970933
Gearbox,0.049,-0.191219
Gearbox,0.05,-0.740146
Gearbox,0.051,-0.557865
Gearbox,0.052,-0.075627
Gearbox,0.053,0.280864
Gearbox,0.054,0.848699
Gearbox,0.055,1.347849
Gearbox,0.056,1.665063
Gearbox,0.057,0.141519
Gearbox,0.058,-0.698137
Gearbox,0.059,-0.396117
Gearbox,0.06,-0.01056
Gearbox,0.061,0.067761
Gearbox,0.062,0.095972
Gearbox,0.063,0.689274
Gearbox,0.064,0.869928
Gearbox,0.065,0.191719
Gearbox,0.066,-1.07487
Gearbox,0.067,-0.301567
Gearbox,0.068,-0.382588
Gearbox,0.069,-0.044443
Gearbox,0.07,0.592319
Gearbox,0.071,1.441706
Gearbox,0.072,2.251574
Gearbox,0.073,1.211149
Gearbox,0.074,-0.378192
Gearbox,0.075,-0.49916
Gearbox,0.076,-0.268614
Gearbox,0.077,0.28652
Gearbox,0.078,-0.074422
Gearbox,0.079,0.785005
Gearbox,0.08,1.993838
Gearbox,0.081,1.683526
Gearbox,0.082,-0.019655
Gearbox,0.083,-1.070235
Gearbox,0.084,-0.452326
Gearbox,0.085,-0.035044
Gearbox,0.086,-0.476036
Gearbox,0.087,-0.385793
Gearbox,0.088,0.624291
Gearbox,0.089,1.026089
Gearbox,0.09,-0.033053
Gearbox,0.091,-0.578159
Gearbox,0.092,-0.638645
Gearbox,0.093,0.070431
Gearbox,0.094,0.443315
Gearbox,0.095,0.758359
Gearbox,0.096,1.684318
Gearbox,0.097,2.113381
Gearbox,0.098,1.085807
Gearbox,0.099,-0.267114
Gearbox,0.1,-0.41372
Gearbox,0.101,0.054241
Gearbox,0.102,0.491247
Gearbox,0.103,1.039813
Gearbox,0.104,1.847172
Gearbox,0.105,2.336089
Gearbox,0.106,2.009659
Gearbox,0.107,0.580208
Gearbox,0.108,-1.137515
Gearbox,0.109,-0.170784
Gearbox,0.11,0.703145
Gearbox,0.111,0.450655
Gearbox,0.112,0.543592
Gearbox,0.113,1.789939
Gearbox,0.114,1.304884
Gearbox,0.115,0.121834
Gearbox,0.116,-0.514129
Gearbox,0.117,-0.536362
Gearbox,0.118,-0.310942
Gearbox,0.119,0.171248
Gearbox,0.12,0.063111
Gearbox,0.121,0.993557
Gearbox,0.122,1.531048
Gearbox,0.123,0.394968
Gearbox,0.124,-1.142174
Gearbox,0.125,-1.4103
Gearbox,0.126,-0.85423
Gearbox,0.127,-0.462983
Gearbox,0.128,-0.186473
Gearbox,0.129,0.498565
Gearbox,0.13,0.992864
Gearbox,0.131,0.883673
Gearbox,0.132,-0.755508
Gearbox,0.133,-1.717334
Gearbox,0.134,-1.133978
Gearbox,0.135,-0.112858
Gearbox,0.136,0.752943
Gearbox,0.137,0.36603
Gearbox,0.138,1.260836
Gearbox,0.139,1.344737
Gearbox,0.14,0.143254
Gearbox,0.141,-0.448939
Gearbox,0.142,-0.270231
Gearbox,0.143,0.196761
Gearbox,0.144,-0.032073
Gearbox,0.145,-0.32066
Gearbox,0.146,0.302445
Gearbox,0.147,0.684997
Gearbox,0.148,0.113166
Gearbox,0.149,-1.070129
Gearbox,0.15,-1.280077
Gearbox,0.151,-0.849924
Gearbox,0.152,-0.100766
Gearbox,0.153,-0.581893
Gearbox,0.154,0.352788
Gearbox,0.155,0.68618
Gearbox,0.156,0.304825
Gearbox,0.157,-0.750256
Gearbox,0.158,-1.114292
Gearbox,0.159,-0.695885
Gearbox,0.16,-0.398718
Gearbox,0.161,-0.032096
Gearbox,0.162,0.231951
Gearbox,0.163,1.004856
Gearbox,0.164,1.141609
Gearbox,0.165,-0.365198
Gearbox,0.166,-2.031771
Gearbox,0.167,-1.254939
Gearbox,0.168,-0.623329
Gearbox,0.169,-0.039287
Gearbox,0.17,0.379772
Gearbox,0.171,1.887895
Gearbox,0.172,2.09396
Gearbox,0.173,1.09113
Gearbox,0.174,-0.394164
Gearbox,0.175,-0.54307
Gearbox,0.176,0.017936
Gearbox,0.177,0.463713
Gearbox,0.178,-0.02619
Gearbox,0.179,0.788706
Gearbox,0.18,1.46801
Gearbox,0.181,1.118923
Gearbox,0.182,-0.063692
Gearbox,0.183,-0.58076
Gearbox,0.184,-0.183424
Gearbox,0.185,0.665151
Gearbox,0.186,0.367902
Gearbox,0.187,1.127183
Gearbox,0.188,1.562275
Gearbox,0.189,1.551229
Gearbox,0.19,0.49044
Gearbox,0.191,-1.197034
Gearbox,0.192,-0.684235
Gearbox,0.193,0.245696
Gearbox,0.194,0.138777
Gearbox,0.195,0.120673
Gearbox,0.196,0.954236
Gearbox,0.197,1.424353
Gearbox,0.198,0.3555
Gearbox,0.199,-1.08992
Gearbox,0.2,-1.267578
Gearbox,0.201,-0.453914
Gearbox,0.202,0.411135
Gearbox,0.203,0.268313
Gearbox,0.204,0.736942
Gearbox,0.205,1.295987
Gearbox,0.206,1.053078
Gearbox,0.207,0.147111
Gearbox,0.208,-0.740299
Gearbox,0.209,-0.19774
Gearbox,0.21,-0.34894
Gearbox,0.211,0.226743
Gearbox,0.212,0.612348
Gearbox,0.213,1.456553
Gearbox,0.214,1.381055
Gearbox,0.215,-0.376294
Gearbox,0.216,-0.84926
Gearbox,0.217,-1.262509
Gearbox,0.218,-0.942095
Gearbox,0.219,-0.591367
Gearbox,0.22,0.099405
Gearbox,0.221,1.090975
Gearbox,0.222,1.683761
Gearbox,0.223,0.805116
Gearbox,0.224,-0.406324
Gearbox,0.225,-1.369978
Gearbox,0.226,-0.626589
Gearbox,0.227,-0.32851
Gearbox,0.228,0.012306
Gearbox,0.229,0.808178
Gearbox,0.23,1.528526
Gearbox,0.231,0.965667
Gearbox,0.232,-0.425099
Gearbox,0.233,-0.623556
Gearbox,0.234,-0.661974
Gearbox,0.235,0.263205
Gearbox,0.236,0.566212
Gearbox,0.237,1.137177
Gearbox,0.238,1.68046
Gearbox,0.239,1.732743
Gearbox,0.24,0.732167
Gearbox,0.241,-0.740969
Gearbox,0.242,-0.307946
Gearbox,0.243,0.124636
Gearbox,0.244,-0.173521
Gearbox,0.245,0.59881
Gearbox,0.246,1.349389
Gearbox,0.247,1.685255
Gearbox,0.248,1.408805
Gearbox,0.249,-0.231323
Gearbox,0.25,-0.861707
Gearbox,0.251,0.014317
Gearbox,0.252,0.247357
Gearbox,0.253,0.503295
Gearbox,0.254,0.895701
Gearbox,0.255,1.233779
Gearbox,0.256,0.74132
Gearbox,0.257,-0.774964
Gearbox,0.258,-1.331422
Gearbox,0.259,-1.459321
Gearbox,0.26,-0.62607
Gearbox,0.261,-0.426318
Gearbox,0.262,0.615759
Gearbox,0.263,1.017226
Gearbox,0.264,1.545891
Gearbox,0.265,0.70131
Gearbox,0.266,-0.484758
Gearbox,0.267,-0.827844
Gearbox,0.268,0.008906
Gearbox,0.269,0.232671
Gearbox,0.27,-0.033709
Gearbox,0.271,0.813906
Gearbox,0.272,1.328664
Gearbox,0.273,0.284389
Gearbox,0.274,-1.408613
Gearbox,0.275,-1.338799
Gearbox,0.276,-0.325943
Gearbox,0.277,-0.477289
Gearbox,0.278,0.06688
Gearbox,0.279,0.16092
Gearbox,0.28,0.339943
Gearbox,0.281,0.728476
Gearbox,0.282,-0.765755
Gearbox,0.283,-1.593256
Gearbox,0.284,-1.635895
Gearbox,0.285,-1.182071
Gearbox,0.286,-1.084162
Gearbox,0.287,-0.644977
Gearbox,0.288,0.122069
Gearbox,0.289,-0.673723
Gearbox,0.29,-1.615539
Gearbox,0.291,-2.11724
Gearbox,0.292,-1.490118
Gearbox,0.293,-1.313194
Gearbox,0.294,-1.243646
Gearbox,0.295,-1.126026
Gearbox,0.296,0.186064
Gearbox,0.297,1.066889
Gearbox,0.298,0.136016
Gearbox,0.299,-0.802568
Gearbox,0.3,-1.510847
Gearbox,0.301,-1.14338
Gearbox,0.302,-0.034222
Gearbox,0.303,0.202903
Gearbox,0.304,0.913668
Gearbox,0.305,1.602367
Gearbox,0.306,0.766669
Gearbox,0.307,-0.325035
Gearbox,0.308,-1.486538
Gearbox,0.309,-1.237126
Gearbox,0.31,-0.357502
Gearbox,0.311,-0.775636
Gearbox,0.312,0.346082
Gearbox,0.313,1.281029
Gearbox,0.314,0.894343
Gearbox,0.315,-0.321339
Gearbox,0.316,-1.568456
Gearbox,0.317,-0.671193
Gearbox,0.318,-0.482499
Gearbox,0.319,-0.222353
Gearbox,0.32,-0.01139
Gearbox,0.321,0.835385
Gearbox,0.322,1.192868
Gearbox,0.323,0.735465
Gearbox,0.324,-0.515652
Gearbox,0.325,-1.173405
Gearbox,0.326,-0.344684
Gearbox,0.327,-0.750373
Gearbox,0.328,-0.452092
Gearbox,0.329,0.414208
Gearbox,0.33,1.140633
Gearbox,0.331,0.663219
Gearbox,0.332,-0.261869
Gearbox,0.333,-0.918682
Gearbox,0.334,-0.49779
Gearbox,0.335,-0.151494
Gearbox,0.336,0.027437
Gearbox,0.337,0.394767
Gearbox,0.338,1.190071
Gearbox,0.339,1.156558
Gearbox,0.34,0.569448
Gearbox,0.341,-0.286931
Gearbox,0.342,-0.269458
Gearbox,0.343,0.583079
Gearbox,0.344,0.75579
Gearbox,0.345,0.447975
Gearbox,0.346,1.306341
Gearbox,0.347,1.528624
Gearbox,0.348,0.729101
Gearbox,0.349,-0.132789
Gearbox,0.35,-0.665237
Gearbox,0.351,-0.107502
Gearbox,0.352,0.355939
Gearbox,0.353,0.63579
Gearbox,0.354,1.19627
Gearbox,0.355,2.119285
Gearbox,0.356,1.867774
Gearbox,0.357,0.288208
Gearbox,0.358,0.127682
Gearbox,0.359,-0.016086
Gearbox,0.36,0.321932
Gearbox,0.361,0.470461
Gearbox,0.362,0.917626
Gearbox,0.363,1.859105
Gearbox,0.364,1.713455
Gearbox,0.365,0.748106
Gearbox,0.366,-0.183591
Gearbox,0.367,-0.170037
Gearbox,0.368,0.303381
Gearbox,0.369,0.416686
Gearbox,0.37,1.050965
Gearbox,0.371,1.263075
Gearbox,0.372,1.452802
Gearbox,0.373,0.549881
Gearbox,0.374,-0.693756
Gearbox,0.375,-1.670127
Gearbox,0.376,-0.782499
Gearbox,0.377,-0.38
Gearbox,0.378,0.079412
Gearbox,0.379,0.989344
Gearbox,0.38,2.099337
Gearbox,0.381,1.279178
Gearbox,0.382,-0.348015
Gearbox,0.383,-0.923799
Gearbox,0.384,-0.942497
Gearbox,0.385,-0.433518
Gearbox,0.386,-0.479011
Gearbox,0.387,-0.187181
Gearbox,0.388,0.755314
Gearbox,0.389,0.420269
Gearbox,0.39,-0.136434
Gearbox,0.391,-1.053306
Gearbox,0.392,-1.203064
Gearbox,0.393,-0.397931
Gearbox,0.394,-0.476599
Gearbox,0.395,-0.787686
Gearbox,0.396,0.271145
Gearbox,0.397,1.005126
Gearbox,0.398,0.1566
Gearbox,0.399,-0.91395
Gearbox,0.4,-0.851212
Gearbox,0.401,-0.275326
Gearbox,0.402,0.195682
Gearbox,0.403,0.161145
Gearbox,0.404,0.706478
Gearbox,0.405,2.094977
Gearbox,0.406,1.781377
Gearbox,0.407,0.581696
Gearbox,0.408,-0.255521
Gearbox,0.409,0.068896
Gearbox,0.41,0.939096
Gearbox,0.411,0.65867
Gearbox,0.412,1.219192
Gearbox,0.413,1.389899
Gearbox,0.414,1.116433
Gearbox,0.415,0.160889
Gearbox,0.416,-1.101295
Gearbox,0.417,-1.054632
Gearbox,0.418,-0.327409
Gearbox,0.419,0.453112
Gearbox,0.42,-0.0591
Gearbox,0.421,1.221091
Gearbox,0.422,1.894481
Gearbox,0.423,1.121094
Gearbox,0.424,-0.131094
Gearbox,0.425,-0.038498
Gearbox,0.426,0.854162
Gearbox,0.427,0.869044
Gearbox,0.428,0.72086
Gearbox,0.429,1.111994
Gearbox,0.43,0.792862
Gearbox,0.431,1.033227
Gearbox,0.432,-0.029284
Gearbox,0.433,-0.911797
Gearbox,0.434,0.161317
Gearbox,0.435,0.28704
Gearbox,0.436,0.340052
Gearbox,0.437,0.646144
Gearbox,0.438,1.16234
Gearbox,0.439,0.740023
Gearbox,0.44,-0.499267
Gearbox,0.441,-1.274121
Gearbox,0.442,-1.152909
Gearbox,0.443,-0.15367
Gearbox,0.444,0.377844
Gearbox,0.445,0.206639
Gearbox,0.446,0.834159
Gearbox,0.447,1.325382
Gearbox,0.448,0.507107
Gearbox,0.449,-0.526413
Gearbox,0.45,-0.928387
Gearbox,0.451,-0.235982
Gearbox,0.452,0.070674
Gearbox,0.453,-0.733444
Gearbox,0.454,-0.345639
Gearbox,0.455,0.725373
Gearbox,0.456,0.482963
Gearbox,0.457,-1.51797
Gearbox,0.458,-2.05042
Gearbox,0.459,-1.657348
Gearbox,0.46,-1.099597
Gearbox,0.461,-0.905864
Gearbox,0.462,-0.008927
Gearbox,0.463,0.616694
Gearbox,0.464,0.296115
Gearbox,0.465,-0.241773
Gearbox,0.466,-1.520471
Gearbox,0.467,-0.937021
Gearbox,0.468,-1.265614
Gearbox,0.469,-0.989699
Gearbox,0.47,-0.711173
Gearbox,0.471,-0.606847
Gearbox,0.472,-0.201468
Gearbox,0.473,-0.398972
Gearbox,0.474,-1.948017
Gearbox,0.475,-2.25174
Gearbox,0.476,-1.144731
Gearbox,0.477,-1.019817
Gearbox,0.478,-0.666668
Gearbox,0.479,0.150461
Gearbox,0.48,0.950062
Gearbox,0.481,0.229262
Gearbox,0.482,-0.915983
Gearbox,0.483,-2.000403
Gearbox,0.484,-1.125127
Gearbox,0.485,-0.637811
Gearbox,0.486,-0.520363
Gearbox,0.487,0.186863
Gearbox,0.488,1.072678
Gearbox,0.489,1.725045
Gearbox,0.49,-0.023666
Gearbox,0.491,-0.976694
Gearbox,0.492,-0.73582
Gearbox,0.493,-0.543318
Gearbox,0.494,-0.466164
Gearbox,0.495,-0.419527
Gearbox,0.496,1.407143
Gearbox,0.497,1.648291
Gearbox,0.498,0.989706
Gearbox,0.499,-0.901196
Gearbox,0.5,-1.175595
Gearbox,0.501,-0.101319
Gearbox,0.502,-0.437497
Gearbox,0.503,0.388106
Gearbox,0.504,0.607525
Gearbox,0.505,1.390836
Gearbox,0.506,0.473665
Gearbox,0.507,-0.810863
Gearbox,0.508,-1.768717
Gearbox,0.509,-0.859601
Gearbox,0.51,-0.302755
Gearbox,0.511,-0.15822
Gearbox,0.512,0.060569
Gearbox,0.513,1.959073
Gearbox,0.514,1.50882
Gearbox,0.515,-0.113831
Gearbox,0.516,-0.934902
Gearbox,0.517,-0.94794
Gearbox,0.518,-0.407646
Gearbox,0.519,-0.294736
Gearbox,0.52,-0.142785
Gearbox,0.521,0.817993
Gearbox,0.522,1.022541
Gearbox,0.523,0.572418
Gearbox,0.524,-0.793419
Gearbox,0.525,-1.277347
Gearbox,0.526,-0.591928
Gearbox,0.527,-0.197101
Gearbox,0.528,-0.215041
Gearbox,0.529,0.427871
Gearbox,0.53,1.684727
Gearbox,0.531,0.902796
Gearbox,0.532,-0.247243
Gearbox,0.533,-0.830161
Gearbox,0.534,-1.545319
Gearbox,0.535,-0.552841
Gearbox,0.536,0.464704
Gearbox,0.537,0.796231
Gearbox,0.538,1.322565
Gearbox,0.539,1.357453
Gearbox,0.54,0.257917
Gearbox,0.541,-0.69947
Gearbox,0.542,-1.094988
Gearbox,0.543,0.069621
Gearbox,0.544,-0.17233
Gearbox,0.545,-0.038413
Gearbox,0.546,0.891144
Gearbox,0.547,0.902429
Gearbox,0.548,0.670875
Gearbox,0.549,-1.019846
Gearbox,0.55,-1.266229
Gearbox,0.551,-1.030226
Gearbox,0.552,-0.073624
Gearbox,0.553,0.294077
Gearbox,0.554,0.935223
Gearbox,0.555,1.823496
Gearbox,0.556,1.06441
Gearbox,0.557,-0.038553
Gearbox,0.558,-0.427428
Gearbox,0.559,-0.444551
Gearbox,0.56,-0.026368
Gearbox,0.561,-0.300584
Gearbox,0.562,-0.002147
Gearbox,0.563,1.113136
Gearbox,0.564,1.19591
Gearbox,0.565,-0.06731
Gearbox,0.566,-1.579743
Gearbox,0.567,-1.409786
Gearbox,0.568,-0.486403
Gearbox,0.569,-0.211595
Gearbox,0.57,-0.26671
Gearbox,0.571,0.439896
Gearbox,0.572,1.350772
Gearbox,0.573,0.328867
Gearbox,0.574,-1.468303
Gearbox,0.575,-0.948027
Gearbox,0.576,-0.40402
Gearbox,0.577,-0.150967
Gearbox,0.578,-0.198792
Gearbox,0.579,0.555911
Gearbox,0.58,1.387023
Gearbox,0.581,1.230416
Gearbox,0.582,-0.404265
Gearbox,0.583,-1.670222
Gearbox,0.584,-0.654888
Gearbox,0.585,-0.001927
Gearbox,0.586,-0.047772
Gearbox,0.587,-0.288661
Gearbox,0.588,0.639539
Gearbox,0.589,0.686042
Gearbox,0.59,-0.092535
Gearbox,0.591,-1.250021
Gearbox,0.592,-1.527646
Gearbox,0.593,-1.041184
Gearbox,0.594,-0.737819
Gearbox,0.595,-0.340284
Gearbox,0.596,0.288567
Gearbox,0.597,1.068896
Gearbox,0.598,-0.225116
Gearbox,0.599,-1.784752
Gearbox,0.6,-1.449012
Gearbox,0.601,-1.924087
Gearbox,0.602,-0.619874
Gearbox,0.603,-0.277247
Gearbox,0.604,0.744516
Gearbox,0.605,1.235115
Gearbox,0.606,1.217293
Gearbox,0.607,0.10991
Gearbox,0.608,-1.021914
Gearbox,0.609,-0.790064
Gearbox,0.61,-0.412628
Gearbox,0.611,-0.389057
Gearbox,0.612,-0.003995
Gearbox,0.613,0.363488
Gearbox,0.614,0.73571
Gearbox,0.615,-0.30231
Gearbox,0.616,-1.297133
Gearbox,0.617,-1.557175
Gearbox,0.618,-1.141037
Gearbox,0.619,-0.950629
Gearbox,0.62,-0.986846
Gearbox,0.621,0.434472
Gearbox,0.622,1.112588
Gearbox,0.623,0.228709
Gearbox,0.624,-1.299855
Gearbox,0.625,-1.34066
Gearbox,0.626,-0.584281
Gearbox,0.627,-0.623418
Gearbox,0.628,-0.421263
Gearbox,0.629,0.668813
Gearbox,0.63,1.380741
Gearbox,0.631,0.658276
Gearbox,0.632,-0.771006
Gearbox,0.633,-1.565658
Gearbox,0.634,-0.963264
Gearbox,0.635,-0.786232
Gearbox,0.636,-0.407201
Gearbox,0.637,0.32166
Gearbox,0.638,1.306939
Gearbox,0.639,1.314803
Gearbox,0.64,-0.074478
Gearbox,0.641,-0.960947
Gearbox,0.642,-1.035606
Gearbox,0.643,-0.856822
Gearbox,0.644,-0.382884
Gearbox,0.645,0.146656
Gearbox,0.646,1.390382
Gearbox,0.647,1.98629
Gearbox,0.648,0.365974
Gearbox,0.649,-0.603099
Gearbox,0.65,-0.490529
Gearbox,0.651,0.225727
Gearbox,0.652,-0.310461
Gearbox,0.653,-0.402086
Gearbox,0.654,0.724581
Gearbox,0.655,1.705615
Gearbox,0.656,0.322861
Gearbox,0.657,-0.247967
Gearbox,0.658,-0.920512
Gearbox,0.659,-0.708978
Gearbox,0.66,0.14319
Gearbox,0.661,-0.447948
Gearbox,0.662,-0.070942
Gearbox,0.663,0.896053
Gearbox,0.664,1.486523
Gearbox,0.665,-0.007983
Gearbox,0.666,-1.275512
Gearbox,0.667,-2.025191
Gearbox,0.668,-0.922414
Gearbox,0.669,-0.454271
Gearbox,0.67,-0.0191
Gearbox,0.671,0.474192
Gearbox,0.672,1.3619
Gearbox,0.673,-0.125922
Gearbox,0.674,-0.802952
Gearbox,0.675,-1.077643
Gearbox,0.676,-0.700482
Gearbox,0.677,-0.319679
Gearbox,0.678,-0.212542
Gearbox,0.679,0.052797
Gearbox,0.68,1.081512
Gearbox,0.681,0.59699
Gearbox,0.682,-1.098131
Gearbox,0.683,-1.195856
Gearbox,0.684,-1.026197
Gearbox,0.685,-0.372738
Gearbox,0.686,-0.292299
Gearbox,0.687,0.400576
Gearbox,0.688,1.304078
Gearbox,0.689,1.144214
Gearbox,0.69,-0.15716
Gearbox,0.691,-1.445865
Gearbox,0.692,-1.583658
Gearbox,0.693,-0.44666
Gearbox,0.694,-0.602732
Gearbox,0.695,-0.055674
Gearbox,0.696,1.123061
Gearbox,0.697,1.325921
Gearbox,0.698,0.943292
Gearbox,0.699,-0.205878
Gearbox,0.7,-0.264359
Gearbox,0.701,0.080289
Gearbox,0.702,0.442897
Gearbox,0.703,0.420035
Gearbox,0.704,1.227276
Gearbox,0.705,1.947162
Gearbox,0.706,0.80457
Gearbox,0.707,-0.155225
Gearbox,0.708,-0.798607
Gearbox,0.709,-0.185161
Gearbox,0.71,0.42615
Gearbox,0.711,-0.103998
Gearbox,0.712,0.443538
Gearbox,0.713,1.075573
Gearbox,0.714,1.092314
Gearbox,0.715,-0.891768
Gearbox,0.716,-1.448756
Gearbox,0.717,-1.379385
Gearbox,0.718,-0.773988
Gearbox,0.719,-0.388211
Gearbox,0.72,-0.282212
Gearbox,0.721,1.334185
Gearbox,0.722,1.713928
Gearbox,0.723,0.933246
Gearbox,0.724,-0.174011
Gearbox,0.725,-0.021332
Gearbox,0.726,0.834123
Gearbox,0.727,1.213438
Gearbox,0.728,0.778557
Gearbox,0.729,1.030963
Gearbox,0.73,2.157126
Gearbox,0.731,1.781209
Gearbox,0.732,0.393677
Gearbox,0.733,-0.86406
Gearbox,0.734,-0.460458
Gearbox,0.735,0.290825
Gearbox,0.736,-0.179134
Gearbox,0.737,0.014467
Gearbox,0.738,1.235763
Gearbox,0.739,1.148032
Gearbox,0.74,-0.651247
Gearbox,0.741,-1.323476
Gearbox,0.742,-1.067981
Gearbox,0.743,-0.976174
Gearbox,0.744,-0.093738
Gearbox,0.745,-0.323377
Gearbox,0.746,0.846324
Gearbox,0.747,1.860539
Gearbox,0.748,0.137921
Gearbox,0.749,-1.441925
Gearbox,0.75,-1.682096
Gearbox,0.751,-0.471663
Gearbox,0.752,-0.275008
Gearbox,0.753,-0.36315
Gearbox,0.754,0.255679
Gearbox,0.755,1.006916
Gearbox,0.756,0.700757
Gearbox,0.757,-0.600106
Gearbox,0.758,-1.105433
Gearbox,0.759,-0.900575
Gearbox,0.76,-0.254252
Gearbox,0.761,0.411245
Gearbox,0.762,0.635569
Gearbox,0.763,1.267338
Gearbox,0.764,1.061365
Gearbox,0.765,-0.446123
Gearbox,0.766,-1.715817
Gearbox,0.767,-0.909761
Gearbox,0.768,-0.148126
Gearbox,0.769,0.167518
Gearbox,0.77,0.638005
Gearbox,0.771,1.163587
Gearbox,0.772,1.688592
Gearbox,0.773,0.495
Gearbox,0.774,-0.921115
Gearbox,0.775,-1.064332
Gearbox,0.776,-0.201391
Gearbox,0.777,0.268084
Gearbox,0.778,0.537864
Gearbox,0.779,0.911584
Gearbox,0.78,1.162964
Gearbox,0.781,1.168852
Gearbox,0.782,0.108749
Gearbox,0.783,-1.191708
Gearbox,0.784,-0.361359
Gearbox,0.785,-0.119425
Gearbox,0.786,0.252487
Gearbox,0.787,0.903749
Gearbox,0.788,1.544659
Gearbox,0.789,1.516612
Gearbox,0.79,0.533114
Gearbox,0.791,-1.286359
Gearbox,0.792,-1.194585
Gearbox,0.793,-0.865828
Gearbox,0.794,-0.554191
Gearbox,0.795,-0.372869
Gearbox,0.796,0.692368
Gearbox,0.797,0.89209
Gearbox,0.798,0.059446
Gearbox,0.799,-0.980748
Gearbox,0.8,-1.007751
Gearbox,0.801,0.205412
Gearbox,0.802,0.357323
Gearbox,0.803,0.13984
Gearbox,0.804,0.812732
Gearbox,0.805,1.209083
Gearbox,0.806,0.949809
Gearbox,0.807,-0.358825
Gearbox,0.808,-0.790633
Gearbox,0.809,-0.551961
Gearbox,0.81,-0.24762
Gearbox,0.811,0.562598
Gearbox,0.812,0.642848
Gearbox,0.813,1.313346
Gearbox,0.814,0.831959
Gearbox,0.815,-0.034201
Gearbox,0.816,-0.542429
Gearbox,0.817,-0.375128
Gearbox,0.818,0.519053
Gearbox,0.819,0.780706
Gearbox,0.82,0.70376
Gearbox,0.821,1.2633
Gearbox,0.822,1.358387
Gearbox,0.823,0.980078
Gearbox,0.824,-0.500486
Gearbox,0.825,-0.931958
Gearbox,0.826,0.034532
Gearbox,0.827,0.448205
Gearbox,0.828,-0.083468
Gearbox,0.829,0.537329
Gearbox,0.83,1.457512
Gearbox,0.831,0.829446
Gearbox,0.832,-1.142112
Gearbox,0.833,-1.780354
Gearbox,0.834,-0.89173
Gearbox,0.835,-0.825087
Gearbox,0.836,-0.903891
Gearbox,0.837,0.199245
Gearbox,0.838,1.538319
Gearbox,0.839,1.173469
Gearbox,0.84,-0.197853
Gearbox,0.841,-0.849762
Gearbox,0.842,-1.084989
Gearbox,0.843,0.036141
Gearbox,0.844,0.023523
Gearbox,0.845,-0.595145
Gearbox,0.846,0.215788
Gearbox,0.847,0.585105
Gearbox,0.848,0.09082
Gearbox,0.849,-1.517322
Gearbox,0.85,-1.568309
Gearbox,0.851,-1.314499
Gearbox,0.852,-1.015189
Gearbox,0.853,-0.220827
Gearbox,0.854,0.024503
Gearbox,0.855,1.479069
Gearbox,0.856,0.852372
Gearbox,0.857,-0.750414
Gearbox,0.858,-1.563709
Gearbox,0.859,-0.802705
Gearbox,0.86,-0.02819
Gearbox,0.861,-0.33716
Gearbox,0.862,0.517289
Gearbox,0.863,1.685741
Gearbox,0.864,1.060676
Gearbox,0.865,0.068092
Gearbox,0.866,-0.472346
Gearbox,0.867,-0.696116
Gearbox,0.868,-0.846181
Gearbox,0.869,-0.532987
Gearbox,0.87,-0.499688
Gearbox,0.871,0.226259
Gearbox,0.872,1.043889
Gearbox,0.873,-0.132439
Gearbox,0.874,-1.865829
Gearbox,0.875,-1.470994
Gearbox,0.876,-0.810395
Gearbox,0.877,-0.505397
Gearbox,0.878,-0.50653
Gearbox,0.879,-0.012098
Gearbox,0.88,0.543845
Gearbox,0.881,-0.151566
Gearbox,0.882,-1.260217
Gearbox,0.883,-1.783781
Gearbox,0.884,-1.61061
Gearbox,0.885,-0.65096
Gearbox,0.886,-1.184921
Gearbox,0.887,-0.296388
Gearbox,0.888,0.40173
Gearbox,0.889,0.333829
Gearbox,0.89,-0.444274
Gearbox,0.891,-1.369981
Gearbox,0.892,-1.012246
Gearbox,0.893,-0.337016
Gearbox,0.894,-0.307447
Gearbox,0.895,-0.332085
Gearbox,0.896,0.224325
Gearbox,0.897,0.606205
Gearbox,0.898,-0.035155
Gearbox,0.899,-1.428164
Gearbox,0.9,-1.828293
Gearbox,0.901,-1.640635
Gearbox,0.902,-0.910815
Gearbox,0.903,-0.663089
Gearbox,0.904,0.376114
Gearbox,0.905,1.232518
Gearbox,0.906,0.8012
Gearbox,0.907,-0.790762
Gearbox,0.908,-2.008554
Gearbox,0.909,-1.531706
Gearbox,0.91,-0.926424
Gearbox,0.911,-0.115629
Gearbox,0.912,0.492775
Gearbox,0.913,0.46029
Gearbox,0.914,-0.354121
Gearbox,0.915,-1.291302
Gearbox,0.916,-1.875707
Gearbox,0.917,-2.100506
Gearbox,0.918,-1.731938
Gearbox,0.919,-1.24644
Gearbox,0.92,-1.281552
Gearbox,0.921,-0.441629
Gearbox,0.922,0.601034
Gearbox,0.923,0.042421
Gearbox,0.924,-1.25812
Gearbox,0.925,-1.540411
Gearbox,0.926,-1.299785
Gearbox,0.927,-0.57966
Gearbox,0.928,-0.686244
Gearbox,0.929,0.33462
Gearbox,0.93,1.350031
Gearbox,0.931,0.194863
Gearbox,0.932,-1.023023
Gearbox,0.933,-1.131343
Gearbox,0.934,-0.742405
Gearbox,0.935,-0.728009
Gearbox,0.936,-0.05563
Gearbox,0.937,0.185642
Gearbox,0.938,1.105566
Gearbox,0.939,0.712334
Gearbox,0.94,-0.314262
Gearbox,0.941,-1.630575
Gearbox,0.942,-1.093637
Gearbox,0.943,-0.446561
Gearbox,0.944,-0.002899
Gearbox,0.945,0.616398
Gearbox,0.946,1.367547
Gearbox,0.947,1.38297
Gearbox,0.948,0.212468
Gearbox,0.949,-0.892706
Gearbox,0.95,-1.26339
Gearbox,0.951,-0.521234
Gearbox,0.952,0.177348
Gearbox,0.953,-0.036196
Gearbox,0.954,0.539218
Gearbox,0.955,0.786585
Gearbox,0.956,0.502433
Gearbox,0.957,-0.957368
Gearbox,0.958,-1.707531
Gearbox,0.959,-1.422063
Gearbox,0.96,-0.262032
Gearbox,0.961,0.283793
Gearbox,0.962,0.727648
Gearbox,0.963,1.449032
Gearbox,0.964,1.539579
Gearbox,0.965,-0.162788
Gearbox,0.966,-1.282763
Gearbox,0.967,-1.200647
Gearbox,0.968,-0.384019
Gearbox,0.969,-0.961911
Gearbox,0.97,-0.446758
Gearbox,0.971,0.745321
Gearbox,0.972,1.25369
Gearbox,0.973,0.630106
Gearbox,0.974,-0.414897
Gearbox,0.975,-0.683683
Gearbox,0.976,0.094164
Gearbox,0.977,0.388836
Gearbox,0.978,0.734439
Gearbox,0.979,2.296012
Gearbox,0.98,2.456666
Gearbox,0.981,1.300878
Gearbox,0.982,0.068979
Gearbox,0.983,-1.093938
Gearbox,0.984,-0.134123
Gearbox,0.985,0.786229
Gearbox,0.986,0.57147
Gearbox,0.987,1.416448
Gearbox,0.988,1.790982
Gearbox,0.989,1.677654
Gearbox,0.99,0.398234
Gearbox,0.991,-0.540437
Gearbox,0.992,-0.839546
Gearbox,0.993,0.042568
Gearbox,0.994,0.23348
Gearbox,0.995,0.880691
Gearbox,0.996,1.884858
Gearbox,0.997,1.797612
Gearbox,0.998,1.010084
Gearbox,0.999,-0.359095
Gearbox,1.0,-1.106966
Gearbox,1.001,-0.143126
Gearbox,1.002,-0.468648
Gearbox,1.003,-0.398667
Gearbox,1.004,0.827196
Gearbox,1.005,1.266886
Gearbox,1.006,1.022805
Gearbox,1.007,0.239467
Gearbox,1.008,-0.61856
Gearbox,1.009,-0.033455
Gearbox,1.01,-0.050616
Gearbox,1.011,0.163703
Gearbox,1.012,0.509512
Gearbox,1.013,1.514957
Gearbox,1.014,1.135681
Gearbox,1.015,-0.304054
Gearbox,1.016,-1.299715
Gearbox,1.017,-1.658924
Gearbox,1.018,-0.963811
Gearbox,1.019,-0.269443
Gearbox,1.02,-0.19183
Gearbox,1.021,0.845189
Gearbox,1.022,1.05994
Gearbox,1.023,1.017507
Gearbox,1.024,-0.44741
Gearbox,1.025,-0.122442
Gearbox,1.026,0.097794
Gearbox,1.027,-0.301505
Gearbox,1.028,0.060038
Gearbox,1.029,0.71172
Gearbox,1.03,1.961759
Gearbox,1.031,1.382154
Gearbox,1.032,-0.315305
Gearbox,1.033,-0.657964
Gearbox,1.034,-0.763713
Gearbox,1.035,0.13027
Gearbox,1.036,0.456804
Gearbox,1.037,0.222474
Gearbox,1.038,1.604521
Gearbox,1.039,1.535431
Gearbox,1.04,-0.434087
Gearbox,1.041,-1.459193
Gearbox,1.042,-1.239516
Gearbox,1.043,-0.517435
Gearbox,1.044,-0.17139
Gearbox,1.045,0.124947
Gearbox,1.046,0.884029
Gearbox,1.047,1.414353
Gearbox,1.048,0.602386
Gearbox,1.049,-0.492941
Gearbox,1.05,-1.05632
Gearbox,1.051,-0.202418
Gearbox,1.052,-0.356439
Gearbox,1.053,-0.284125
Gearbox,1.054,0.254781
Gearbox,1.055,0.919076
Gearbox,1.056,0.499325
Gearbox,1.057,-0.066848
Gearbox,1.058,-1.92922
Gearbox,1.059,-1.225779
Gearbox,1.06,-1.263401
Gearbox,1.061,-0.522134
Gearbox,1.062,-0.170592
Gearbox,1.063,0.535357
Gearbox,1.064,0.507532
Gearbox,1.065,-0.485089
Gearbox,1.066,-1.523754
Gearbox,1.067,-1.515103
Gearbox,1.068,-1.118677
Gearbox,1.069,-0.522706
Gearbox,1.07,-0.096245
Gearbox,1.071,0.959368
Gearbox,1.072,1.687645
Gearbox,1.073,0.758665
Gearbox,1.074,-0.17938
Gearbox,1.075,-0.776557
Gearbox,1.076,-0.601636
Gearbox,1.077,-0.554032
Gearbox,1.078,-0.384905
Gearbox,1.079,0.248705
Gearbox,1.08,1.198666
Gearbox,1.081,1.122049
Gearbox,1.082,-0.232237
Gearbox,1.083,-0.732358
Gearbox,1.084,-0.570875
Gearbox,1.085,-0.234503
Gearbox,1.086,-0.108358
Gearbox,1.087,-0.076894
Gearbox,1.088,1.774658
Gearbox,1.089,1.345445
Gearbox,1.09,0.539495
Gearbox,1.091,-0.26672
Gearbox,1.092,-0.886409
Gearbox,1.093,-0.110445
Gearbox,1.094,0.819262
Gearbox,1.095,0.346442
Gearbox,1.096,0.880317
Gearbox,1.097,2.206666
Gearbox,1.098,1.326523
Gearbox,1.099,-0.648852
Gearbox,1.1,-0.565677
Gearbox,1.101,-0.375835
Gearbox,1.102,0.24452
Gearbox,1.103,0.247393
Gearbox,1.104,1.45702
Gearbox,1.105,1.673762
Gearbox,1.106,1.673199
Gearbox,1.107,0.070544
Gearbox,1.108,-0.178916
Gearbox,1.109,0.508769
Gearbox,1.11,0.781295
Gearbox,1.111,0.695888
Gearbox,1.112,1.052082
Gearbox,1.113,1.717097
Gearbox,1.114,1.759131
Gearbox,1.115,0.774693
Gearbox,1.116,-0.847092
Gearbox,1.117,-0.561198
Gearbox,1.118,0.368776
Gearbox,1.119,0.375706
Gearbox,1.12,0.413851
Gearbox,1.121,1.634575
Gearbox,1.122,2.408118
Gearbox,1.123,1.438696
Gearbox,1.124,0.104616
Gearbox,1.125,0.745041
Gearbox,1.126,1.197743
Gearbox,1.127,1.110041
Gearbox,1.128,1.194739
Gearbox,1.129,1.786198
Gearbox,1.13,2.737181
Gearbox,1.131,2.780622
Gearbox,1.132,0.989167
Gearbox,1.133,0.107387
Gearbox,1.134,0.334893
Gearbox,1.135,1.196451
Gearbox,1.136,1.848569
Gearbox,1.137,1.937561
Gearbox,1.138,2.610317
Gearbox,1.139,3.019345
Gearbox,1.14,1.445418
Gearbox,1.141,0.19903
Gearbox,1.142,0.047775
Gearbox,1.143,0.281903
Gearbox,1.144,0.510623
Gearbox,1.145,0.807164
Gearbox,1.146,1.267814
Gearbox,1.147,1.329033
Gearbox,1.148,0.40049
Gearbox,1.149,0.01853
Gearbox,1.15,0.249798
Gearbox,1.151,0.544934
Gearbox,1.152,0.953198
Gearbox,1.153,0.714072
Gearbox,1.154,1.465236
Gearbox,1.155,2.157906
Gearbox,1.156,1.336314
Gearbox,1.157,-0.076855
Gearbox,1.158,-0.132074
Gearbox,1.159,0.311872
Gearbox,1.16,0.920198
Gearbox,1.161,1.338724
Gearbox,1.162,1.358533
Gearbox,1.163,2.171236
Gearbox,1.164,2.522587
Gearbox,1.165,1.32405
Gearbox,1.166,0.268708
Gearbox,1.167,1.01544
Gearbox,1.168,1.216544
Gearbox,1.169,0.858726
Gearbox,1.17,1.741938
Gearbox,1.171,2.271431
Gearbox,1.172,3.081136
Gearbox,1.173,1.879213
Gearbox,1.174,0.757485
Gearbox,1.175,0.124085
Gearbox,1.176,1.015989
Gearbox,1.177,1.434835
Gearbox,1.178,1.273349
Gearbox,1.179,1.897337
Gearbox,1.18,2.326285
Gearbox,1.181,2.248166
Gearbox,1.182,0.971367
Gearbox,1.183,0.035313
Gearbox,1.184,0.354604
Gearbox,1.185,0.994981
Gearbox,1.186,0.542915
Gearbox,1.187,1.754345
Gearbox,1.188,1.720377
Gearbox,1.189,1.903638
Gearbox,1.19,0.713406
Gearbox,1.191,-0.079748
Gearbox,1.192,0.331909
Gearbox,1.193,0.818756
Gearbox,1.194,1.240029
Gearbox,1.195,1.571069
Gearbox,1.196,2.285473
Gearbox,1.197,2.305712
Gearbox,1.198,1.558415
Gearbox,1.199,-0.004742
Gearbox,1.2,-0.938342
Gearbox,1.201,0.269656
Gearbox,1.202,0.950645
Gearbox,1.203,1.005676
Gearbox,1.204,1.19339
Gearbox,1.205,2.219939
Gearbox,1.206,1.726145
Gearbox,1.207,-0.046579
Gearbox,1.208,-0.785779
Gearbox,1.209,-0.138634
Gearbox,1.21,0.634685
Gearbox,1.211,0.576808
Gearbox,1.212,1.415665
Gearbox,1.213,1.752606
Gearbox,1.214,2.344331
Gearbox,1.215,0.770663
Gearbox,1.216,-0.124875
Gearbox,1.217,-0.17553
Gearbox,1.218,0.388522
Gearbox,1.219,0.108934
Gearbox,1.22,0.473598
Gearbox,1.221,1.463962
Gearbox,1.222,2.108177
Gearbox,1.223,1.145771
Gearbox,1.224,-0.127868
Gearbox,1.225,-0.448907
Gearbox,1.226,-0.000859
Gearbox,1.227,0.284868
Gearbox,1.228,0.272826
Gearbox,1.229,1.111663
Gearbox,1.23,1.388727
Gearbox,1.231,1.576038
Gearbox,1.232,0.230439
Gearbox,1.233,-0.302308
Gearbox,1.234,0.305196
Gearbox,1.235,0.720805
Gearbox,1.236,0.888614
Gearbox,1.237,1.039334
Gearbox,1.238,1.871624
Gearbox,1.239,1.497086
Gearbox,1.24,0.089086
Gearbox,1.241,-0.590179
Gearbox,1.242,-0.407421
Gearbox,1.243,0.304568
Gearbox,1.244,1.227285
Gearbox,1.245,0.924406
Gearbox,1.246,1.874163
Gearbox,1.247,2.386532
Gearbox,1.248,1.435279
Gearbox,1.249,0.089891
Gearbox,1.25,-0.129371
Gearbox,1.251,0.420776
Gearbox,1.252,0.811913
Gearbox,1.253,1.289201
Gearbox,1.254,1.451993
Gearbox,1.255,2.193846
Gearbox,1.256,1.469901
Gearbox,1.257,-0.104041
Gearbox,1.258,-0.132166
Gearbox,1.259,-0.287206
Gearbox,1.26,-0.121718
Gearbox,1.261,0.452784
Gearbox,1.262,1.240148
Gearbox,1.263,1.785556
Gearbox,1.264,1.616256
Gearbox,1.265,0.473286
Gearbox,1.266,-0.550448
Gearbox,1.267,-0.338843
Gearbox,1.268,0.074414
Gearbox,1.269,0.695826
Gearbox,1.27,0.69151
Gearbox,1.271,1.21883
Gearbox,1.272,1.161079
Gearbox,1.273,0.357904
Gearbox,1.274,-0.22701
Gearbox,1.275,-0.91842
Gearbox,1.276,0.126698
Gearbox,1.277,-0.314718
Gearbox,1.278,0.395925
Gearbox,1.279,1.813355
Gearbox,1.28,1.721678
Gearbox,1.281,2.014177
Gearbox,1.282,-0.196075
Gearbox,1.283,-0.530986
Gearbox,1.284,-0.264881
Gearbox,1.285,0.109707
Gearbox,1.286,0.085735
Gearbox,1.287,0.806894
Gearbox,1.288,1.12078
Gearbox,1.289,1.494233
Gearbox,1.29,-0.132663
Gearbox,1.291,-0.937151
Gearbox,1.292,-0.494058
Gearbox,1.293,0.048188
Gearbox,1.294,0.335988
Gearbox,1.295,0.634067
Gearbox,1.296,1.655724
Gearbox,1.297,2.352554
Gearbox,1.298,1.1085
Gearbox,1.299,-0.418805
Gearbox,1.3,-0.837616
Gearbox,1.301,0.080382
Gearbox,1.302,0.53549
Gearbox,1.303,0.245269
Gearbox,1.304,0.66797
Gearbox,1.305,1.694937
Gearbox,1.306,1.024531
Gearbox,1.307,-0.481963
Gearbox,1.308,-1.855494
Gearbox,1.309,-1.332057
Gearbox,1.31,-0.49491
Gearbox,1.311,-0.280942
Gearbox,1.312,0.496145
Gearbox,1.313,0.843205
Gearbox,1.314,1.248036
Gearbox,1.315,0.183551
Gearbox,1.316,-0.542807
Gearbox,1.317,-0.591827
Gearbox,1.318,0.031065
Gearbox,1.319,0.057184
Gearbox,1.32,0.509654
Gearbox,1.321,1.41728
Gearbox,1.322,1.438492
Gearbox,1.323,-0.240981
Gearbox,1.324,-1.068936
Gearbox,1.325,-1.537065
Gearbox,1.326,-0.999265
Gearbox,1.327,-1.12531
Gearbox,1.328,-0.515673
Gearbox,1.329,0.781386
Gearbox,1.33,0.699286
Gearbox,1.331,0.349093
Gearbox,1.332,-1.298479
Gearbox,1.333,-1.532052
Gearbox,1.334,-1.476903
Gearbox,1.335,-0.988834
Gearbox,1.336,-0.816936
Gearbox,1.337,-0.280844
Gearbox,1.338,0.980782
Gearbox,1.339,0.53473
Gearbox,1.34,0.03378
Gearbox,1.341,-1.29036
Gearbox,1.342,-1.221032
Gearbox,1.343,-0.722059
Gearbox,1.344,-1.011175
Gearbox,1.345,-0.683566
Gearbox,1.346,0.242215
Gearbox,1.347,0.605117
Gearbox,1.348,0.681005
Gearbox,1.349,-0.336053
Gearbox,1.35,-1.162886
Gearbox,1.351,-0.213925
Gearbox,1.352,0.333091
Gearbox,1.353,0.470282
Gearbox,1.354,0.666543
Gearbox,1.355,1.553836
Gearbox,1.356,1.783304
Gearbox,1.357,0.36124
Gearbox,1.358,-0.004601
Gearbox,1.359,-0.343859
Gearbox,1.36,0.339288
Gearbox,1.361,0.694124
Gearbox,1.362,0.966827
Gearbox,1.363,1.441922
Gearbox,1.364,1.057509
Gearbox,1.365,0.173007
Gearbox,1.366,-0.871999
Gearbox,1.367,-0.352036
Gearbox,1.368,0.089212
Gearbox,1.369,-0.168006
Gearbox,1.37,0.705574
Gearbox,1.371,1.499241
Gearbox,1.372,2.090964
Gearbox,1.373,0.797727
Gearbox,1.374,-0.041258
Gearbox,1.375,-0.469943
Gearbox,1.376,0.009674
Gearbox,1.377,0.207967
Gearbox,1.378,0.403571
Gearbox,1.379,1.153967
Gearbox,1.38,2.192963
Gearbox,1.381,1.963336
Gearbox,1.382,-0.003768
Gearbox,1.383,-0.145027
Gearbox,1.384,0.270589
Gearbox,1.385,0.451389
Gearbox,1.386,0.638042
Gearbox,1.387,1.360321
Gearbox,1.388,1.689221
Gearbox,1.389,1.579128
Gearbox,1.39,0.239812
Gearbox,1.391,-0.892292
Gearbox,1.392,-0.710297
Gearbox,1.393,0.380436
Gearbox,1.394,0.369956
Gearbox,1.395,0.341689
Gearbox,1.396,1.149662
Gearbox,1.397,1.901632
Gearbox,1.398,0.920405
Gearbox,1.399,-0.930908
Gearbox,1.4,-1.068359
Gearbox,1.401,-0.239304
Gearbox,1.402,-0.300601
Gearbox,1.403,-0.129185
Gearbox,1.404,0.433918
Gearbox,1.405,1.464539
Gearbox,1.406,0.878332
Gearbox,1.407,-0.549529
Gearbox,1.408,-1.203357
Gearbox,1.409,-0.556341
Gearbox,1.41,-0.402349
Gearbox,1.411,-0.060588
Gearbox,1.412,-0.148779
Gearbox,1.413,0.878766
Gearbox,1.414,1.124967
Gearbox,1.415,-0.274109
Gearbox,1.416,-1.487255
Gearbox,1.417,-1.325147
Gearbox,1.418,-1.057109
Gearbox,1.419,-0.575534
Gearbox,1.42,-0.408819
Gearbox,1.421,0.108129
Gearbox,1.422,1.107347
Gearbox,1.423,0.770627
Gearbox,1.424,-1.032489
Gearbox,1.425,-1.491688
Gearbox,1.426,-0.869906
Gearbox,1.427,-0.280483
Gearbox,1.428,-0.269915
Gearbox,1.429,0.420943
Gearbox,1.43,0.984411
Gearbox,1.431,0.817054
Gearbox,1.432,-0.703143
Gearbox,1.433,-0.914771
Gearbox,1.434,-0.935906
Gearbox,1.435,-1.127566
Gearbox,1.436,-0.75269
Gearbox,1.437,0.003152
Gearbox,1.438,1.330237
Gearbox,1.439,1.234591
Gearbox,1.44,-0.441192
Gearbox,1.441,-1.385184
Gearbox,1.442,-1.187835
Gearbox,1.443,0.083758
Gearbox,1.444,-0.528258
Gearbox,1.445,-0.5371
Gearbox,1.446,0.875202
Gearbox,1.447,0.952585
Gearbox,1.448,0.016706
Gearbox,1.449,-1.500731
Gearbox,1.45,-1.206121
Gearbox,1.451,-0.754194
Gearbox,1.452,-1.022948
Gearbox,1.453,-0.376787
Gearbox,1.454,0.628031
Gearbox,1.455,0.722036
Gearbox,1.456,0.402933
Gearbox,1.457,-1.096085
Gearbox,1.458,-2.236347
Gearbox,1.459,-1.000444
Gearbox,1.46,-0.561604
Gearbox,1.461,-0.475046
Gearbox,1.462,-0.715288
Gearbox,1.463,0.897102
Gearbox,1.464,0.993699
Gearbox,1.465,-0.277367
Gearbox,1.466,-2.008005
Gearbox,1.467,-1.383401
Gearbox,1.468,-0.866612
Gearbox,1.469,-0.680577
Gearbox,1.47,-0.367316
Gearbox,1.471,0.297224
Gearbox,1.472,0.799584
Gearbox,1.473,-0.148089
Gearbox,1.474,-1.595313
Gearbox,1.475,-1.188805
Gearbox,1.476,-0.568979
Gearbox,1.477,-0.556201
Gearbox,1.478,-0.282474
Gearbox,1.479,0.045233
Gearbox,1.48,0.837598
Gearbox,1.481,1.020998
Gearbox,1.482,-0.558943
Gearbox,1.483,-0.83871
Gearbox,1.484,-0.587279
Gearbox,1.485,-0.146415
Gearbox,1.486,-0.150735
Gearbox,1.487,0.569791
Gearbox,1.488,1.80351
Gearbox,1.489,2.110562
Gearbox,1.49,0.351856
Gearbox,1.491,-0.644317
Gearbox,1.492,-0.677548
Gearbox,1.493,0.094463
Gearbox,1.494,0.778691
Gearbox,1.495,0.528881
Gearbox,1.496,1.438363
Gearbox,1.497,2.240526
Gearbox,1.498,1.2665
Gearbox,1.499,-0.036893
Gearbox,1.5,-0.655791
Gearbox,1.501,-0.297728
Gearbox,1.502,0.227895
Gearbox,1.503,0.157775
Gearbox,1.504,1.335245
Gearbox,1.505,1.82275
Gearbox,1.506,1.258343
Gearbox,1.507,-0.059615
Gearbox,1.508,-1.391838
Gearbox,1.509,0.29623
Gearbox,1.51,0.108594
Gearbox,1.511,0.421074
Gearbox,1.512,0.946411
Gearbox,1.513,1.865502
Gearbox,1.514,1.591427
Gearbox,1.515,0.038856
Gearbox,1.516,-0.64559
Gearbox,1.517,-0.537371
Gearbox,1.518,-0.45186
Gearbox,1.519,-0.530026
Gearbox,1.52,0.014168
Gearbox,1.521,0.666316
Gearbox,1.522,0.918039
Gearbox,1.523,0.662767
Gearbox,1.524,-0.334388
Gearbox,1.525,-1.044034
Gearbox,1.526,-0.459357
Gearbox,1.527,-0.288652
Gearbox,1.528,0.035253
Gearbox,1.529,0.625752
Gearbox,1.53,1.271235
Gearbox,1.531,0.772782
Gearbox,1.532,-0.822188
Gearbox,1.533,-1.101607
Gearbox,1.534,-1.249282
Gearbox,1.535,-0.775929
Gearbox,1.536,-0.347869
Gearbox,1.537,0.464918
Gearbox,1.538,1.287125
Gearbox,1.539,0.707263
Gearbox,1.54,-0.549366
Gearbox,1.541,-1.497175
Gearbox,1.542,-1.522784
Gearbox,1.543,-0.998103
Gearbox,1.544,-0.182404
Gearbox,1.545,-0.431614
Gearbox,1.546,0.384517
Gearbox,1.547,1.280564
Gearbox,1.548,0.089438
Gearbox,1.549,-0.881809
Gearbox,1.55,-0.466023
Gearbox,1.551,0.121796
Gearbox,1.552,0.115058
Gearbox,1.553,0.227246
Gearbox,1.554,0.525997
Gearbox,1.555,1.304442
Gearbox,1.556,1.036564
Gearbox,1.557,-0.335547
Gearbox,1.558,-1.426098
Gearbox,1.559,-0.502177
Gearbox,1.56,-0.728802
Gearbox,1.561,-0.397486
Gearbox,1.562,-0.057632
Gearbox,1.563,0.713421
Gearbox,1.564,0.941424
Gearbox,1.565,-0.48252
Gearbox,1.566,-1.514602
Gearbox,1.567,-1.021666
Gearbox,1.568,-1.045959
Gearbox,1.569,-0.704777
Gearbox,1.57,-0.575729
Gearbox,1.571,0.009019
Gearbox,1.572,0.916231
Gearbox,1.573,0.277474
Gearbox,1.574,-1.088548
Gearbox,1.575,-1.043257
Gearbox,1.576,-0.668732
Gearbox,1.577,-0.376081
Gearbox,1.578,-0.569909
Gearbox,1.579,-0.022263
Gearbox,1.58,0.764019
Gearbox,1.581,0.430403
Gearbox,1.582,-0.994883
Gearbox,1.583,-1.623535
Gearbox,1.584,-1.180252
Gearbox,1.585,-0.714228
Gearbox,1.586,-0.086184
Gearbox,1.587,0.033446
Gearbox,1.588,0.839116
Gearbox,1.589,0.759992
Gearbox,1.59,0.222964
Gearbox,1.591,-0.808043
Gearbox,1.592,-0.868718
Gearbox,1.593,-0.086803
Gearbox,1.594,-0.49976
Gearbox,1.595,0.631131
Gearbox,1.596,0.916871
Gearbox,1.597,1.533899
Gearbox,1.598,0.125193
Gearbox,1.599,-1.424772
Gearbox,1.6,-1.603222
Gearbox,1.601,-1.134986
Gearbox,1.602,-0.958907
Gearbox,1.603,-0.768639
Gearbox,1.604,0.421913
Gearbox,1.605,0.975383
Gearbox,1.606,0.471361
Gearbox,1.607,-0.711485
Gearbox,1.608,-1.378778
Gearbox,1.609,-0.798221
Gearbox,1.61,-0.565213
Gearbox,1.611,-0.350676
Gearbox,1.612,0.485819
Gearbox,1.613,1.054052
Gearbox,1.614,1.162735
Gearbox,1.615,0.146651
Gearbox,1.616,-0.498334
Gearbox,1.617,-0.557563
Gearbox,1.618,-0.395851
Gearbox,1.619,-0.655598
Gearbox,1.62,-0.425481
Gearbox,1.621,0.541826
Gearbox,1.622,0.545422
Gearbox,1.623,0.340252
Gearbox,1.624,-0.850812
Gearbox,1.625,-1.204712
Gearbox,1.626,-0.56418
Gearbox,1.627,-0.248765
Gearbox,1.628,-0.15206
Gearbox,1.629,0.745593
Gearbox,1.63,1.342806
Gearbox,1.631,0.639854
Gearbox,1.632,-0.348457
Gearbox,1.633,-0.859892
Gearbox,1.634,-0.542117
Gearbox,1.635,0.582013
Gearbox,1.636,0.750082
Gearbox,1.637,1.278412
Gearbox,1.638,1.868288
Gearbox,1.639,1.72592
Gearbox,1.64,0.307244
Gearbox,1.641,-0.353108
Gearbox,1.642,-0.870927
Gearbox,1.643,-0.377637
Gearbox,1.644,0.305288
Gearbox,1.645,0.567098
Gearbox,1.646,1.372561
Gearbox,1.647,1.684124
Gearbox,1.648,0.889054
Gearbox,1.649,-0.221261
Gearbox,1.65,-0.293927
Gearbox,1.651,0.006233
Gearbox,1.652,-0.123019
Gearbox,1.653,0.020165
Gearbox,1.654,1.358231
Gearbox,1.655,1.929162
Gearbox,1.656,0.505257
Gearbox,1.657,-0.521045
Gearbox,1.658,-1.224353
Gearbox,1.659,-0.510591
Gearbox,1.66,-0.022847
Gearbox,1.661,0.040546
Gearbox,1.662,0.693844
Gearbox,1.663,1.358025
Gearbox,1.664,1.562565
Gearbox,1.665,0.046277
Gearbox,1.666,-1.193762
Gearbox,1.667,-0.970467
Gearbox,1.668,0.204504
Gearbox,1.669,0.00373
Gearbox,1.67,-0.054965
Gearbox,1.671,0.551784
Gearbox,1.672,1.588746
Gearbox,1.673,0.629933
Gearbox,1.674,-0.988636
Gearbox,1.675,-1.045624
Gearbox,1.676,-0.249817
Gearbox,1.677,-0.164326
Gearbox,1.678,-0.367667
Gearbox,1.679,0.104807
Gearbox,1.68,1.725693
Gearbox,1.681,1.195698
Gearbox,1.682,0.700237
Gearbox,1.683,-0.140387
Gearbox,1.684,0.278157
Gearbox,1.685,0.888221
Gearbox,1.686,0.941103
Gearbox,1.687,1.204391
Gearbox,1.688,1.927666
Gearbox,1.689,1.715985
Gearbox,1.69,0.537093
Gearbox,1.691,-0.377366
Gearbox,1.692,-0.203754
Gearbox,1.693,-0.051968
Gearbox,1.694,0.396758
Gearbox,1.695,0.71278
Gearbox,1.696,1.452986
Gearbox,1.697,2.11276
Gearbox,1.698,1.39423
Gearbox,1.699,-0.687022
Gearbox,1.7,-0.31151
Gearbox,1.701,-0.013395
Gearbox,1.702,0.742578
Gearbox,1.703,1.280064
Gearbox,1.704,1.391281
Gearbox,1.705,2.291073
Gearbox,1.706,2.042874
Gearbox,1.707,0.421529
Gearbox,1.708,-0.094731
Gearbox,1.709,-0.261117
Gearbox,1.71,0.599755
Gearbox,1.711,0.7708
Gearbox,1.712,0.357365
Gearbox,1.713,1.74254
Gearbox,1.714,1.133389
Gearbox,1.715,0.394896
Gearbox,1.716,-1.218396
Gearbox,1.717,-0.498836
Gearbox,1.718,-0.068669
Gearbox,1.719,-0.193957
Gearbox,1.72,0.237545
Gearbox,1.721,0.879898
Gearbox,1.722,1.817438
Gearbox,1.723,1.034733
Gearbox,1.724,-0.393018
Gearbox,1.725,-0.201473
Gearbox,1.726,0.39105
Gearbox,1.727,0.519589
Gearbox,1.728,0.561841
Gearbox,1.729,1.123428
Gearbox,1.73,1.728831
Gearbox,1.731,1.417086
Gearbox,1.732,-0.176719
Gearbox,1.733,-0.522418
Gearbox,1.734,-0.092418
Gearbox,1.735,0.059362
Gearbox,1.736,0.783187
Gearbox,1.737,0.990454
Gearbox,1.738,1.62198
Gearbox,1.739,1.633769
Gearbox,1.74,0.937756
Gearbox,1.741,0.178005
Gearbox,1.742,0.003191
Gearbox,1.743,0.347183
Gearbox,1.744,0.769531
Gearbox,1.745,0.239346
Gearbox,1.746,1.036012
Gearbox,1.747,1.412124
Gearbox,1.748,0.986521
Gearbox,1.749,-0.137053
Gearbox,1.75,-0.090881
Gearbox,1.751,0.390853
Gearbox,1.752,0.932781
Gearbox,1.753,1.836604
Gearbox,1.754,2.526923
Gearbox,1.755,2.49336
Gearbox,1.756,1.197052
Gearbox,1.757,-0.057447
Gearbox,1.758,-0.51972
Gearbox,1.759,0.059571
Gearbox,1.76,0.721359
Gearbox,1.761,0.306758
Gearbox,1.762,0.810306
Gearbox,1.763,2.00577
Gearbox,1.764,1.909604
Gearbox,1.765,0.809036
Gearbox,1.766,-0.60419
Gearbox,1.767,-0.528362
Gearbox,1.768,0.008004
Gearbox,1.769,0.202624
Gearbox,1.77,-0.099566
Gearbox,1.771,0.821634
Gearbox,1.772,1.071735
Gearbox,1.773,0.787329
Gearbox,1.774,-0.608921
Gearbox,1.775,-0.550457
Gearbox,1.776,-0.378061
Gearbox,1.777,0.283035
Gearbox,1.778,0.449916
Gearbox,1.779,0.943526
Gearbox,1.78,1.643279
Gearbox,1.781,0.999521
Gearbox,1.782,-0.661364
Gearbox,1.783,-0.710138
Gearbox,1.784,-0.520402
Gearbox,1.785,-0.022204
Gearbox,1.786,-0.303182
Gearbox,1.787,0.186969
Gearbox,1.788,1.469232
Gearbox,1.789,1.525635
Gearbox,1.79,0.08882
Gearbox,1.791,-0.511312
Gearbox,1.792,0.16767
Gearbox,1.793,0.176178
Gearbox,1.794,0.180515
Gearbox,1.795,0.203785
Gearbox,1.796,0.657199
Gearbox,1.797,1.454122
Gearbox,1.798,0.346236
Gearbox,1.799,-0.459088
Gearbox,1.8,-1.027278
Gearbox,1.801,-0.372949
Gearbox,1.802,0.119953
Gearbox,1.803,0.173036
Gearbox,1.804,1.239244
Gearbox,1.805,2.249922
Gearbox,1.806,1.087091
Gearbox,1.807,-0.297534
Gearbox,1.808,-0.63665
Gearbox,1.809,-0.557025
Gearbox,1.81,-0.235143
Gearbox,1.811,0.121612
Gearbox,1.812,0.732593
Gearbox,1.813,1.166033
Gearbox,1.814,1.065967
Gearbox,1.815,-0.027205
Gearbox,1.816,-1.442529
Gearbox,1.817,-1.03404
Gearbox,1.818,-0.159077
Gearbox,1.819,0.836923
Gearbox,1.82,0.2461
Gearbox,1.821,0.550244
Gearbox,1.822,1.086593
Gearbox,1.823,0.10012
Gearbox,1.824,-1.21431
Gearbox,1.825,-1.03587
Gearbox,1.826,-0.705577
Gearbox,1.827,-0.85195
Gearbox,1.828,-0.614004
Gearbox,1.829,0.27148
Gearbox,1.83,0.553888
Gearbox,1.831,0.494233
Gearbox,1.832,-1.351078
Gearbox,1.833,-1.826132
Gearbox,1.834,-1.504246
Gearbox,1.835,-1.101834
Gearbox,1.836,-1.015337
Gearbox,1.837,-0.407713
Gearbox,1.838,0.722103
Gearbox,1.839,0.428341
Gearbox,1.84,-0.71214
Gearbox,1.841,-1.474046
Gearbox,1.842,-1.315623
Gearbox,1.843,-0.812741
Gearbox,1.844,-0.4789
Gearbox,1.845,-0.163802
Gearbox,1.846,1.248857
Gearbox,1.847,1.762263
Gearbox,1.848,0.872159
Gearbox,1.849,-0.711094
Gearbox,1.85,-0.352455
Gearbox,1.851,0.248314
Gearbox,1.852,0.173517
Gearbox,1.853,0.969589
Gearbox,1.854,0.739357
Gearbox,1.855,1.230278
Gearbox,1.856,1.119992
Gearbox,1.857,0.005821
Gearbox,1.858,-0.137702
Gearbox,1.859,-0.161902
Gearbox,1.86,0.550673
Gearbox,1.861,0.365447
Gearbox,1.862,0.159174
Gearbox,1.863,1.303934
Gearbox,1.864,1.301485
Gearbox,1.865,-0.063042
Gearbox,1.866,-1.298114
Gearbox,1.867,-1.650686
Gearbox,1.868,-0.782823
Gearbox,1.869,-0.41424
Gearbox,1.87,-0.332794
Gearbox,1.871,0.485746
Gearbox,1.872,1.114787
Gearbox,1.873,0.143626
Gearbox,1.874,-1.172332
Gearbox,1.875,-2.14579
Gearbox,1.876,-1.61817
Gearbox,1.877,-0.885949
Gearbox,1.878,-0.259426
Gearbox,1.879,1.018357
Gearbox,1.88,1.470102
Gearbox,1.881,0.631455
Gearbox,1.882,-0.857917
Gearbox,1.883,-1.891529
Gearbox,1.884,-1.256628
Gearbox,1.885,-0.728714
Gearbox,1.886,-0.879411
Gearbox,1.887,-0.257163
Gearbox,1.888,0.3492
Gearbox,1.889,-0.868809
Gearbox,1.89,-1.196501
Gearbox,1.891,-2.227139
Gearbox,1.892,-3.073314
Gearbox,1.893,-2.072618
Gearbox,1.894,-1.340428
Gearbox,1.895,-0.664364
Gearbox,1.896,0.094159
Gearbox,1.897,0.722614
Gearbox,1.898,0.032049
Gearbox,1.899,-1.624079
Gearbox,1.9,-2.00602
Gearbox,1.901,-1.394933
Gearbox,1.902,-0.73776
Gearbox,1.903,-0.390056
Gearbox,1.904,0.166707
Gearbox,1.905,1.132869
Gearbox,1.906,1.053946
Gearbox,1.907,-0.873343
Gearbox,1.908,-1.657989
Gearbox,1.909,-0.995836
Gearbox,1.91,-0.226224
Gearbox,1.911,-0.669765
Gearbox,1.912,0.205035
Gearbox,1.913,0.670455
Gearbox,1.914,0.645055
Gearbox,1.915,-0.841221
Gearbox,1.916,-2.169121
Gearbox,1.917,-1.931121
Gearbox,1.918,-1.483681
Gearbox,1.919,-1.339183
Gearbox,1.92,-0.983066
Gearbox,1.921,-0.367225
Gearbox,1.922,0.543216
Gearbox,1.923,0.448708
Gearbox,1.924,-0.915826
Gearbox,1.925,-1.478004
Gearbox,1.926,-0.960651
Gearbox,1.927,-0.70982
Gearbox,1.928,-0.508061
Gearbox,1.929,0.255663
Gearbox,1.93,1.095838
Gearbox,1.931,0.750604
Gearbox,1.932,-1.294166
Gearbox,1.933,-2.481257
Gearbox,1.934,-1.659628
Gearbox,1.935,-0.540085
Gearbox,1.936,-0.931003
Gearbox,1.937,-0.12152
Gearbox,1.938,0.597098
Gearbox,1.939,0.702394
Gearbox,1.94,-0.845981
Gearbox,1.941,-1.482266
Gearbox,1.942,-1.527958
Gearbox,1.943,-0.407859
Gearbox,1.944,-0.616319
Gearbox,1.945,-0.517618
Gearbox,1.946,0.391759
Gearbox,1.947,1.054232
Gearbox,1.948,0.026535
Gearbox,1.949,-1.793592
Gearbox,1.95,-1.114592
Gearbox,1.951,-0.305263
Gearbox,1.952,0.368383
Gearbox,1.953,0.735676
Gearbox,1.954,0.434181
Gearbox,1.955,1.342974
Gearbox,1.956,0.797075
Gearbox,1.957,-0.109938
Gearbox,1.958,-1.224091
Gearbox,1.959,-0.870316
Gearbox,1.96,0.079887
Gearbox,1.961,-0.32444
Gearbox,1.962,-0.186679
Gearbox,1.963,0.864063
Gearbox,1.964,1.183336
Gearbox,1.965,0.33171
Gearbox,1.966,-0.866866
Gearbox,1.967,-0.660027
Gearbox,1.968,-0.520549
Gearbox,1.969,0.273255
Gearbox,1.97,-0.01588
Gearbox,1.971,0.739358
Gearbox,1.972,1.322204
Gearbox,1.973,0.118227
Gearbox,1.974,-0.876343
Gearbox,1.975,-0.718987
Gearbox,1.976,-0.433359
Gearbox,1.977,-0.679014
Gearbox,1.978,-0.400016
Gearbox,1.979,0.277985
Gearbox,1.98,1.073533
Gearbox,1.981,0.772099
Gearbox,1.982,-1.214274
Gearbox,1.983,-2.079572
Gearbox,1.984,-2.070289
Gearbox,1.985,-1.122725
Gearbox,1.986,-1.248484
Gearbox,1.987,-0.261036
Gearbox,1.988,0.668464
Gearbox,1.989,1.223889
Gearbox,1.99,-0.257273
Gearbox,1.991,-1.279739
Gearbox,1.992,-1.821305
Gearbox,1.993,-1.277026
Gearbox,1.994,-0.503741
Gearbox,1.995,0.163259
Gearbox,1.996,0.370135
Gearbox,1.997,0.724152
Gearbox,1.998,-0.132138
Gearbox,1.999,-1.548703
Gearbox,2.0,-1.691976
Gearbox,2.001,-1.133838
Gearbox,2.002,-0.647692
Gearbox,2.003,-0.616614
Gearbox,2.004,-0.209662
Gearbox,2.005,0.193756
Gearbox,2.006,0.168755
Gearbox,2.007,-1.213961
Gearbox,2.008,-2.459031
Gearbox,2.009,-1.424647
Gearbox,2.01,-1.051289
Gearbox,2.011,-0.604754
Gearbox,2.012,-0.351078
Gearbox,2.013,0.781972
Gearbox,2.014,0.822224
Gearbox,2.015,0.095101
Gearbox,2.016,-1.003233
Gearbox,2.017,-1.110528
Gearbox,2.018,-0.605007
Gearbox,2.019,-0.005977
Gearbox,2.02,0.146881
Gearbox,2.021,0.427793
Gearbox,2.022,0.91011
Gearbox,2.023,-0.142177
Gearbox,2.024,-1.542674
Gearbox,2.025,-1.35739
Gearbox,2.026,-0.755948
Gearbox,2.027,-0.718827
Gearbox,2.028,-0.053349
Gearbox,2.029,0.299657
Gearbox,2.03,1.189654
Gearbox,2.031,0.662085
Gearbox,2.032,-0.483007
Gearbox,2.033,-1.177927
Gearbox,2.034,-0.696347
Gearbox,2.035,-0.116836
Gearbox,2.036,0.001718
Gearbox,2.037,0.164525
Gearbox,2.038,0.711432
Gearbox,2.039,1.022784
Gearbox,2.04,-0.01995
Gearbox,2.041,-0.86834
Gearbox,2.042,-0.474159
Gearbox,2.043,-0.126877
Gearbox,2.044,0.406881
Gearbox,2.045,0.39138
Gearbox,2.046,1.141174
Gearbox,2.047,1.232259
Gearbox,2.048,0.249206
Gearbox,2.049,-1.218104
Gearbox,2.05,-1.197635
Gearbox,2.051,-0.428749
Gearbox,2.052,-0.426771
Gearbox,2.053,-0.314596
Gearbox,2.054,0.268137
Gearbox,2.055,0.620422
Gearbox,2.056,-0.130114
Gearbox,2.057,-1.170845
Gearbox,2.058,-1.75283
Gearbox,2.059,-1.210196
Gearbox,2.06,-0.415984
Gearbox,2.061,0.095975
Gearbox,2.062,0.449162
Gearbox,2.063,1.365449
Gearbox,2.064,1.141239
Gearbox,2.065,0.350831
Gearbox,2.066,-0.662814
Gearbox,2.067,-0.737153
Gearbox,2.068,0.333817
Gearbox,2.069,0.674634
Gearbox,2.07,0.466357
Gearbox,2.071,1.097205
Gearbox,2.072,1.264171
Gearbox,2.073,0.706939
Gearbox,2.074,-0.597622
Gearbox,2.075,-1.117944
Gearbox,2.076,-0.03664
Gearbox,2.077,0.01912
Gearbox,2.078,-0.083844
Gearbox,2.079,0.703156
Gearbox,2.08,1.803295
Gearbox,2.081,1.329629
Gearbox,2.082,0.332935
Gearbox,2.083,-0.890547
Gearbox,2.084,-0.704013
Gearbox,2.085,0.04049
Gearbox,2.086,-0.370584
Gearbox,2.087,-0.225212
Gearbox,2.088,1.209532
Gearbox,2.089,1.322281
Gearbox,2.09,0.360873
Gearbox,2.091,-1.177265
Gearbox,2.092,-1.053163
Gearbox,2.093,-0.211462
Gearbox,2.094,0.441573
Gearbox,2.095,0.343227
Gearbox,2.096,1.198883
Gearbox,2.097,1.628287
Gearbox,2.098,1.516032
Gearbox,2.099,-0.278795
Gearbox,2.1,-0.514272
Gearbox,2.101,-0.273726
Gearbox,2.102,0.222872
Gearbox,2.103,0.029861
Gearbox,2.104,1.033952
Gearbox,2.105,1.400686
Gearbox,2.106,1.255727
Gearbox,2.107,-0.745958
Gearbox,2.108,-0.973081
Gearbox,2.109,-0.434625
Gearbox,2.11,-0.65809
Gearbox,2.111,-0.287199
Gearbox,2.112,0.137363
Gearbox,2.113,1.455531
Gearbox,2.114,1.237404
Gearbox,2.115,0.055084
Gearbox,2.116,-0.92894
Gearbox,2.117,-0.507449
Gearbox,2.118,0.355126
Gearbox,2.119,0.169481
Gearbox,2.12,0.617119
Gearbox,2.121,1.176852
Gearbox,2.122,1.778602
Gearbox,2.123,0.580396
Gearbox,2.124,0.259157
Gearbox,2.125,-0.484297
Gearbox,2.126,-0.032202
Gearbox,2.127,0.02984
Gearbox,2.128,-0.17592
Gearbox,2.129,0.799486
Gearbox,2.13,1.47627
Gearbox,2.131,1.463727
Gearbox,2.132,0.224231
Gearbox,2.133,-0.786961
Gearbox,2.134,-0.678518
Gearbox,2.135,-0.149608
Gearbox,2.136,-0.048801
Gearbox,2.137,0.275838
Gearbox,2.138,1.215509
Gearbox,2.139,0.986822
Gearbox,2.14,-0.072106
Gearbox,2.141,-0.886372
Gearbox,2.142,-0.905196
Gearbox,2.143,-0.768923
Gearbox,2.144,-0.404145
Gearbox,2.145,0.32774
Gearbox,2.146,1.194134
Gearbox,2.147,1.301402
Gearbox,2.148,0.616586
Gearbox,2.149,-0.8437
Gearbox,2.15,-1.697474
Gearbox,2.151,-1.330354
Gearbox,2.152,-0.836517
Gearbox,2.153,-0.763977
Gearbox,2.154,-0.000386
Gearbox,2.155,1.169909
Gearbox,2.156,0.856203
Gearbox,2.157,-0.731387
Gearbox,2.158,-1.616065
Gearbox,2.159,-0.827345
Gearbox,2.16,-0.285142
Gearbox,2.161,-0.104418
Gearbox,2.162,0.352359
Gearbox,2.163,0.616325
Gearbox,2.164,1.112508
Gearbox,2.165,-0.149557
Gearbox,2.166,-1.354651
Gearbox,2.167,-1.253562
Gearbox,2.168,-0.263243
Gearbox,2.169,-0.086347
Gearbox,2.17,0.396899
Gearbox,2.171,1.442699
Gearbox,2.172,1.476367
Gearbox,2.173,0.421612
Gearbox,2.174,-1.234846
Gearbox,2.175,-1.103531
Gearbox,2.176,-0.416084
Gearbox,2.177,-0.032717
Gearbox,2.178,-0.128771
Gearbox,2.179,0.741299
Gearbox,2.18,0.332981
Gearbox,2.181,0.018561
Gearbox,2.182,-1.038794
Gearbox,2.183,-1.005621
Gearbox,2.184,-1.472935
Gearbox,2.185,-0.700357
Gearbox,2.186,-0.71916
Gearbox,2.187,0.216627
Gearbox,2.188,0.88581
Gearbox,2.189,0.544059
Gearbox,2.19,-0.572018
Gearbox,2.191,-1.494335
Gearbox,2.192,-1.603826
Gearbox,2.193,-0.742996
Gearbox,2.194,-0.359226
Gearbox,2.195,-0.213079
Gearbox,2.196,0.489137
Gearbox,2.197,1.414385
Gearbox,2.198,-0.006367
Gearbox,2.199,-0.711296
Gearbox,2.2,-1.455429
Gearbox,2.201,-1.167122
Gearbox,2.202,-0.699114
Gearbox,2.203,-0.741593
Gearbox,2.204,-0.089695
Gearbox,2.205,0.984223
Gearbox,2.206,0.029012
Gearbox,2.207,-1.119304
Gearbox,2.208,-1.858652
Gearbox,2.209,-0.930199
Gearbox,2.21,-0.300377
Gearbox,2.211,-0.106437
Gearbox,2.212,0.074008
Gearbox,2.213,1.279899
Gearbox,2.214,1.056759
Gearbox,2.215,-0.382096
Gearbox,2.216,-1.225671
Gearbox,2.217,-1.316613
Gearbox,2.218,-0.273809
Gearbox,2.219,0.144391
Gearbox,2.22,-0.128493
Gearbox,2.221,1.31532
Gearbox,2.222,1.73042
Gearbox,2.223,0.476149
Gearbox,2.224,-1.178825
Gearbox,2.225,-1.264447
Gearbox,2.226,-0.415618
Gearbox,2.227,0.093494
Gearbox,2.228,-0.052212
Gearbox,2.229,0.207992
Gearbox,2.23,0.574418
Gearbox,2.231,0.468875
Gearbox,2.232,-0.897871
Gearbox,2.233,-1.72614
Gearbox,2.234,-1.078398
Gearbox,2.235,-0.022966
Gearbox,2.236,-0.199057
Gearbox,2.237,-0.126108
Gearbox,2.238,1.506656
Gearbox,2.239,1.444565
Gearbox,2.24,-0.063314
Gearbox,2.241,-1.503949
Gearbox,2.242,-1.209553
Gearbox,2.243,-0.316724
Gearbox,2.244,-0.597846
Gearbox,2.245,-0.426256
Gearbox,2.246,0.413126
Gearbox,2.247,1.291239
Gearbox,2.248,0.83526
Gearbox,2.249,-0.647945
Gearbox,2.25,-0.759672
Gearbox,2.251,-1.253076
Gearbox,2.252,-0.780701
Gearbox,2.253,-0.174742
Gearbox,2.254,0.55694
Gearbox,2.255,1.380908
Gearbox,2.256,0.621025
Gearbox,2.257,-0.446914
Gearbox,2.258,-1.591411
Gearbox,2.259,-0.260582
Gearbox,2.26,-0.222158
Gearbox,2.261,-0.431316
Gearbox,2.262,0.082597
Gearbox,2.263,1.012325
Gearbox,2.264,0.971979
Gearbox,2.265,0.140667
Gearbox,2.266,-1.144356
Gearbox,2.267,-0.601901
Gearbox,2.268,-0.106419
Gearbox,2.269,-0.382354
Gearbox,2.27,-0.8483
Gearbox,2.271,0.14428
Gearbox,2.272,1.344948
Gearbox,2.273,0.424698
Gearbox,2.274,-1.258888
Gearbox,2.275,-1.454643
Gearbox,2.276,-1.099574
Gearbox,2.277,-0.481303
Gearbox,2.278,-0.29707
Gearbox,2.279,-0.065479
Gearbox,2.28,0.659804
Gearbox,2.281,0.159324
Gearbox,2.282,-1.468862
Gearbox,2.283,-2.195856
Gearbox,2.284,-1.607907
Gearbox,2.285,-0.884584
Gearbox,2.286,-0.939058
Gearbox,2.287,-1.212295
Gearbox,2.288,0.475901
Gearbox,2.289,0.288866
Gearbox,2.29,-0.619821
Gearbox,2.291,-1.909247
Gearbox,2.292,-1.654753
Gearbox,2.293,-1.026156
Gearbox,2.294,-0.169226
Gearbox,2.295,-0.535638
Gearbox,2.296,0.376019
Gearbox,2.297,0.856535
Gearbox,2.298,-0.319306
Gearbox,2.299,-1.862261
Gearbox,2.3,-2.026876
Gearbox,2.301,-1.338321
Gearbox,2.302,-0.480619
Gearbox,2.303,-0.084766
Gearbox,2.304,0.228731
Gearbox,2.305,1.283882
Gearbox,2.306,0.247086
Gearbox,2.307,-0.766683
Gearbox,2.308,-1.455185
Gearbox,2.309,-1.482364
Gearbox,2.31,-0.059919
Gearbox,2.311,-0.471728
Gearbox,2.312,-0.231101
Gearbox,2.313,1.433635
Gearbox,2.314,0.851237
Gearbox,2.315,-1.150711
Gearbox,2.316,-2.998413
Gearbox,2.317,-2.467863
Gearbox,2.318,-1.463026
Gearbox,2.319,-1.111856
Gearbox,2.32,-0.825702
Gearbox,2.321,0.032838
Gearbox,2.322,0.788854
Gearbox,2.323,-0.063998
Gearbox,2.324,-1.330603
Gearbox,2.325,-1.851084
Gearbox,2.326,-0.762573
Gearbox,2.327,-0.323386
Gearbox,2.328,-0.354806
Gearbox,2.329,-0.014131
Gearbox,2.33,0.582297
Gearbox,2.331,0.491382
Gearbox,2.332,-1.041567
Gearbox,2.333,-1.308913
Gearbox,2.334,-0.732752
Gearbox,2.335,-0.273002
Gearbox,2.336,-0.290817
Gearbox,2.337,0.143109
Gearbox,2.338,0.929433
Gearbox,2.339,0.637707
Gearbox,2.34,-0.815964
Gearbox,2.341,-1.856674
Gearbox,2.342,-1.137203
Gearbox,2.343,-0.687383
Gearbox,2.344,0.029629
Gearbox,2.345,-0.217901
Gearbox,2.346,0.499751
Gearbox,2.347,0.92412
Gearbox,2.348,0.197684
Gearbox,2.349,-0.43091
Gearbox,2.35,-0.786489
Gearbox,2.351,-0.325179
Gearbox,2.352,-0.22356
Gearbox,2.353,-0.322062
Gearbox,2.354,1.115502
Gearbox,2.355,1.168482
Gearbox,2.356,0.515484
Gearbox,2.357,-1.060667
Gearbox,2.358,-2.050978
Gearbox,2.359,-0.908716
Gearbox,2.36,-1.182949
Gearbox,2.361,-0.973653
Gearbox,2.362,-0.047752
Gearbox,2.363,1.038591
Gearbox,2.364,0.727416
Gearbox,2.365,-0.375005
Gearbox,2.366,-2.04349
Gearbox,2.367,-1.68561
Gearbox,2.368,-1.175263
Gearbox,2.369,-0.907038
Gearbox,2.37,-0.764775
Gearbox,2.371,0.429373
Gearbox,2.372,0.802521
Gearbox,2.373,-0.411693
Gearbox,2.374,-1.291523
Gearbox,2.375,-1.504004
Gearbox,2.376,-1.102242
Gearbox,2.377,-0.51559
Gearbox,2.378,-0.398386
Gearbox,2.379,0.14254
Gearbox,2.38,1.746904
Gearbox,2.381,0.908155
Gearbox,2.382,-0.536166
Gearbox,2.383,-0.858207
Gearbox,2.384,-1.163401
Gearbox,2.385,-0.58254
Gearbox,2.386,-0.511751
Gearbox,2.387,0.091052
Gearbox,2.388,1.547833
Gearbox,2.389,1.07591
Gearbox,2.39,-0.157403
Gearbox,2.391,-0.980916
Gearbox,2.392,-0.935499
Gearbox,2.393,-0.301498
Gearbox,2.394,-0.324108
Gearbox,2.395,-0.278898
Gearbox,2.396,0.718879
Gearbox,2.397,0.759585
Gearbox,2.398,0.490284
Gearbox,2.399,-0.958664
Gearbox,2.4,-0.813412
Gearbox,2.401,-0.028722
Gearbox,2.402,-0.169693
Gearbox,2.403,-0.267745
Gearbox,2.404,0.83971
Gearbox,2.405,0.996861
Gearbox,2.406,0.026216
Gearbox,2.407,-1.765404
Gearbox,2.408,-2.151657
Gearbox,2.409,-1.849541
Gearbox,2.41,-0.882664
Gearbox,2.411,-1.327325
Gearbox,2.412,-0.041575
Gearbox,2.413,0.739904
Gearbox,2.414,1.120738
Gearbox,2.415,-0.439803
Gearbox,2.416,-1.611544
Gearbox,2.417,-1.481426
Gearbox,2.418,-0.745346
Gearbox,2.419,0.112702
Gearbox,2.42,0.172509
Gearbox,2.421,0.471376
Gearbox,2.422,0.981131
Gearbox,2.423,0.402599
Gearbox,2.424,-0.710892
Gearbox,2.425,-0.903033
Gearbox,2.426,-0.528153
Gearbox,2.427,-0.465545
Gearbox,2.428,0.016539
Gearbox,2.429,0.712994
Gearbox,2.43,1.244393
Gearbox,2.431,0.713752
Gearbox,2.432,-0.588121
Gearbox,2.433,-1.731569
Gearbox,2.434,-0.78061
Gearbox,2.435,0.183858
Gearbox,2.436,-0.077032
Gearbox,2.437,-0.118336
Gearbox,2.438,1.045756
Gearbox,2.439,1.027452
Gearbox,2.44,-0.433473
Gearbox,2.441,-0.771985
Gearbox,2.442,-1.039224
Gearbox,2.443,-1.300417
Gearbox,2.444,-1.520846
Gearbox,2.445,-0.678615
Gearbox,2.446,0.454675
Gearbox,2.447,1.633505
Gearbox,2.448,0.904829
Gearbox,2.449,-0.811708
Gearbox,2.45,-0.96271
Gearbox,2.451,-0.53738
Gearbox,2.452,-0.019012
Gearbox,2.453,0.113322
Gearbox,2.454,0.535785
Gearbox,2.455,1.374838
Gearbox,2.456,0.965375
Gearbox,2.457,-0.174511
Gearbox,2.458,-0.303758
Gearbox,2.459,-0.010979
Gearbox,2.46,0.872257
Gearbox,2.461,0.491476
Gearbox,2.462,0.477947
Gearbox,2.463,1.362195
Gearbox,2.464,0.960397
Gearbox,2.465,-0.152467
Gearbox,2.466,-1.361324
Gearbox,2.467,-1.052441
Gearbox,2.468,-0.606353
Gearbox,2.469,-0.254259
Gearbox,2.47,-0.7782
Gearbox,2.471,0.55751
Gearbox,2.472,0.955994
Gearbox,2.473,-0.35534
Gearbox,2.474,-1.35637
Gearbox,2.475,-1.552178
Gearbox,2.476,-1.323826
Gearbox,2.477,-0.812497
Gearbox,2.478,-0.735511
Gearbox,2.479,0.309597
Gearbox,2.48,0.820688
Gearbox,2.481,0.060098
Gearbox,2.482,-0.843622
Gearbox,2.483,-1.535417
Gearbox,2.484,-0.394156
Gearbox,2.485,-0.562579
Gearbox,2.486,-1.054893
Gearbox,2.487,0.172615
Gearbox,2.488,1.126655
Gearbox,2.489,0.932966
Gearbox,2.49,0.124
Gearbox,2.491,-1.5408
Gearbox,2.492,-1.533063
Gearbox,2.493,-0.255969
Gearbox,2.494,-0.263312
Gearbox,2.495,0.018508
Gearbox,2.496,0.615372
Gearbox,2.497,1.020883
Gearbox,2.498,0.845883
Gearbox,2.499,-0.401299
Gearbox,2.5,-0.618411
Gearbox,2.501,-0.57185
Gearbox,2.502,-0.065537
Gearbox,2.503,0.14132
Gearbox,2.504,0.367214
Gearbox,2.505,1.116071
Gearbox,2.506,0.762959
Gearbox,2.507,-0.638907
Gearbox,2.508,-1.229955
Gearbox,2.509,-0.432943
Gearbox,2.51,-0.34654
Gearbox,2.511,-0.465408
Gearbox,2.512,0.171974
Gearbox,2.513,1.276833
Gearbox,2.514,1.2189
Gearbox,2.515,-0.276322
Gearbox,2.516,-1.031349
Gearbox,2.517,-0.079526
Gearbox,2.518,-0.898207
Gearbox,2.519,-0.268109
Gearbox,2.52,-0.652845
Gearbox,2.521,0.269421
Gearbox,2.522,0.92748
Gearbox,2.523,0.079665
Gearbox,2.524,-0.780613
Gearbox,2.525,-1.170052
Gearbox,2.526,0.022717
Gearbox,2.527,0.319177
Gearbox,2.528,-0.058806
Gearbox,2.529,0.858895
Gearbox,2.53,1.842817
Gearbox,2.531,0.436935
Gearbox,2.532,-0.282219
Gearbox,2.533,-0.88227
Gearbox,2.534,-1.409929
Gearbox,2.535,-0.93341
Gearbox,2.536,-0.389781
Gearbox,2.537,-0.132544
Gearbox,2.538,1.262765
Gearbox,2.539,1.415593
Gearbox,2.54,0.185498
Gearbox,2.541,-0.742901
Gearbox,2.542,-0.807049
Gearbox,2.543,0.290097
Gearbox,2.544,0.499785
Gearbox,2.545,0.762289
Gearbox,2.546,1.641207
Gearbox,2.547,2.081824
Gearbox,2.548,0.51029
Gearbox,2.549,-0.163205
Gearbox,2.55,-0.567104
Gearbox,2.551,-0.117906
Gearbox,2.552,0.207071
Gearbox,2.553,0.344183
Gearbox,2.554,0.698804
Gearbox,2.555,1.421084
Gearbox,2.556,0.851302
Gearbox,2.557,-0.176234
Gearbox,2.558,-1.212178
Gearbox,2.559,-0.97542
Gearbox,2.56,-0.225822
Gearbox,2.561,-0.808611
Gearbox,2.562,0.244464
Gearbox,2.563,1.575276
Gearbox,2.564,1.324875
Gearbox,2.565,-0.14439
Gearbox,2.566,-1.234471
Gearbox,2.567,-1.113623
Gearbox,2.568,-0.175294
Gearbox,2.569,0.304212
Gearbox,2.57,1.103257
Gearbox,2.571,1.59349
Gearbox,2.572,1.198068
Gearbox,2.573,0.620652
Gearbox,2.574,-0.423142
Gearbox,2.575,-1.083141
Gearbox,2.576,-0.406642
Gearbox,2.577,-0.278217
Gearbox,2.578,0.09187
Gearbox,2.579,0.455505
Gearbox,2.58,0.756829
Gearbox,2.581,1.05904
Gearbox,2.582,-0.560438
Gearbox,2.583,-1.236954
Gearbox,2.584,-0.825298
Gearbox,2.585,-0.217006
Gearbox,2.586,-0.00282
Gearbox,2.587,1.397994
Gearbox,2.588,1.896795
Gearbox,2.589,1.410673
Gearbox,2.59,0.095722
Gearbox,2.591,-0.382442
Gearbox,2.592,-0.343954
Gearbox,2.593,-0.271113
Gearbox,2.594,0.469677
Gearbox,2.595,0.145369
Gearbox,2.596,0.767747
Gearbox,2.597,1.08138
Gearbox,2.598,0.247902
Gearbox,2.599,-1.622432
Gearbox,2.6,-1.243712
Gearbox,2.601,-1.002061
Gearbox,2.602,-0.146847
Gearbox,2.603,0.038358
Gearbox,2.604,0.227878
Gearbox,2.605,1.075184
Gearbox,2.606,0.738346
Gearbox,2.607,-0.930705
Gearbox,2.608,-1.390485
Gearbox,2.609,-1.148339
Gearbox,2.61,-0.169711
Gearbox,2.611,-0.290961
Gearbox,2.612,0.166038
Gearbox,2.613,1.225252
Gearbox,2.614,0.948679
Gearbox,2.615,0.417187
Gearbox,2.616,-0.846267
Gearbox,2.617,-0.837042
Gearbox,2.618,0.074018
Gearbox,2.619,-0.228212
Gearbox,2.62,-0.337404
Gearbox,2.621,0.037048
Gearbox,2.622,0.787569
Gearbox,2.623,0.229325
Gearbox,2.624,-1.323649
Gearbox,2.625,-2.198511
Gearbox,2.626,-1.16207
Gearbox,2.627,-0.760764
Gearbox,2.628,-0.712189
Gearbox,2.629,0.074253
Gearbox,2.63,1.001982
Gearbox,2.631,0.614026
Gearbox,2.632,-0.539671
Gearbox,2.633,-1.415051
Gearbox,2.634,-1.041803
Gearbox,2.635,-0.272456
Gearbox,2.636,-0.486862
Gearbox,2.637,0.225892
Gearbox,2.638,1.013374
Gearbox,2.639,0.203745
Gearbox,2.64,-0.662621
Gearbox,2.641,-1.056143
Gearbox,2.642,-0.955443
Gearbox,2.643,0.493525
Gearbox,2.644,0.530648
Gearbox,2.645,0.560781
Gearbox,2.646,1.696427
Gearbox,2.647,1.329401
Gearbox,2.648,0.624012
Gearbox,2.649,-0.552976
Gearbox,2.65,-0.510985
Gearbox,2.651,0.433963
Gearbox,2.652,0.257381
Gearbox,2.653,0.158702
Gearbox,2.654,0.391506
Gearbox,2.655,0.669418
Gearbox,2.656,0.740995
Gearbox,2.657,-0.616259
Gearbox,2.658,-1.65134
Gearbox,2.659,-0.569284
Gearbox,2.66,-0.394268
Gearbox,2.661,-0.717825
Gearbox,2.662,-0.026399
Gearbox,2.663,0.763234
Gearbox,2.664,1.189147
Gearbox,2.665,-0.117226
Gearbox,2.666,-1.315738
Gearbox,2.667,-0.27439
Gearbox,2.668,-0.130547
Gearbox,2.669,-0.183693
Gearbox,2.67,0.5451
Gearbox,2.671,1.59779
Gearbox,2.672,1.572381
Gearbox,2.673,0.597849
Gearbox,2.674,-0.899337
Gearbox,2.675,-1.163213
Gearbox,2.676,-0.564152
Gearbox,2.677,-0.409383
Gearbox,2.678,-0.047465
Gearbox,2.679,-0.417392
Gearbox,2.68,0.644213
Gearbox,2.681,0.635918
Gearbox,2.682,-0.911557
Gearbox,2.683,-1.313878
Gearbox,2.684,-0.480806
Gearbox,2.685,-0.307463
Gearbox,2.686,-0.386963
Gearbox,2.687,-0.330872
Gearbox,2.688,0.404456
Gearbox,2.689,0.787457
Gearbox,2.69,-0.507391
Gearbox,2.691,-1.411877
Gearbox,2.692,-1.110114
Gearbox,2.693,-0.723479
Gearbox,2.694,-0.064572
Gearbox,2.695,0.425939
Gearbox,2.696,1.161011
Gearbox,2.697,1.326373
Gearbox,2.698,-0.221119
Gearbox,2.699,-1.03309
Gearbox,2.7,-1.388986
Gearbox,2.701,-1.290689
Gearbox,2.702,-0.42398
Gearbox,2.703,-0.255828
Gearbox,2.704,0.056095
Gearbox,2.705,1.303253
Gearbox,2.706,1.030609
Gearbox,2.707,-0.084368
Gearbox,2.708,-0.86446
Gearbox,2.709,-0.939927
Gearbox,2.71,0.299835
Gearbox,2.711,0.364178
Gearbox,2.712,0.364289
Gearbox,2.713,1.06418
Gearbox,2.714,1.191938
Gearbox,2.715,-0.162068
Gearbox,2.716,-1.238937
Gearbox,2.717,-1.364375
Gearbox,2.718,-0.427246
Gearbox,2.719,-0.188451
Gearbox,2.72,-0.087651
Gearbox,2.721,1.260165
Gearbox,2.722,1.307431
Gearbox,2.723,0.334077
Gearbox,2.724,-0.355399
Gearbox,2.725,-1.784941
Gearbox,2.726,-0.343414
Gearbox,2.727,-0.220475
Gearbox,2.728,-0.432756
Gearbox,2.729,0.635431
Gearbox,2.73,1.002609
Gearbox,2.731,0.843772
Gearbox,2.732,-0.404791
Gearbox,2.733,-1.740407
Gearbox,2.734,-0.469827
Gearbox,2.735,0.376195
Gearbox,2.736,-0.687039
Gearbox,2.737,0.654617
Gearbox,2.738,1.603657
Gearbox,2.739,1.72557
Gearbox,2.74,0.596188
Gearbox,2.741,-1.15434
Gearbox,2.742,-1.175774
Gearbox,2.743,-0.898756
Gearbox,2.744,-0.825301
Gearbox,2.745,-0.129536
Gearbox,2.746,0.64634
Gearbox,2.747,0.590176
Gearbox,2.748,-0.17872
Gearbox,2.749,-1.399524
Gearbox,2.75,-0.968489
Gearbox,2.751,0.298635
Gearbox,2.752,0.210706
Gearbox,2.753,0.578722
Gearbox,2.754,1.335119
Gearbox,2.755,1.453862
Gearbox,2.756,1.435177
Gearbox,2.757,0.226916
Gearbox,2.758,0.390553
Gearbox,2.759,0.66608
Gearbox,2.76,0.541152
Gearbox,2.761,1.010368
Gearbox,2.762,1.271155
Gearbox,2.763,1.701683
Gearbox,2.764,2.08988
Gearbox,2.765,0.752877
Gearbox,2.766,-0.819591
Gearbox,2.767,-0.251527
Gearbox,2.768,-0.234861
Gearbox,2.769,0.228762
Gearbox,2.77,0.189612
Gearbox,2.771,0.433496
Gearbox,2.772,1.399362
Gearbox,2.773,0.499598
Gearbox,2.774,-0.880262
Gearbox,2.775,-0.658741
Gearbox,2.776,-0.845357
Gearbox,2.777,-0.343272
Gearbox,2.778,-0.40869
Gearbox,2.779,-0.113321
Gearbox,2.78,1.41446
Gearbox,2.781,0.589856
Gearbox,2.782,-0.496431
Gearbox,2.783,-1.32948
Gearbox,2.784,-1.027699
Gearbox,2.785,-0.407305
Gearbox,2.786,-0.336135
Gearbox,2.787,-0.150283
Gearbox,2.788,0.814066
Gearbox,2.789,1.018073
Gearbox,2.79,-0.162724
Gearbox,2.791,-0.382452
Gearbox,2.792,-0.644394
Gearbox,2.793,-0.226837
Gearbox,2.794,0.289258
Gearbox,2.795,-0.131904
Gearbox,2.796,1.721205
Gearbox,2.797,1.558232
Gearbox,2.798,0.421272
Gearbox,2.799,-0.544286
Gearbox,2.8,-1.734509
Gearbox,2.801,-0.854913
Gearbox,2.802,-0.670014
Gearbox,2.803,-0.343624
Gearbox,2.804,0.522237
Gearbox,2.805,1.387715
Gearbox,2.806,0.498974
Gearbox,2.807,-0.467088
Gearbox,2.808,-1.007946
Gearbox,2.809,-1.17458
Gearbox,2.81,-0.367496
Gearbox,2.811,-0.410414
Gearbox,2.812,0.117578
Gearbox,2.813,1.326237
Gearbox,2.814,1.460125
Gearbox,2.815,0.614757
Gearbox,2.816,-1.087177
Gearbox,2.817,-1.310275
Gearbox,2.818,-0.042316
Gearbox,2.819,0.055711
Gearbox,2.82,0.142734
Gearbox,2.821,0.917202
Gearbox,2.822,0.585778
Gearbox,2.823,0.106037
Gearbox,2.824,-0.967392
Gearbox,2.825,-1.342449
Gearbox,2.826,-0.60289
Gearbox,2.827,-1.227845
Gearbox,2.828,-0.715055
Gearbox,2.829,-0.530836
Gearbox,2.83,-0.09633
Gearbox,2.831,-0.405717
Gearbox,2.832,-1.564673
Gearbox,2.833,-2.087004
Gearbox,2.834,-1.164005
Gearbox,2.835,-0.658789
Gearbox,2.836,-1.050757
Gearbox,2.837,-0.506641
Gearbox,2.838,0.464387
Gearbox,2.839,0.293937
Gearbox,2.84,-1.243423
Gearbox,2.841,-1.869859
Gearbox,2.842,-0.953531
Gearbox,2.843,-1.044449
Gearbox,2.844,-1.17604
Gearbox,2.845,-0.533217
Gearbox,2.846,0.333235
Gearbox,2.847,0.874674
Gearbox,2.848,-0.051454
Gearbox,2.849,-1.257236
Gearbox,2.85,-1.346532
Gearbox,2.851,-1.151699
Gearbox,2.852,-0.262795
Gearbox,2.853,0.292707
Gearbox,2.854,0.416206
Gearbox,2.855,1.499718
Gearbox,2.856,0.989087
Gearbox,2.857,-0.558904
Gearbox,2.858,-1.045126
Gearbox,2.859,-1.215963
Gearbox,2.86,-0.859255
Gearbox,2.861,-0.512253
Gearbox,2.862,-0.355169
Gearbox,2.863,0.725163
Gearbox,2.864,0.964857
Gearbox,2.865,-1.09134
Gearbox,2.866,-1.565621
Gearbox,2.867,-2.235698
Gearbox,2.868,-1.252388
Gearbox,2.869,-0.470281
Gearbox,2.87,-0.95925
Gearbox,2.871,0.112371
Gearbox,2.872,0.398088
Gearbox,2.873,-0.596452
Gearbox,2.874,-1.637482
Gearbox,2.875,-2.418818
Gearbox,2.876,-2.526078
Gearbox,2.877,-1.673538
Gearbox,2.878,-1.891366
Gearbox,2.879,-0.681692
Gearbox,2.88,0.382609
Gearbox,2.881,-0.672473
Gearbox,2.882,-1.123479
Gearbox,2.883,-2.128485
Gearbox,2.884,-1.627193
Gearbox,2.885,-0.87847
Gearbox,2.886,-1.584817
Gearbox,2.887,-0.736128
Gearbox,2.888,0.158662
Gearbox,2.889,-0.056048
Gearbox,2.89,-0.803536
Gearbox,2.891,-1.778214
Gearbox,2.892,-1.749167
Gearbox,2.893,-0.693841
Gearbox,2.894,-1.017271
Gearbox,2.895,-0.577333
Gearbox,2.896,0.107261
Gearbox,2.897,0.400762
Gearbox,2.898,-0.200468
Gearbox,2.899,-1.757517
Gearbox,2.9,-2.064239
Gearbox,2.901,-1.125539
Gearbox,2.902,-1.463509
Gearbox,2.903,-1.024078
Gearbox,2.904,0.091048
Gearbox,2.905,0.190405
Gearbox,2.906,-0.023885
Gearbox,2.907,-0.864467
Gearbox,2.908,-2.497865
Gearbox,2.909,-1.887808
Gearbox,2.91,-1.072903
Gearbox,2.911,-0.448273
Gearbox,2.912,0.261504
Gearbox,2.913,0.688359
Gearbox,2.914,0.71506
Gearbox,2.915,-0.175799
Gearbox,2.916,-2.018856
Gearbox,2.917,-1.404157
Gearbox,2.918,-0.769699
Gearbox,2.919,-0.562689
Gearbox,2.92,0.146738
Gearbox,2.921,-0.090688
Gearbox,2.922,1.474448
Gearbox,2.923,0.998287
Gearbox,2.924,-1.441129
Gearbox,2.925,-1.82882
Gearbox,2.926,-0.855996
Gearbox,2.927,-0.825326
Gearbox,2.928,-0.473423
Gearbox,2.929,-0.063166
Gearbox,2.93,0.675578
Gearbox,2.931,0.608614
Gearbox,2.932,-1.260987
Gearbox,2.933,-1.769973
Gearbox,2.934,-1.610336
Gearbox,2.935,-0.895609
Gearbox,2.936,-0.218401
Gearbox,2.937,-0.377668
Gearbox,2.938,0.285331
Gearbox,2.939,0.761008
Gearbox,2.94,-0.455703
Gearbox,2.941,-1.07071
Gearbox,2.942,-0.90734
Gearbox,2.943,-1.314744
Gearbox,2.944,-0.45108
Gearbox,2.945,-0.633456
Gearbox,2.946,0.456086
Gearbox,2.947,1.370496
Gearbox,2.948,-0.701285
Gearbox,2.949,-1.097981
Gearbox,2.95,-1.188049
Gearbox,2.951,-1.567539
Gearbox,2.952,-0.024282
Gearbox,2.953,0.079094
Gearbox,2.954,0.572665
Gearbox,2.955,1.455668
Gearbox,2.956,0.307181
Gearbox,2.957,-0.275334
Gearbox,2.958,-0.759617
Gearbox,2.959,-0.729226
Gearbox,2.96,-0.076591
Gearbox,2.961,-0.404568
Gearbox,2.962,0.113233
Gearbox,2.963,1.510629
Gearbox,2.964,0.535001
Gearbox,2.965,-0.607644
Gearbox,2.966,-1.359733
Gearbox,2.967,-1.730144
Gearbox,2.968,-0.273064
Gearbox,2.969,0.204874
Gearbox,2.97,-0.088138
Gearbox,2.971,1.186909
Gearbox,2.972,1.129114
Gearbox,2.973,0.394503
Gearbox,2.974,-1.142709
Gearbox,2.975,-1.225577
Gearbox,2.976,-0.576797
Gearbox,2.977,0.099611
Gearbox,2.978,-0.08794
Gearbox,2.979,0.645626
Gearbox,2.98,1.425004
Gearbox,2.981,0.568966
Gearbox,2.982,0.167402
Gearbox,2.983,-0.895229
Gearbox,2.984,0.015125
Gearbox,2.985,0.121151
Gearbox,2.986,0.042068
Gearbox,2.987,0.796316
Gearbox,2.988,1.247852
Gearbox,2.989,0.873823
Gearbox,2.99,-0.155122
Gearbox,2.991,-1.25858
Gearbox,2.992,-0.802936
Gearbox,2.993,0.004827
Gearbox,2.994,0.097889
Gearbox,2.995,0.446099
Gearbox,2.996,0.814892
Gearbox,2.997,1.415548
Gearbox,2.998,0.782957
Gearbox,2.999,-1.185244
Gearbox,3.0,-1.299382
Gearbox,3.001,-0.392834
Gearbox,3.002,-1.140382
Gearbox,3.003,-0.035854
Gearbox,3.004,0.151773
Gearbox,3.005,0.622241
Gearbox,3.006,0.884007
Gearbox,3.007,-0.772357
Gearbox,3.008,-1.355991
Gearbox,3.009,-1.058379
Gearbox,3.01,-0.687773
Gearbox,3.011,0.438001
Gearbox,3.012,0.547127
Gearbox,3.013,1.16605
Gearbox,3.014,1.703774
Gearbox,3.015,0.001022
Gearbox,3.016,-1.581377
Gearbox,3.017,-0.947656
Gearbox,3.018,-0.282189
Gearbox,3.019,0.106601
Gearbox,3.02,-0.323638
Gearbox,3.021,0.656358
Gearbox,3.022,1.765528
Gearbox,3.023,0.790431
Gearbox,3.024,-0.620456
Gearbox,3.025,-0.641282
Gearbox,3.026,-0.754927
Gearbox,3.027,0.099629
Gearbox,3.028,-0.111401
Gearbox,3.029,0.374887
Gearbox,3.03,1.187787
Gearbox,3.031,0.916347
Gearbox,3.032,-0.585118
Gearbox,3.033,-0.708205
Gearbox,3.034,-0.955288
Gearbox,3.035,-0.548391
Gearbox,3.036,0.130555
Gearbox,3.037,0.958219
Gearbox,3.038,1.790604
Gearbox,3.039,1.598771
Gearbox,3.04,0.17742
Gearbox,3.041,-0.029976
Gearbox,3.042,-0.381589
Gearbox,3.043,0.6463
Gearbox,3.044,1.202035
Gearbox,3.045,0.850703
Gearbox,3.046,1.797323
Gearbox,3.047,1.62301
Gearbox,3.048,0.223879
Gearbox,3.049,-0.378397
Gearbox,3.05,-0.759719
Gearbox,3.051,-0.089285
Gearbox,3.052,0.571775
Gearbox,3.053,0.084138
Gearbox,3.054,1.275065
Gearbox,3.055,1.841186
Gearbox,3.056,0.478748
Gearbox,3.057,-0.279236
Gearbox,3.058,-1.181309
Gearbox,3.059,-0.619144
Gearbox,3.06,0.315814
Gearbox,3.061,0.483065
Gearbox,3.062,0.639728
Gearbox,3.063,1.684556
Gearbox,3.064,1.60997
Gearbox,3.065,0.725224
Gearbox,3.066,-0.664348
Gearbox,3.067,-0.229556
Gearbox,3.068,0.65385
Gearbox,3.069,-0.052895
Gearbox,3.07,0.921627
Gearbox,3.071,1.539093
Gearbox,3.072,1.794185
Gearbox,3.073,1.223463
Gearbox,3.074,0.308786
Gearbox,3.075,-0.409347
Gearbox,3.076,0.065466
Gearbox,3.077,0.526639
Gearbox,3.078,0.354064
Gearbox,3.079,1.146108
Gearbox,3.08,1.591064
Gearbox,3.081,2.4928
Gearbox,3.082,0.408371
Gearbox,3.083,-0.355282
Gearbox,3.084,0.266782
Gearbox,3.085,0.219643
Gearbox,3.086,0.731621
Gearbox,3.087,1.419869
Gearbox,3.088,1.784405
Gearbox,3.089,2.049071
Gearbox,3.09,0.020837
Gearbox,3.091,-0.792683
Gearbox,3.092,-0.099641
Gearbox,3.093,-0.542999
Gearbox,3.094,0.02516
Gearbox,3.095,0.45439
Gearbox,3.096,0.273562
Gearbox,3.097,1.49767
Gearbox,3.098,0.838824
Gearbox,3.099,-0.560235
Gearbox,3.1,-0.715103
Gearbox,3.101,-0.564274
Gearbox,3.102,0.280144
Gearbox,3.103,0.927536
Gearbox,3.104,0.553266
Gearbox,3.105,2.031956
Gearbox,3.106,2.159544
Gearbox,3.107,0.08402
Gearbox,3.108,-0.128307
Gearbox,3.109,0.026698
Gearbox,3.11,0.078411
Gearbox,3.111,0.34536
Gearbox,3.112,0.445609
Gearbox,3.113,1.475044
Gearbox,3.114,1.831763
Gearbox,3.115,0.076754
Gearbox,3.116,-0.576378
Gearbox,3.117,-0.562968
Gearbox,3.118,0.070997
Gearbox,3.119,0.06991
Gearbox,3.12,-0.116638
Gearbox,3.121,1.409987
Gearbox,3.122,2.658685
Gearbox,3.123,1.068105
Gearbox,3.124,-0.066749
Gearbox,3.125,-0.638753
Gearbox,3.126,-0.448305
Gearbox,3.127,0.548953
Gearbox,3.128,0.021867
Gearbox,3.129,1.125322
Gearbox,3.13,1.934985
Gearbox,3.131,1.709174
Gearbox,3.132,0.226705
Gearbox,3.133,-0.038052
Gearbox,3.134,-0.562182
Gearbox,3.135,0.276385
Gearbox,3.136,0.607196
Gearbox,3.137,1.459324
Gearbox,3.138,2.40907
Gearbox,3.139,1.131287
Gearbox,3.14,0.088173
Gearbox,3.141,-0.801486
Gearbox,3.142,-0.76925
Gearbox,3.143,0.223336
Gearbox,3.144,0.422845
Gearbox,3.145,0.101972
Gearbox,3.146,1.518104
Gearbox,3.147,0.769702
Gearbox,3.148,0.269975
Gearbox,3.149,-0.448685
Gearbox,3.15,-1.324908
Gearbox,3.151,-0.238067
Gearbox,3.152,-0.042958
Gearbox,3.153,-0.1257
Gearbox,3.154,0.966939
Gearbox,3.155,1.422798
Gearbox,3.156,1.466059
Gearbox,3.157,0.052669
Gearbox,3.158,-1.048448
Gearbox,3.159,-0.829339
Gearbox,3.16,-0.615796
Gearbox,3.161,0.121288
Gearbox,3.162,1.138327
Gearbox,3.163,0.927959
Gearbox,3.164,1.506376
Gearbox,3.165,0.515364
Gearbox,3.166,-1.281854
Gearbox,3.167,-0.310923
Gearbox,3.168,-0.414519
Gearbox,3.169,-0.5136
Gearbox,3.17,0.968669
Gearbox,3.171,0.9029
Gearbox,3.172,1.826718
Gearbox,3.173,1.228867
Gearbox,3.174,-0.140386
Gearbox,3.175,-0.347002
Gearbox,3.176,0.118766
Gearbox,3.177,0.428395
Gearbox,3.178,0.630893
Gearbox,3.179,1.153674
Gearbox,3.18,2.638501
Gearbox,3.181,1.434164
Gearbox,3.182,-0.091939
Gearbox,3.183,-0.977997
Gearbox,3.184,-0.658172
Gearbox,3.185,-0.505063
Gearbox,3.186,0.159172
Gearbox,3.187,0.189552
Gearbox,3.188,1.501524
Gearbox,3.189,1.209246
Gearbox,3.19,0.280036
Gearbox,3.191,-0.699573
Gearbox,3.192,-0.598273
Gearbox,3.193,0.249579
Gearbox,3.194,0.67949
Gearbox,3.195,0.605584
Gearbox,3.196,1.217305
Gearbox,3.197,2.139804
Gearbox,3.198,0.974397
Gearbox,3.199,0.182107
Gearbox,3.2,0.61828
Gearbox,3.201,0.343956
Gearbox,3.202,1.623622
Gearbox,3.203,1.326282
Gearbox,3.204,1.401436
Gearbox,3.205,1.999709
Gearbox,3.206,1.25008
Gearbox,3.207,0.075018
Gearbox,3.208,-0.612222
Gearbox,3.209,-0.393695
Gearbox,3.21,0.40449
Gearbox,3.211,0.602467
Gearbox,3.212,0.992298
Gearbox,3.213,2.00482
Gearbox,3.214,0.934451
Gearbox,3.215,0.420924
Gearbox,3.216,-0.057353
Gearbox,3.217,-0.405117
Gearbox,3.218,0.109976
Gearbox,3.219,0.450639
Gearbox,3.22,0.675281
Gearbox,3.221,2.335836
Gearbox,3.222,2.366739
Gearbox,3.223,1.169778
Gearbox,3.224,0.065576
Gearbox,3.225,-0.379264
Gearbox,3.226,0.367536
Gearbox,3.227,0.717111
Gearbox,3.228,0.226805
Gearbox,3.229,1.601888
Gearbox,3.23,2.294529
Gearbox,3.231,1.821414
Gearbox,3.232,0.663837
Gearbox,3.233,-0.8375
Gearbox,3.234,0.018086
Gearbox,3.235,0.325762
Gearbox,3.236,0.072251
Gearbox,3.237,1.142996
Gearbox,3.238,1.388271
Gearbox,3.239,1.394095
Gearbox,3.24,0.858671
Gearbox,3.241,-0.48445
Gearbox,3.242,-0.331961
Gearbox,3.243,0.779341
Gearbox,3.244,0.427167
Gearbox,3.245,0.66252
Gearbox,3.246,1.394864
Gearbox,3.247,2.052772
Gearbox,3.248,1.213135
Gearbox,3.249,-0.585019
Gearbox,3.25,-0.082088
Gearbox,3.251,0.667376
Gearbox,3.252,0.244152
Gearbox,3.253,0.297093
Gearbox,3.254,1.056525
Gearbox,3.255,1.157224
Gearbox,3.256,0.751366
Gearbox,3.257,-0.69541
Gearbox,3.258,-1.03441
Gearbox,3.259,-0.08954
Gearbox,3.26,-1.069125
Gearbox,3.261,-0.726001
Gearbox,3.262,0.569006
Gearbox,3.263,0.750098
Gearbox,3.264,1.38725
Gearbox,3.265,-0.349051
Gearbox,3.266,-1.294093
Gearbox,3.267,-0.377478
Gearbox,3.268,-0.961254
Gearbox,3.269,-0.258056
Gearbox,3.27,-0.066637
Gearbox,3.271,0.724776
Gearbox,3.272,2.619012
Gearbox,3.273,0.999326
Gearbox,3.274,0.27627
Gearbox,3.275,0.232264
Gearbox,3.276,0.076763
Gearbox,3.277,0.630369
Gearbox,3.278,1.237785
Gearbox,3.279,0.873276
Gearbox,3.28,2.538774
Gearbox,3.281,1.855985
Gearbox,3.282,0.244317
Gearbox,3.283,-0.365749
Gearbox,3.284,-0.186465
Gearbox,3.285,0.856798
Gearbox,3.286,1.062391
Gearbox,3.287,0.753079
Gearbox,3.288,1.792295
Gearbox,3.289,1.512478
Gearbox,3.29,0.262568
Gearbox,3.291,-0.703629
Gearbox,3.292,-0.770659
Gearbox,3.293,-0.160882
Gearbox,3.294,0.441702
Gearbox,3.295,-0.067643
Gearbox,3.296,1.121725
Gearbox,3.297,1.575946
Gearbox,3.298,0.526026
Gearbox,3.299,-0.875642
Gearbox,3.3,-1.875425
Gearbox,3.301,-0.405037
Gearbox,3.302,0.026376
Gearbox,3.303,-0.64348
Gearbox,3.304,0.450064
Gearbox,3.305,1.21317
Gearbox,3.306,0.874651
Gearbox,3.307,-0.018141
Gearbox,3.308,-1.13479
Gearbox,3.309,-0.568824
Gearbox,3.31,0.783051
Gearbox,3.311,0.262708
Gearbox,3.312,0.250731
Gearbox,3.313,1.238189
Gearbox,3.314,0.984957
Gearbox,3.315,0.023835
Gearbox,3.316,-1.285041
Gearbox,3.317,-1.619789
Gearbox,3.318,0.085799
Gearbox,3.319,-0.649889
Gearbox,3.32,0.109574
Gearbox,3.321,1.113003
Gearbox,3.322,0.186542
Gearbox,3.323,-0.173305
Gearbox,3.324,-1.514776
Gearbox,3.325,-2.19801
Gearbox,3.326,-0.964241
Gearbox,3.327,-1.407464
Gearbox,3.328,-0.422811
Gearbox,3.329,-0.455061
Gearbox,3.33,-0.003331
Gearbox,3.331,0.250017
Gearbox,3.332,-0.970785
Gearbox,3.333,-2.259146
Gearbox,3.334,-1.041779
Gearbox,3.335,-0.584675
Gearbox,3.336,-0.600917
Gearbox,3.337,0.371355
Gearbox,3.338,0.525558
Gearbox,3.339,1.170714
Gearbox,3.34,-0.031832
Gearbox,3.341,-1.597945
Gearbox,3.342,-1.547691
Gearbox,3.343,-1.014671
Gearbox,3.344,-1.005896
Gearbox,3.345,-0.088836
Gearbox,3.346,0.15866
Gearbox,3.347,1.252478
Gearbox,3.348,0.387003
Gearbox,3.349,-1.506997
Gearbox,3.35,-1.031694
Gearbox,3.351,-1.083536
Gearbox,3.352,-0.361426
Gearbox,3.353,-0.092359
Gearbox,3.354,-0.265972
Gearbox,3.355,1.10092
Gearbox,3.356,0.507163
Gearbox,3.357,-1.134423
Gearbox,3.358,-1.371285
Gearbox,3.359,-1.493081
Gearbox,3.36,-1.285102
Gearbox,3.361,-0.820921
Gearbox,3.362,-0.794614
Gearbox,3.363,-0.127384
Gearbox,3.364,0.476214
Gearbox,3.365,-0.60343
Gearbox,3.366,-1.058418
Gearbox,3.367,-1.423138
Gearbox,3.368,-0.871302
Gearbox,3.369,-0.163883
Gearbox,3.37,0.005011
Gearbox,3.371,1.211365
Gearbox,3.372,1.903032
Gearbox,3.373,-0.358755
Gearbox,3.374,-0.160265
Gearbox,3.375,-0.273057
Gearbox,3.376,-0.399978
Gearbox,3.377,0.549233
Gearbox,3.378,0.301968
Gearbox,3.379,0.987366
Gearbox,3.38,1.968945
Gearbox,3.381,1.16173
Gearbox,3.382,0.224494
Gearbox,3.383,-1.15963
Gearbox,3.384,-0.56097
Gearbox,3.385,0.431172
Gearbox,3.386,-0.457341
Gearbox,3.387,0.037084
Gearbox,3.388,1.47171
Gearbox,3.389,0.660361
Gearbox,3.39,0.314293
Gearbox,3.391,-0.345157
Gearbox,3.392,-0.51367
Gearbox,3.393,0.230509
Gearbox,3.394,-0.166366
Gearbox,3.395,-0.016513
Gearbox,3.396,0.982403
Gearbox,3.397,0.958555
Gearbox,3.398,0.651354
Gearbox,3.399,-0.175684
Gearbox,3.4,-1.330146
Gearbox,3.401,0.144762
Gearbox,3.402,-0.272483
Gearbox,3.403,0.072509
Gearbox,3.404,0.765782
Gearbox,3.405,1.2906
Gearbox,3.406,1.390898
Gearbox,3.407,-0.200076
Gearbox,3.408,-1.492291
Gearbox,3.409,-0.153059
Gearbox,3.41,-0.20728
Gearbox,3.411,-0.601629
Gearbox,3.412,-0.122312
Gearbox,3.413,0.184833
Gearbox,3.414,1.242668
Gearbox,3.415,0.541443
Gearbox,3.416,-1.502122
Gearbox,3.417,-1.116458
Gearbox,3.418,-0.487818
Gearbox,3.419,-0.2749
Gearbox,3.42,0.104981
Gearbox,3.421,0.220904
Gearbox,3.422,1.543262
Gearbox,3.423,0.615357
Gearbox,3.424,-1.090682
Gearbox,3.425,-0.6031
Gearbox,3.426,-0.661654
Gearbox,3.427,-0.986484
Gearbox,3.428,0.822522
Gearbox,3.429,0.582327
Gearbox,3.43,1.235867
Gearbox,3.431,1.642832
Gearbox,3.432,-0.812108
Gearbox,3.433,-0.662258
Gearbox,3.434,-0.677544
Gearbox,3.435,-0.509729
Gearbox,3.436,0.028903
Gearbox,3.437,-0.534205
Gearbox,3.438,0.88632
Gearbox,3.439,1.114529
Gearbox,3.44,-0.313661
Gearbox,3.441,-0.940497
Gearbox,3.442,-0.507239
Gearbox,3.443,-0.298279
Gearbox,3.444,0.614285
Gearbox,3.445,0.096413
Gearbox,3.446,0.590044
Gearbox,3.447,1.364047
Gearbox,3.448,0.025691
Gearbox,3.449,-1.124935
Gearbox,3.45,-0.844511
Gearbox,3.451,-0.653525
Gearbox,3.452,0.420758
Gearbox,3.453,0.277659
Gearbox,3.454,0.392459
Gearbox,3.455,1.81495
Gearbox,3.456,0.900569
Gearbox,3.457,-0.509378
Gearbox,3.458,-1.556853
Gearbox,3.459,-1.80019
Gearbox,3.46,-0.532367
Gearbox,3.461,-0.223371
Gearbox,3.462,0.262996
Gearbox,3.463,2.174202
Gearbox,3.464,1.265334
Gearbox,3.465,0.043471
Gearbox,3.466,-0.780986
Gearbox,3.467,-1.463237
Gearbox,3.468,-0.543626
Gearbox,3.469,-0.206092
Gearbox,3.47,-0.293222
Gearbox,3.471,1.292685
Gearbox,3.472,0.82713
Gearbox,3.473,0.072697
Gearbox,3.474,-0.522381
Gearbox,3.475,-1.197202
Gearbox,3.476,-0.329176
Gearbox,3.477,0.540973
Gearbox,3.478,-0.245917
Gearbox,3.479,1.369703
Gearbox,3.48,1.515079
Gearbox,3.481,1.410821
Gearbox,3.482,-0.091171
Gearbox,3.483,-1.406382
Gearbox,3.484,0.311929
Gearbox,3.485,0.203542
Gearbox,3.486,-0.350786
Gearbox,3.487,0.926645
Gearbox,3.488,1.225037
Gearbox,3.489,0.380877
Gearbox,3.49,0.286515
Gearbox,3.491,-0.949876
Gearbox,3.492,-0.5265
Gearbox,3.493,0.436132
Gearbox,3.494,-0.038533
Gearbox,3.495,1.243343
Gearbox,3.496,1.514845
Gearbox,3.497,0.972693
Gearbox,3.498,1.287381
Gearbox,3.499,-0.626982
Gearbox,3.5,-1.119274
Gearbox,3.501,0.712843
Gearbox,3.502,0.175981
Gearbox,3.503,-0.035014
Gearbox,3.504,0.622502
Gearbox,3.505,0.805419
Gearbox,3.506,1.49562
Gearbox,3.507,-0.945133
Gearbox,3.508,-0.750256
Gearbox,3.509,-0.175121
Gearbox,3.51,0.064962
Gearbox,3.511,0.33621
Gearbox,3.512,0.308748
Gearbox,3.513,0.880272
Gearbox,3.514,1.532443
Gearbox,3.515,-0.433179
Gearbox,3.516,-0.90696
Gearbox,3.517,-0.266307
Gearbox,3.518,-0.157967
Gearbox,3.519,0.645368
Gearbox,3.52,0.741838
Gearbox,3.521,0.153291
Gearbox,3.522,1.350002
Gearbox,3.523,0.247383
Gearbox,3.524,-1.428198
Gearbox,3.525,-1.341083
Gearbox,3.526,-0.916411
Gearbox,3.527,-0.352707
Gearbox,3.528,-0.110393
Gearbox,3.529,-0.037933
Gearbox,3.53,1.721501
Gearbox,3.531,1.303162
Gearbox,3.532,-0.814722
Gearbox,3.533,-0.542945
Gearbox,3.534,-0.581175
Gearbox,3.535,-0.174796
Gearbox,3.536,0.255467
Gearbox,3.537,0.255408
Gearbox,3.538,1.840333
Gearbox,3.539,1.280462
Gearbox,3.54,-0.121212
Gearbox,3.541,-1.004375
Gearbox,3.542,-1.431177
Gearbox,3.543,-0.584925
Gearbox,3.544,-0.250623
Gearbox,3.545,-0.353351
Gearbox,3.546,0.998919
Gearbox,3.547,1.205939
Gearbox,3.548,0.131678
Gearbox,3.549,-0.445271
Gearbox,3.55,-1.495209
Gearbox,3.551,0.004407
Gearbox,3.552,0.949405
Gearbox,3.553,-0.019771
Gearbox,3.554,0.525544
Gearbox,3.555,0.78143
Gearbox,3.556,0.66395
Gearbox,3.557,0.642066
Gearbox,3.558,-1.203368
Gearbox,3.559,-0.516574
Gearbox,3.56,0.463319
Gearbox,3.561,-0.105792
Gearbox,3.562,1.654573
Gearbox,3.563,1.995613
Gearbox,3.564,1.096445
Gearbox,3.565,0.409037
Gearbox,3.566,-1.062866
Gearbox,3.567,-0.95164
Gearbox,3.568,0.301731
Gearbox,3.569,0.171188
Gearbox,3.57,0.851948
Gearbox,3.571,1.757955
Gearbox,3.572,0.872496
Gearbox,3.573,0.650527
Gearbox,3.574,-0.769572
Gearbox,3.575,-1.483612
Gearbox,3.576,0.056501
Gearbox,3.577,-0.636391
Gearbox,3.578,-0.384081
Gearbox,3.579,0.858492
Gearbox,3.58,1.350487
Gearbox,3.581,1.283333
Gearbox,3.582,-0.231419
Gearbox,3.583,-1.113347
Gearbox,3.584,0.267806
Gearbox,3.585,0.232346
Gearbox,3.586,0.998222
Gearbox,3.587,1.758931
Gearbox,3.588,1.754538
Gearbox,3.589,2.627402
Gearbox,3.59,1.694966
Gearbox,3.591,-1.036954
Gearbox,3.592,0.133756
Gearbox,3.593,-0.260792
Gearbox,3.594,0.171428
Gearbox,3.595,1.009484
Gearbox,3.596,1.374899
Gearbox,3.597,2.207768
Gearbox,3.598,0.86721
Gearbox,3.599,-0.416566
Gearbox,3.6,0.394291
Gearbox,3.601,0.556578
Gearbox,3.602,0.601651
Gearbox,3.603,0.994277
Gearbox,3.604,0.450122
Gearbox,3.605,2.207056
Gearbox,3.606,1.723827
Gearbox,3.607,-0.174685
Gearbox,3.608,0.352176
Gearbox,3.609,-0.153529
Gearbox,3.61,0.724419
Gearbox,3.611,1.241263
Gearbox,3.612,0.751453
Gearbox,3.613,2.562896
Gearbox,3.614,1.985457
Gearbox,3.615,0.247763
Gearbox,3.616,-0.410949
Gearbox,3.617,-0.478456
Gearbox,3.618,0.03786
Gearbox,3.619,1.475328
Gearbox,3.62,1.013964
Gearbox,3.621,1.762262
Gearbox,3.622,2.652122
Gearbox,3.623,0.714898
Gearbox,3.624,0.067378
Gearbox,3.625,-0.876896
Gearbox,3.626,0.36211
Gearbox,3.627,1.666961
Gearbox,3.628,1.188051
Gearbox,3.629,2.027592
Gearbox,3.63,3.417917
Gearbox,3.631,1.853233
Gearbox,3.632,0.54903
Gearbox,3.633,-0.210536
Gearbox,3.634,-0.14245
Gearbox,3.635,0.763656
Gearbox,3.636,0.905362
Gearbox,3.637,1.174009
Gearbox,3.638,1.62791
Gearbox,3.639,0.940842
Gearbox,3.64,0.708257
Gearbox,3.641,-0.284846
Gearbox,3.642,-0.661972
Gearbox,3.643,1.246245
Gearbox,3.644,0.342504
Gearbox,3.645,0.552702
Gearbox,3.646,2.267401
Gearbox,3.647,0.951175
Gearbox,3.648,1.281448
Gearbox,3.649,-0.539547
Gearbox,3.65,-0.845561
Gearbox,3.651,0.455256
Gearbox,3.652,-0.012103
Gearbox,3.653,0.529227
Gearbox,3.654,2.026769
Gearbox,3.655,1.690869
Gearbox,3.656,2.021929
Gearbox,3.657,0.780201
Gearbox,3.658,-0.876874
Gearbox,3.659,1.225264
Gearbox,3.66,0.840907
Gearbox,3.661,0.407107
Gearbox,3.662,1.856031
Gearbox,3.663,1.667144
Gearbox,3.664,1.862752
Gearbox,3.665,0.882305
Gearbox,3.666,-1.388432
Gearbox,3.667,-0.157586
Gearbox,3.668,-0.311035
Gearbox,3.669,-0.185177
Gearbox,3.67,1.153142
Gearbox,3.671,1.235587
Gearbox,3.672,1.80757
Gearbox,3.673,1.254008
Gearbox,3.674,-0.203709
Gearbox,3.675,0.420173
Gearbox,3.676,0.546089
Gearbox,3.677,0.169932
Gearbox,3.678,1.403816
Gearbox,3.679,0.57113
Gearbox,3.68,1.499662
Gearbox,3.681,1.496034
Gearbox,3.682,-0.24935
Gearbox,3.683,-0.453925
Gearbox,3.684,-0.383242
Gearbox,3.685,0.287286
Gearbox,3.686,1.343956
Gearbox,3.687,1.066711
Gearbox,3.688,1.546808
Gearbox,3.689,2.396418
Gearbox,3.69,0.088683
Gearbox,3.691,0.179485
Gearbox,3.692,0.129833
Gearbox,3.693,0.209234
Gearbox,3.694,1.187166
Gearbox,3.695,0.958422
Gearbox,3.696,1.835581
Gearbox,3.697,3.111961
Gearbox,3.698,1.016437
Gearbox,3.699,0.249746
Gearbox,3.7,-0.389035
Gearbox,3.701,-0.752406
Gearbox,3.702,0.580004
Gearbox,3.703,0.285478
Gearbox,3.704,0.285077
Gearbox,3.705,2.453274
Gearbox,3.706,1.408253
Gearbox,3.707,0.007123
Gearbox,3.708,-0.533727
Gearbox,3.709,-1.08928
Gearbox,3.71,-0.077211
Gearbox,3.711,0.424502
Gearbox,3.712,-0.168202
Gearbox,3.713,1.693205
Gearbox,3.714,0.186812
Gearbox,3.715,-0.765877
Gearbox,3.716,-1.138122
Gearbox,3.717,-1.261568
Gearbox,3.718,0.027016
Gearbox,3.719,0.001717
Gearbox,3.72,-0.22544
Gearbox,3.721,1.101931
Gearbox,3.722,1.768076
Gearbox,3.723,0.546406
Gearbox,3.724,0.17928
Gearbox,3.725,-1.213003
Gearbox,3.726,-0.362092
Gearbox,3.727,0.258368
Gearbox,3.728,-0.624278
Gearbox,3.729,1.549191
Gearbox,3.73,1.886162
Gearbox,3.731,0.713842
Gearbox,3.732,0.575531
Gearbox,3.733,-1.304085
Gearbox,3.734,-0.634938
Gearbox,3.735,-0.018295
Gearbox,3.736,-0.279607
Gearbox,3.737,0.839262
Gearbox,3.738,1.572155
Gearbox,3.739,1.438266
Gearbox,3.74,0.273635
Gearbox,3.741,-1.322609
Gearbox,3.742,-0.286429
Gearbox,3.743,0.25802
Gearbox,3.744,-0.42015
Gearbox,3.745,0.265608
Gearbox,3.746,0.703375
Gearbox,3.747,1.265559
Gearbox,3.748,1.281404
Gearbox,3.749,-0.99551
Gearbox,3.75,-1.112701
Gearbox,3.751,0.147227
Gearbox,3.752,-0.278641
Gearbox,3.753,0.557489
Gearbox,3.754,1.007986
Gearbox,3.755,1.358259
Gearbox,3.756,1.415872
Gearbox,3.757,-0.565487
Gearbox,3.758,-0.739561
Gearbox,3.759,-0.127431
Gearbox,3.76,-0.65186
Gearbox,3.761,0.550553
Gearbox,3.762,1.419413
Gearbox,3.763,1.509787
Gearbox,3.764,2.333648
Gearbox,3.765,0.019681
Gearbox,3.766,-0.598046
Gearbox,3.767,0.549571
Gearbox,3.768,-0.267849
Gearbox,3.769,0.794426
Gearbox,3.77,0.482699
Gearbox,3.771,0.974818
Gearbox,3.772,2.693137
Gearbox,3.773,1.247551
Gearbox,3.774,0.084029
Gearbox,3.775,0.605374
Gearbox,3.776,0.682715
Gearbox,3.777,2.016223
Gearbox,3.778,1.659096
Gearbox,3.779,1.553732
Gearbox,3.78,2.779237
Gearbox,3.781,1.636323
Gearbox,3.782,0.337778
Gearbox,3.783,0.220575
Gearbox,3.784,-0.08062
Gearbox,3.785,0.893762
Gearbox,3.786,0.523222
Gearbox,3.787,0.520947
Gearbox,3.788,2.199607
Gearbox,3.789,1.954906
Gearbox,3.79,1.105102
Gearbox,3.791,0.236631
Gearbox,3.792,-0.508628
Gearbox,3.793,0.533828
Gearbox,3.794,0.941966
Gearbox,3.795,0.668925
Gearbox,3.796,2.238521
Gearbox,3.797,2.024365
Gearbox,3.798,0.473502
Gearbox,3.799,0.606672
Gearbox,3.8,-0.950168
Gearbox,3.801,-0.600766
Gearbox,3.802,0.081064
Gearbox,3.803,-0.320326
Gearbox,3.804,1.364409
Gearbox,3.805,1.695934
Gearbox,3.806,0.670772
Gearbox,3.807,-0.234854
Gearbox,3.808,-1.476911
Gearbox,3.809,-1.025104
Gearbox,3.81,0.930353
Gearbox,3.811,-0.224149
Gearbox,3.812,0.53303
Gearbox,3.813,0.761752
Gearbox,3.814,-0.058882
Gearbox,3.815,0.181255
Gearbox,3.816,-0.790488
Gearbox,3.817,-1.02263
Gearbox,3.818,0.751039
Gearbox,3.819,-0.403904
Gearbox,3.82,0.108942
Gearbox,3.821,1.116186
Gearbox,3.822,1.214295
Gearbox,3.823,1.164157
Gearbox,3.824,-0.858551
Gearbox,3.825,-1.411364
Gearbox,3.826,-0.240008
Gearbox,3.827,-0.545263
Gearbox,3.828,-0.006982
Gearbox,3.829,0.642611
Gearbox,3.83,0.715695
Gearbox,3.831,1.543685
Gearbox,3.832,-0.442639
Gearbox,3.833,-1.267946
Gearbox,3.834,-0.054634
Gearbox,3.835,0.183464
Gearbox,3.836,0.117664
Gearbox,3.837,0.591221
Gearbox,3.838,0.843875
Gearbox,3.839,1.479371
Gearbox,3.84,-0.220519
Gearbox,3.841,-1.515498
Gearbox,3.842,-0.826305
Gearbox,3.843,-0.694889
Gearbox,3.844,0.085583
Gearbox,3.845,0.638523
Gearbox,3.846,1.078424
Gearbox,3.847,2.089256
Gearbox,3.848,0.959252
Gearbox,3.849,-0.826371
Gearbox,3.85,-0.594387
Gearbox,3.851,-0.489173
Gearbox,3.852,-0.152985
Gearbox,3.853,0.657023
Gearbox,3.854,0.116316
Gearbox,3.855,1.734745
Gearbox,3.856,1.489877
Gearbox,3.857,-0.623826
Gearbox,3.858,-0.595717
Gearbox,3.859,-0.771335
Gearbox,3.86,-0.021466
Gearbox,3.861,0.707442
Gearbox,3.862,0.486193
Gearbox,3.863,1.299081
Gearbox,3.864,1.50685
Gearbox,3.865,0.021844
Gearbox,3.866,0.013064
Gearbox,3.867,-0.716912
Gearbox,3.868,-0.076139
Gearbox,3.869,1.323231
Gearbox,3.87,0.447946
Gearbox,3.871,1.016929
Gearbox,3.872,2.235016
Gearbox,3.873,0.292183
Gearbox,3.874,-0.291494
Gearbox,3.875,-1.197797
Gearbox,3.876,-0.812239
Gearbox,3.877,0.557313
Gearbox,3.878,-0.087805
Gearbox,3.879,0.975059
Gearbox,3.88,1.950088
Gearbox,3.881,0.487004
Gearbox,3.882,-0.305253
Gearbox,3.883,-0.871443
Gearbox,3.884,-0.879254
Gearbox,3.885,0.45841
Gearbox,3.886,-0.472509
Gearbox,3.887,0.169217
Gearbox,3.888,2.118033
Gearbox,3.889,0.600656
Gearbox,3.89,0.056567
Gearbox,3.891,-0.713941
Gearbox,3.892,-0.703572
Gearbox,3.893,0.044361
Gearbox,3.894,-0.128819
Gearbox,3.895,0.327449
Gearbox,3.896,1.48234
Gearbox,3.897,0.8898
Gearbox,3.898,0.521438
Gearbox,3.899,-0.541015
Gearbox,3.9,-1.414362
Gearbox,3.901,-0.1123
Gearbox,3.902,-0.565452
Gearbox,3.903,-0.548789
Gearbox,3.904,1.099523
Gearbox,3.905,1.210589
Gearbox,3.906,1.215275
Gearbox,3.907,-0.378949
Gearbox,3.908,-1.660472
Gearbox,3.909,-0.338082
Gearbox,3.91,0.007599
Gearbox,3.911,-0.260795
Gearbox,3.912,1.102177
Gearbox,3.913,1.356322
Gearbox,3.914,1.502326
Gearbox,3.915,0.73881
Gearbox,3.916,-1.027368
Gearbox,3.917,-0.203958
Gearbox,3.918,-0.130746
Gearbox,3.919,-0.332155
Gearbox,3.92,0.477872
Gearbox,3.921,0.161489
Gearbox,3.922,1.155619
Gearbox,3.923,0.860674
Gearbox,3.924,-1.53009
Gearbox,3.925,-1.304896
Gearbox,3.926,-0.551285
Gearbox,3.927,-0.340562
Gearbox,3.928,1.02369
Gearbox,3.929,0.60411
Gearbox,3.93,1.159425
Gearbox,3.931,1.325571
Gearbox,3.932,-0.859249
Gearbox,3.933,-1.442014
Gearbox,3.934,-1.328253
Gearbox,3.935,-1.257479
Gearbox,3.936,0.337654
Gearbox,3.937,-0.154386
Gearbox,3.938,1.002282
Gearbox,3.939,1.994012
Gearbox,3.94,-0.389681
Gearbox,3.941,-0.925463
Gearbox,3.942,-0.850822
Gearbox,3.943,-1.465371
Gearbox,3.944,0.196712
Gearbox,3.945,0.151839
Gearbox,3.946,0.20886
Gearbox,3.947,1.893503
Gearbox,3.948,-0.122763
Gearbox,3.949,-0.898118
Gearbox,3.95,-0.795062
Gearbox,3.951,-1.100335
Gearbox,3.952,0.459086
Gearbox,3.953,-0.425565
Gearbox,3.954,0.239575
Gearbox,3.955,1.771874
Gearbox,3.956,0.418278
Gearbox,3.957,-1.111986
Gearbox,3.958,-0.916013
Gearbox,3.959,-1.085763
Gearbox,3.96,-0.371616
Gearbox,3.961,-0.443703
Gearbox,3.962,-0.616525
Gearbox,3.963,1.102926
Gearbox,3.964,0.703729
Gearbox,3.965,-0.527628
Gearbox,3.966,-1.24651
Gearbox,3.967,-1.720538
Gearbox,3.968,-0.556698
Gearbox,3.969,-0.298879
Gearbox,3.97,-0.790027
Gearbox,3.971,0.926959
Gearbox,3.972,0.838802
Gearbox,3.973,-0.557832
Gearbox,3.974,-1.097848
Gearbox,3.975,-2.362595
Gearbox,3.976,-0.990564
Gearbox,3.977,-0.651557
Gearbox,3.978,-1.136902
Gearbox,3.979,0.386506
Gearbox,3.98,1.29629
Gearbox,3.981,0.306046
Gearbox,3.982,0.147759
Gearbox,3.983,-2.228917
Gearbox,3.984,-0.786154
Gearbox,3.985,0.035441
Gearbox,3.986,-0.648998
Gearbox,3.987,0.842701
Gearbox,3.988,0.227409
Gearbox,3.989,0.296767
Gearbox,3.99,-0.104755
Gearbox,3.991,-1.742929
Gearbox,3.992,-1.061767
Gearbox,3.993,-0.651812
Gearbox,3.994,-1.658637
Gearbox,3.995,0.190124
Gearbox,3.996,0.206696
Gearbox,3.997,0.925059
Gearbox,3.998,0.846903
Gearbox,3.999,-1.571311
Gearbox,4.0,-1.298749
Gearbox,4.001,-0.17753
Gearbox,4.002,-0.823741
Gearbox,4.003,-0.283418
Gearbox,4.004,0.60729
Gearbox,4.005,0.351603
Gearbox,4.006,0.933312
Gearbox,4.007,-0.755691
Gearbox,4.008,-1.50504
Gearbox,4.009,-0.499008
Gearbox,4.01,-0.886465
Gearbox,4.011,0.161987
Gearbox,4.012,-0.411221
Gearbox,4.013,-0.418944
Gearbox,4.014,1.076518
Gearbox,4.015,-0.138118
Gearbox,4.016,-1.333499
Gearbox,4.017,-0.924125
Gearbox,4.018,-1.337911
Gearbox,4.019,0.169924
Gearbox,4.02,0.057251
Gearbox,4.021,0.591734
Gearbox,4.022,1.490056
Gearbox,4.023,0.107584
Gearbox,4.024,-0.935233
Gearbox,4.025,-0.804045
Gearbox,4.026,-1.362918
Gearbox,4.027,-0.418518
Gearbox,4.028,-0.374412
Gearbox,4.029,-0.349235
Gearbox,4.03,1.172761
Gearbox,4.031,0.032336
Gearbox,4.032,-1.170181
Gearbox,4.033,-0.551916
Gearbox,4.034,-1.417892
Gearbox,4.035,-0.951399
Gearbox,4.036,0.023146
Gearbox,4.037,-0.500427
Gearbox,4.038,1.503075
Gearbox,4.039,1.164177
Gearbox,4.04,-0.441803
Gearbox,4.041,-0.28121
Gearbox,4.042,-1.251644
Gearbox,4.043,-0.510286
Gearbox,4.044,0.213498
Gearbox,4.045,-0.216437
Gearbox,4.046,1.081233
Gearbox,4.047,0.756381
Gearbox,4.048,-0.862196
Gearbox,4.049,-0.808233
Gearbox,4.05,-2.115322
Gearbox,4.051,-1.467605
Gearbox,4.052,-0.933802
Gearbox,4.053,-1.599918
Gearbox,4.054,0.664972
Gearbox,4.055,1.28599
Gearbox,4.056,0.238879
Gearbox,4.057,-0.203847
Gearbox,4.058,-1.733881
Gearbox,4.059,-1.434108
Gearbox,4.06,-0.181467
Gearbox,4.061,-0.984224
Gearbox,4.062,0.332305
Gearbox,4.063,0.932549
Gearbox,4.064,-0.004221
Gearbox,4.065,-0.184863
Gearbox,4.066,-1.876426
Gearbox,4.067,-1.680878
Gearbox,4.068,0.114928
Gearbox,4.069,-0.946085
Gearbox,4.07,-0.4214
Gearbox,4.071,1.441631
Gearbox,4.072,0.649237
Gearbox,4.073,0.774654
Gearbox,4.074,-0.927298
Gearbox,4.075,-1.39468
Gearbox,4.076,-0.422443
Gearbox,4.077,-1.33699
Gearbox,4.078,-0.37718
Gearbox,4.079,0.422673
Gearbox,4.08,0.327854
Gearbox,4.081,0.62509
Gearbox,4.082,-0.405488
Gearbox,4.083,-1.327725
Gearbox,4.084,-0.363069
Gearbox,4.085,-0.342048
Gearbox,4.086,-0.501574
Gearbox,4.087,1.053949
Gearbox,4.088,0.50688
Gearbox,4.089,1.952377
Gearbox,4.09,0.056479
Gearbox,4.091,-1.542773
Gearbox,4.092,-0.554736
Gearbox,4.093,-1.314136
Gearbox,4.094,-0.449819
Gearbox,4.095,0.943085
